area_type,availability,location,size,total_sqft,bath,balcony,price,bhk,price_inr,price_per_sqft
Built-up  Area,Ready To Move,Indiranagar,1 Bedroom,477.5,2.0,0.0,61.59,1,6159000.0,12898.429319371728
Super built-up  Area,19-Mar,Whitefield,5 BHK,2740.61,5.0,1.0,169.3,5,16930000.0,6177.456843549428
Super built-up  Area,Ready To Move,Koramangala,2 BHK,861.0,2.0,1.0,117.0,2,11700000.0,13588.850174216028
Super built-up  Area,19-May,Domlur,2 BHK,1144.0,2.0,2.0,102.64,2,10264000.0,8972.027972027972
Super built-up  Area,Ready To Move,Harlur Colony,2 BHK,1239.11,2.0,2.0,129.02,2,12902000.000000002,10412.312062690158
Built-up  Area,Ready To Move,Domlur,2 Bedroom,1014.0,2.0,0.0,105.66,2,10566000.0,10420.118343195267
Carpet  Area,Ready To Move,Bellandur,2 BHK,851.0,1.0,0.0,54.45,2,5445000.0,6398.354876615746
Carpet  Area,Ready To Move,Koramangala,5 BHK,3331.0,4.0,2.0,449.4,5,44940000.0,13491.444010807565
Super built-up  Area,19-May,Sarjapur Road,2 BHK,1118.9475,3.0,2.0,60.44,2,6044000.0,5401.50453886353
Super built-up  Area,Ready To Move,Yelahanka,4 BHK,2509.710924,4.0,1.0,101.0,4,10100000.0,4024.3678677951198
Super built-up  Area,Ready To Move,Hsr Layout,3 BHK,1459.0,3.0,0.0,122.19,3,12219000.0,8374.914324880056
Super built-up  Area,Ready To Move,Nallurhalli Township,3 BHK,1993.0,3.0,1.0,91.79,3,9179000.0,4605.619668840944
Super built-up  Area,Ready To Move,Kanakapura Road,1 Bedroom,733.09,1.0,1.0,35.21,1,3521000.0,4802.957344937184
Built-up  Area,Ready To Move,Electronic City,2 BHK,1096.0,1.0,0.0,41.06,2,4106000.0,3746.3503649635036
Built-up  Area,Ready To Move,Gunjur Stage 2,2 Bedroom,1458.0,3.0,2.0,128.7,2,12869999.999999998,8827.16049382716
Super built-up  Area,Ready To Move,Whitefield,1 Bedroom,639.0,1.0,1.0,35.74,1,3574000.0,5593.114241001565
Built-up  Area,Ready To Move,Kr Puram,4 BHK,2556.73,3.0,1.0,96.51,4,9651000.0,3774.74352004318
Carpet  Area,Ready To Move,Jp Nagar,1 BHK,408.0,1.0,1.0,26.07,1,2607000.0,6389.705882352941
Super built-up  Area,Ready To Move,Mahadevapura Nagar,3 Bedroom,1684.65,3.0,1.0,76.36,3,7636000.0,4532.692250615854
Super built-up  Area,Ready To Move,Gunjur Colony,3 BHK,1348.73,2.0,1.0,60.95,3,6095000.0,4519.066084390501
Super built-up  Area,Ready To Move,Btm Layout,3 BHK,1380.3075000000001,2.0,1.0,94.94,3,9494000.0,6878.177507548136
Super built-up  Area,Ready To Move,Marathahalli,2 BHK,1139.5,2.0,2.0,72.87,2,7287000.0,6394.910048266784
Super built-up  Area,Ready To Move,Nagarbhavi Main Road,2 BHK,1056.33,1.0,3.0,40.12,2,4011999.9999999995,3798.0555318887086
Super built-up  Area,Ready To Move,Hebbal,4 BHK,2370.0,4.0,0.0,155.27,4,15527000.000000002,6551.476793248946
Super built-up  Area,18-Dec,Subramanyapura Main Road,2 BHK,975.15,3.0,2.0,67.02,2,6702000.0,6872.788801722812
Super built-up  Area,Ready To Move,Sarjapur Road,4 BHK,1869.43,4.0,1.0,97.57,4,9757000.0,5219.23794953542
Carpet  Area,18-Jun,Kengeri,2 BHK,964.0148839999999,1.0,1.0,44.59,2,4459000.0,4625.447256061246
Built-up  Area,Ready To Move,Hsr Layout,2 BHK,1017.78,2.0,1.0,84.68,2,8468000.0,8320.069170154651
Super built-up  Area,Ready To Move,Nallurhalli Nagar,3 BHK,1989.0,3.0,0.0,79.46,3,7945999.999999999,3994.972347913524
Built-up  Area,18-Dec,Kaggadasapura Layout,4 BHK,2472.0,4.0,0.0,98.67,4,9867000.0,3991.5048543689322
Built-up  Area,Ready To Move,Marathahalli,3 Bedroom,1488.0,3.0,2.0,95.95,3,9595000.0,6448.252688172043
Built-up  Area,19-May,Rajaji Nagar,2 BHK,871.2,3.0,0.0,81.07,2,8106999.999999999,9305.555555555555
Super built-up  Area,Ready To Move,Kaggadasapura Cross,2 BHK,1182.306776,2.0,3.0,72.34,2,7234000.0,6118.547357458434
Super built-up  Area,19-Aug,Rajaji Nagar,1 BHK,470.44800000000004,2.0,0.0,42.19,1,4219000.0,8968.047478148488
Super built-up  Area,18-Nov,Uttarahalli,2 BHK,1208.0,2.0,1.0,50.01,2,5001000.0,4139.900662251655
Built-up  Area,19-May,Old Airport Road Colony,2 BHK,908.0,3.0,3.0,50.2,2,5020000.0,5528.63436123348
Built-up  Area,18-Nov,Kaggadasapura Layout,5 BHK,3173.0,4.0,3.0,124.3,5,12430000.0,3917.4283012921524
Super built-up  Area,Ready To Move,Yelahanka,2 BHK,1219.0,1.0,1.0,65.78,2,6578000.0,5396.226415094339
Built-up  Area,Ready To Move,Indiranagar,2 BHK,1175.5,2.0,1.0,141.79,2,14179000.0,12062.101233517653
Super built-up  Area,19-May,Btm Layout,2 BHK,1196.39,2.0,2.0,72.26,2,7226000.000000001,6039.836508162054
Super built-up  Area,19-Mar,Marathahalli,1 BHK,591.153388,1.0,2.0,44.16,1,4416000.0,7470.14241928019
Super built-up  Area,Ready To Move,Varthur,2 BHK,1393.77,2.0,1.0,52.14,2,5214000.0,3740.9328655373556
Built-up  Area,Ready To Move,Domlur,3 BHK,2004.19,3.0,0.0,204.36,3,20436000.0,10196.638043299288
Super built-up  Area,Ready To Move,Kr Puram,4 BHK,2010.0,5.0,2.0,97.61,4,9761000.0,4856.218905472637
Built-up  Area,18-Nov,Kengeri,1 BHK,634.5,2.0,2.0,25.11,1,2511000.0,3957.446808510638
Super built-up  Area,Ready To Move,Malleshwaram,5 BHK,3246.0,4.0,1.0,339.37,5,33937000.0,10455.02156500308
Super built-up  Area,Ready To Move,Vishveshwarya Layout Enclave,1 BHK,645.5,1.0,2.0,69.64,1,6964000.0,10788.536018590241
Plot  Area,Ready To Move,Nagarbhavi Colony,3 BHK,1742.4,3.0,2.0,88.97,3,8897000.0,5106.1753902662995
Carpet  Area,Ready To Move,Hebbal,2 BHK,1261.0,1.0,3.0,93.42,2,9342000.0,7408.406026962728
Super built-up  Area,19-Mar,Yelenahalli Township,2 BHK,1336.22,3.0,1.0,57.83,2,5783000.0,4327.880139497986
Carpet  Area,18-Dec,Malleshwaram,1 BHK,518.5,2.0,2.0,52.02,1,5202000.0,10032.786885245901
Super built-up  Area,Ready To Move,Vijayanagar,3 BHK,1247.0,3.0,2.0,74.33,3,7433000.0,5960.705693664796
Built-up  Area,Ready To Move,Kanakapura Road,1 BHK,637.0,1.0,2.0,25.52,1,2552000.0,4006.2794348508633
Plot  Area,Ready To Move,Marathahalli,1 BHK,614.196,1.0,1.0,38.27,1,3827000.0000000005,6230.910002670158
Super built-up  Area,Ready To Move,Varthur,1 Bedroom,497.0,1.0,2.0,21.75,1,2175000.0,4376.25754527163
Carpet  Area,Ready To Move,Marathahalli,3 BHK,1443.0,3.0,1.0,104.2,3,10420000.0,7221.067221067221
Carpet  Area,Ready To Move,Rajaji Nagar,2 BHK,903.0,1.0,2.0,84.78,2,8478000.0,9388.704318936878
Super built-up  Area,Ready To Move,Whitefield,5 Bedroom,2994.0,5.0,2.0,173.9,5,17390000.0,5808.283233132933
Super built-up  Area,Ready To Move,Bellandur,3 BHK,1828.0,3.0,2.0,119.56,3,11956000.0,6540.481400437637
Built-up  Area,19-Aug,Hebbal,5 BHK,2613.6,5.0,1.0,207.66,5,20766000.0,7945.362718089991
Plot  Area,Ready To Move,Sarjapur Road,5 BHK,2625.0,5.0,1.0,153.41,5,15341000.0,5844.190476190476
Plot  Area,Ready To Move,Akshaya Nagar Extension,1 BHK,694.84,2.0,2.0,30.22,1,3022000.0,4349.202694145414
Built-up  Area,Ready To Move,Electronic City,4 BHK,2757.348,3.0,1.0,116.52,4,11652000.0,4225.7995726328345
Built-up  Area,Ready To Move,Sathanur Gardens,3 BHK,2076.0,4.0,0.0,98.6,3,9860000.0,4749.518304431599
Plot  Area,Ready To Move,Banashankari,4 BHK,2690.0,4.0,0.0,201.88,4,20188000.0,7504.832713754647
Super built-up  Area,Ready To Move,Basavanagudi,2 BHK,1256.0,1.0,3.0,131.9,2,13190000.0,10501.592356687897
Super built-up  Area,Ready To Move,Basavanagudi,3 BHK,1380.0,4.0,2.0,130.24,3,13024000.0,9437.68115942029
Super built-up  Area,Ready To Move,Sarjapur Road,2 BHK,1030.0,2.0,1.0,51.17,2,5117000.0,4967.961165048544
Super built-up  Area,18-Dec,Kanakapura Road,4 Bedroom,2622.312,4.0,1.0,108.43,4,10843000.0,4134.90080509108
Super built-up  Area,Ready To Move,Koramangala,1 Bedroom,491.0,1.0,2.0,54.25,1,5425000.0,11048.87983706721
Super built-up  Area,Ready To Move,Sarjapur Road,2 BHK,902.0,3.0,1.0,49.37,2,4937000.0,5473.392461197339
Plot  Area,18-Dec,Kr Puram,3 BHK,1878.0,3.0,2.0,88.58,3,8858000.0,4716.719914802982
Super built-up  Area,19-May,Kr Puram,3 BHK,1775.0,4.0,3.0,72.27,3,7227000.0,4071.549295774648
Super built-up  Area,19-Mar,Jp Nagar,2 Bedroom,871.2,2.0,2.0,64.42,2,6442000.0,7394.398530762167
Built-up  Area,Ready To Move,Jayanagar,2 BHK,1183.86,1.0,0.0,120.44,2,12044000.0,10173.500244961398
Built-up  Area,19-Mar,Kr Puram,1 BHK,860.5,1.0,0.0,44.39,1,4439000.0,5158.62870424172
Built-up  Area,Ready To Move,Btm Layout,2 BHK,1236.0,1.0,0.0,68.07,2,6806999.999999999,5507.281553398057
Super built-up  Area,18-Jun,Vijayanagar,2 BHK,916.0,2.0,3.0,58.57,2,5857000.0,6394.10480349345
Super built-up  Area,Ready To Move,Marathahalli,2 BHK,871.2,2.0,3.0,49.26,2,4926000.0,5654.269972451791
Super built-up  Area,Ready To Move,Marathahalli,2 Bedroom,994.5,3.0,2.0,66.16,2,6616000.0,6652.5892408245345
Super built-up  Area,Ready To Move,Yeshwanthpur,4 BHK,2686.0,4.0,2.0,208.54,4,20854000.0,7763.961280714818
Super built-up  Area,Ready To Move,Other,2 Bedroom,1074.5,3.0,2.0,86.67,2,8667000.0,8066.07724523034
Built-up  Area,Ready To Move,Jp Nagar,1 BHK,441.0,1.0,0.0,32.9,1,3290000.0,7460.31746031746
Super built-up  Area,Ready To Move,Indiranagar,2 BHK,1215.0,1.0,0.0,140.52,2,14052000.000000002,11565.432098765434
Built-up  Area,19-Aug,Hsr Layout,1 Bedroom,532.0,1.0,0.0,45.28,1,4528000.0,8511.278195488721
Super built-up  Area,Ready To Move,Chandapura Extension,3 BHK,1975.5,3.0,3.0,181.76,3,18176000.0,9200.708681346494
Super built-up  Area,18-Nov,Pattandur Agrahara Colony,4 BHK,1803.0,4.0,3.0,106.88,4,10688000.0,5927.89794786467
Super built-up  Area,Ready To Move,Sarjapur Road,3 BHK,1758.41,3.0,1.0,101.48,3,10148000.0,5771.122775689401
Plot  Area,18-Nov,Kadugodi Gardens,2 BHK,1063.5,2.0,1.0,39.48,2,3947999.9999999995,3712.270803949224
Super built-up  Area,Ready To Move,Yeshwanthpur,3 BHK,1782.0,3.0,2.0,111.3,3,11130000.0,6245.791245791246
Super built-up  Area,18-Dec,Attibele Phase 2,3 Bedroom,1878.31,2.0,2.0,165.1,3,16510000.0,8789.816377488274
Built-up  Area,19-Aug,Cv Raman Nagar,2 BHK,1413.0,2.0,1.0,89.97,2,8997000.0,6367.303609341826
Built-up  Area,18-Dec,Yelahanka,3 Bedroom,1723.3425,4.0,1.0,73.16,3,7316000.0,4245.238540800799
Carpet  Area,Ready To Move,Uttarahalli,2 BHK,848.31,2.0,1.0,32.64,2,3264000.0,3847.650033596209
Super built-up  Area,Ready To Move,Frazer Town,2 BHK,1333.26,2.0,0.0,129.79,2,12979000.0,9734.785413197726
Plot  Area,Ready To Move,Frazer Town,3 BHK,1759.28,2.0,2.0,173.38,3,17338000.0,9855.168023282253
Built-up  Area,Ready To Move,Pattandur Agrahara Phase 2,3 BHK,1873.99,2.0,2.0,91.43,3,9143000.0,4878.894764646556
Carpet  Area,Ready To Move,Ramamurthy Nagar Cross,4 Bedroom,2729.0,4.0,3.0,164.46,4,16446000.0,6026.383290582631
Super built-up  Area,Ready To Move,Talaghattapura Stage 2,2 Bedroom,1080.0,2.0,1.0,117.0,2,11700000.0,10833.333333333334
Super built-up  Area,Ready To Move,Electronic City,2 BHK,1306.0,1.0,1.0,43.96,2,4396000.0,3366.0030627871365
Super built-up  Area,Ready To Move,Nagavara Enclave,2 BHK,1149.0,3.0,0.0,39.05,2,3904999.9999999995,3398.6074847693644
Super built-up  Area,Ready To Move,Jp Nagar,2 BHK,1342.5,2.0,1.0,88.31,2,8831000.0,6578.026070763501
Built-up  Area,Ready To Move,Btm Layout,4 BHK,2892.0,4.0,0.0,148.59,4,14859000.0,5137.9668049792535
Super built-up  Area,Ready To Move,Whitefield,3 Bedroom,2142.0,4.0,0.0,107.74,3,10774000.0,5029.878618113912
Built-up  Area,Ready To Move,Vasanthapura Nagar,3 Bedroom,1891.5,3.0,1.0,95.07,3,9507000.0,5026.169706582078
Super built-up  Area,Ready To Move,Jayanagar,4 BHK,2816.0,4.0,0.0,242.08,4,24208000.0,8596.59090909091
Plot  Area,Ready To Move,Basavanagudi,3 BHK,1663.0,2.0,3.0,150.91,3,15091000.0,9074.564040889958
Super built-up  Area,Ready To Move,Sarjapur Enclave,2 BHK,1061.0,2.0,0.0,32.31,2,3231000.0,3045.2403393025447
Super built-up  Area,Ready To Move,Whitefield,2 BHK,1314.0,3.0,0.0,87.85,2,8785000.0,6685.692541856925
Super built-up  Area,Ready To Move,Jp Nagar,2 Bedroom,963.36,2.0,1.0,64.48,2,6448000.0,6693.240325527321
Built-up  Area,18-Nov,Yeshwanthpur,2 BHK,1017.0,1.0,3.0,63.12,2,6312000.0,6206.489675516224
Super built-up  Area,Ready To Move,Yelenahalli Layout,4 BHK,2375.0,5.0,1.0,121.49,4,12149000.0,5115.368421052632
Built-up  Area,Ready To Move,Btm Layout,2 BHK,960.0,3.0,1.0,63.15,2,6315000.0,6578.125
Super built-up  Area,Ready To Move,Yelahanka,2 BHK,888.3,3.0,1.0,40.46,2,4046000.0,4554.767533490938
Super built-up  Area,19-May,Whitefield,4 BHK,2021.0,3.0,2.0,103.47,4,10347000.0,5119.742701632855
Super built-up  Area,Ready To Move,Uttarahalli,3 Bedroom,1828.0,2.0,0.0,79.7,3,7970000.0,4359.956236323851
Built-up  Area,18-Jun,Hsr Layout,4 Bedroom,2870.0,4.0,2.0,250.25,4,25025000.0,8719.512195121952
Super built-up  Area,Ready To Move,Banashankari,1 BHK,646.13,1.0,3.0,36.57,1,3657000.0,5659.851732623466
Super built-up  Area,Ready To Move,Rt Nagar,2 BHK,1024.0,3.0,0.0,55.53,2,5553000.0,5422.8515625
Super built-up  Area,Ready To Move,Kr Puram,3 BHK,1435.0,3.0,0.0,60.43,3,6043000.0,4211.149825783972
Super built-up  Area,Ready To Move,Sarjapur Road,3 BHK,2248.0,2.0,2.0,125.17,3,12517000.0,5568.0604982206405
Super built-up  Area,18-Dec,Yelahanka,3 BHK,1920.0,3.0,1.0,96.5,3,9650000.0,5026.041666666667
Super built-up  Area,Ready To Move,Rt Nagar,2 Bedroom,1038.0,2.0,2.0,60.58,2,6058000.0,5836.223506743738
Carpet  Area,Ready To Move,Whitefield Hope Farm Enclave,2 Bedroom,1136.94,2.0,2.0,63.73,2,6373000.0,5605.396942670677
Super built-up  Area,Ready To Move,Sarjapur Enclave,1 BHK,703.39,1.0,2.0,26.11,1,2611000.0,3712.0232019221203
Carpet  Area,19-May,Vijayanagar,4 BHK,2676.0,4.0,2.0,164.26,4,16426000.0,6138.2660687593425
Super built-up  Area,Ready To Move,Sarjapur Enclave,2 BHK,1246.0,3.0,0.0,45.29,2,4529000.0,3634.8314606741574
Super built-up  Area,Ready To Move,Sompura Main Road,1 BHK,607.0,2.0,0.0,37.54,1,3754000.0,6184.514003294893
Super built-up  Area,Ready To Move,Sarjapur Road,3 BHK,1863.0,3.0,3.0,93.13,3,9313000.0,4998.926462694579
Built-up  Area,Ready To Move,Bannerghatta Road,3 BHK,1881.88,3.0,1.0,99.52,3,9952000.0,5288.328692584011
Super built-up  Area,Ready To Move,Varthur,3 BHK,1376.0,3.0,0.0,71.1,3,7109999.999999999,5167.151162790697
Super built-up  Area,19-Mar,Kaggadasapura Block,2 BHK,986.0,2.0,0.0,59.84,2,5984000.0,6068.9655172413795
Super built-up  Area,Ready To Move,Bannerghatta Road,2 BHK,936.0,2.0,0.0,45.21,2,4521000.0,4830.128205128205
Carpet  Area,Ready To Move,Sarjapur Enclave,2 Bedroom,1199.72,1.0,1.0,45.45,2,4545000.0,3788.38395625646
Super built-up  Area,Ready To Move,Jp Nagar,4 BHK,2700.0,4.0,2.0,219.34,4,21934000.0,8123.7037037037035
Built-up  Area,Ready To Move,Jp Nagar,2 BHK,1349.0,2.0,0.0,85.59,2,8559000.0,6344.6997776130465
Built-up  Area,Ready To Move,Kanakapura Road,1 BHK,661.0,1.0,0.0,24.42,1,2442000.0,3694.4024205748865
Super built-up  Area,Ready To Move,Nagarbhavi Colony,2 Bedroom,893.0,2.0,1.0,43.52,2,4352000.0,4873.4602463605825
Plot  Area,18-Jun,Banashankari,3 Bedroom,1938.0,3.0,3.0,122.5,3,12250000.0,6320.949432404541
Built-up  Area,Ready To Move,Yelahanka,2 BHK,884.0,3.0,1.0,41.39,2,4139000.0,4682.126696832579
Super built-up  Area,18-Jun,Uttarahalli,1 BHK,368.0,2.0,2.0,12.82,1,1282000.0,3483.695652173913
Plot  Area,19-Aug,Kaggadasapura Cross,2 BHK,1062.5,3.0,0.0,67.9,2,6790000.000000001,6390.588235294119
Super built-up  Area,Ready To Move,Kr Puram,2 BHK,1302.0,2.0,0.0,62.36,2,6236000.0,4789.5545314900155
Built-up  Area,Ready To Move,Doddakannelli Enclave,3 BHK,1424.0,3.0,2.0,136.69,3,13669000.0,9599.016853932584
Plot  Area,Ready To Move,Yeshwanthpur,4 Bedroom,1868.0,4.0,1.0,131.87,4,13187000.0,7059.421841541756
Super built-up  Area,18-Jun,Nagarbhavi Gardens,3 Bedroom,1490.0,2.0,2.0,160.06,3,16006000.0,10742.28187919463
Built-up  Area,19-May,Devanahalli Nagar,4 BHK,2069.1,5.0,1.0,111.41,4,11141000.0,5384.466676332705
Super built-up  Area,Ready To Move,Indiranagar,3 BHK,1842.0,3.0,3.0,244.34,3,24434000.0,13264.929424538544
Super built-up  Area,18-Nov,Hebbal,3 BHK,1709.0,3.0,2.0,119.22,3,11922000.0,6976.009362200117
Built-up  Area,Ready To Move,Kengeri,3 BHK,2127.0,2.0,0.0,85.14,3,8514000.0,4002.820874471086
Carpet  Area,Ready To Move,Uttarahalli,5 BHK,3484.8,4.0,3.0,114.54,5,11454000.0,3286.845730027548
Super built-up  Area,19-Aug,Marathahalli,4 BHK,2569.14,4.0,1.0,160.37,4,16037000.0,6242.166639420196
Built-up  Area,Ready To Move,Electronic City,4 BHK,1942.0,5.0,1.0,85.24,4,8524000.0,4389.289392378991
Super built-up  Area,Ready To Move,Sathanur Enclave,2 BHK,920.99,2.0,1.0,59.88,2,5988000.0,6501.699258406715
Super built-up  Area,Ready To Move,Kengeri,2 BHK,1331.5,1.0,0.0,50.65,2,5065000.0,3803.980473150582
Built-up  Area,18-Nov,Varthur,5 BHK,2738.0,5.0,2.0,117.13,5,11713000.0,4277.940102264427
Super built-up  Area,Ready To Move,Electronic City,4 Bedroom,2126.0,4.0,2.0,94.54,4,9454000.0,4446.848541862653
Super built-up  Area,Ready To Move,Marathahalli,2 BHK,1233.2925,2.0,2.0,91.43,2,9143000.0,7413.488689828244
Built-up  Area,Ready To Move,Varthur,1 BHK,592.416,1.0,3.0,27.86,1,2786000.0,4702.776427375357
Super built-up  Area,18-Jun,Hebbal,3 BHK,1742.4,3.0,1.0,131.71,3,13171000.0,7559.113865932048
Built-up  Area,Ready To Move,Varthur,1 BHK,542.0,1.0,2.0,20.55,1,2055000.0,3791.512915129151
Built-up  Area,Ready To Move,Electronic City,1 BHK,413.0,1.0,0.0,16.78,1,1678000.0,4062.953995157385
Super built-up  Area,18-Nov,Thanisandra Phase 1,3 Bedroom,1401.0,4.0,2.0,47.58,3,4758000.0,3396.1456102783727
Built-up  Area,Ready To Move,Kengeri,3 BHK,1703.71,3.0,1.0,61.29,3,6129000.0,3597.4432268402484
Super built-up  Area,Ready To Move,Kengeri,3 BHK,1930.0,3.0,0.0,77.13,3,7713000.0,3996.373056994819
Carpet  Area,Ready To Move,Yelahanka,2 BHK,1058.0,2.0,1.0,50.05,2,5005000.0,4730.62381852552
Super built-up  Area,Ready To Move,Hennur,2 BHK,1177.0,2.0,2.0,78.85,2,7884999.999999999,6699.2353440951565
Super built-up  Area,Ready To Move,Uttarahalli,3 Bedroom,1478.86,4.0,0.0,61.51,3,6151000.0,4159.2848545501265
Built-up  Area,Ready To Move,Doddakannelli Enclave,1 Bedroom,572.0,1.0,1.0,56.59,1,5659000.0,9893.356643356643
Built-up  Area,Ready To Move,Electronic City,4 BHK,2035.92,5.0,2.0,106.05,4,10605000.0,5208.94730637746
Super built-up  Area,18-Nov,Varthur,4 Bedroom,2788.0,4.0,1.0,135.69,4,13569000.0,4866.929698708752
Super built-up  Area,19-Aug,Rt Nagar,2 BHK,1346.0,3.0,2.0,79.92,2,7992000.0,5937.592867756315
Carpet  Area,Ready To Move,Yeshwanthpur,2 BHK,1332.0,2.0,2.0,90.17,2,9017000.0,6769.519519519519
Plot  Area,Ready To Move,Bellandur,2 Bedroom,1302.0,2.0,1.0,85.89,2,8589000.0,6596.774193548387
Super built-up  Area,Ready To Move,Btm Layout,2 BHK,1442.5,2.0,2.0,104.93,2,10493000.0,7274.176776429809
Super built-up  Area,Ready To Move,Indiranagar,1 BHK,585.0,1.0,2.0,77.19,1,7719000.0,13194.871794871795
Super built-up  Area,19-Mar,Vishveshwarya Layout Enclave,3 BHK,1993.0,3.0,3.0,200.6,3,20060000.0,10065.228299046663
Carpet  Area,Ready To Move,Marathahalli,2 BHK,1242.0,2.0,1.0,69.49,2,6948999.999999999,5595.00805152979
Super built-up  Area,Ready To Move,Electronic City,2 BHK,1310.0,1.0,0.0,54.5,2,5450000.0,4160.305343511451
Super built-up  Area,19-May,Bellandur,3 BHK,1893.0,4.0,3.0,119.09,3,11909000.0,6291.072371896461
Built-up  Area,Ready To Move,Koramangala,3 BHK,1984.0,3.0,2.0,300.26,3,30026000.0,15134.072580645161
Built-up  Area,Ready To Move,Yeshwanthpur,2 BHK,1277.5,1.0,0.0,85.99,2,8599000.0,6731.115459882583
Plot  Area,18-Nov,Vasanthapura Extension,1 BHK,648.91,1.0,3.0,62.97,1,6297000.0,9703.965110724137
Super built-up  Area,18-Jun,Harlur Nagar,3 BHK,2139.0,3.0,1.0,201.61,3,20161000.0,9425.432445067789
Built-up  Area,Ready To Move,Hennur,3 Bedroom,1333.61,3.0,1.0,85.3,3,8530000.0,6396.172794145215
Super built-up  Area,Ready To Move,Btm Layout,3 BHK,1764.0,3.0,2.0,102.04,3,10204000.0,5784.580498866213
Super built-up  Area,18-Nov,Hennur,2 BHK,1279.9,3.0,1.0,67.84,2,6784000.0,5300.4140948511595
Super built-up  Area,Ready To Move,Yelenahalli Extension,3 Bedroom,1601.0,4.0,0.0,76.26,3,7626000.000000001,4763.272954403498
Built-up  Area,Ready To Move,Malleshwaram,2 Bedroom,1437.5,1.0,0.0,189.59,2,18959000.0,13188.869565217392
Carpet  Area,Ready To Move,Chandapura Main Road,3 BHK,1440.0,3.0,3.0,134.42,3,13441999.999999998,9334.72222222222
Super built-up  Area,19-May,Electronic City,4 BHK,2260.5,5.0,1.0,91.73,4,9173000.0,4057.9517805795176
Super built-up  Area,Ready To Move,Bannerghatta Road,3 Bedroom,1831.0,4.0,0.0,95.76,3,9576000.0,5229.92900054615
Super built-up  Area,Ready To Move,Marathahalli,2 BHK,1133.0,1.0,3.0,73.67,2,7367000.0,6502.206531332745
Carpet  Area,Ready To Move,Vidyaranyapura Phase 2,1 BHK,561.0,1.0,1.0,55.76,1,5576000.0,9939.39393939394
Built-up  Area,18-Nov,Varthur,3 BHK,1746.74,3.0,2.0,77.44,3,7744000.0,4433.401651075718
Super built-up  Area,Ready To Move,Sathanur Enclave,3 BHK,1790.0,2.0,1.0,118.36,3,11836000.0,6612.290502793296
Carpet  Area,Ready To Move,Jayanagar,3 BHK,1640.33,3.0,2.0,145.46,3,14546000.0,8867.727835252663
Plot  Area,19-Mar,Kanakapura Road,2 BHK,1291.44,1.0,1.0,61.5,2,6150000.0,4762.125998884965
Super built-up  Area,Ready To Move,Btm Layout,3 BHK,1772.43,3.0,3.0,106.0,3,10600000.0,5980.490061666751
Super built-up  Area,Ready To Move,Sarjapur Road,1 BHK,766.0,1.0,3.0,51.23,1,5123000.0,6687.98955613577
Super built-up  Area,18-Nov,Sarjapur Road,1 BHK,643.0,1.0,0.0,32.92,1,3292000.0,5119.7511664074655
Plot  Area,Ready To Move,Sarjapur Road,3 BHK,1719.0,3.0,1.0,78.28,3,7828000.0,4553.810354857475
Built-up  Area,19-May,Kengeri,3 BHK,2079.0,3.0,2.0,69.09,3,6909000.0,3323.2323232323233
Super built-up  Area,18-Jun,Vasanthapura Phase 1,3 BHK,2036.0,2.0,0.0,215.13,3,21513000.0,10566.30648330059
Super built-up  Area,Ready To Move,Electronic City,3 BHK,1496.0,3.0,1.0,67.56,3,6756000.0,4516.042780748663
Built-up  Area,18-Dec,Sarjapur Road,2 Bedroom,1133.0,1.0,1.0,72.85,2,7284999.999999999,6429.83230361871
Super built-up  Area,18-Dec,Vasanthapura Phase 1,4 BHK,2684.3849999999998,3.0,0.0,274.62,4,27462000.0,10230.276208517036
Plot  Area,Ready To Move,Cv Raman Nagar,1 BHK,461.0,1.0,2.0,32.24,1,3224000.0,6993.492407809111
Carpet  Area,Ready To Move,Rt Nagar,3 BHK,1822.0,4.0,3.0,120.33,3,12033000.0,6604.281009879253
Plot  Area,Ready To Move,Yelenahalli Enclave,2 Bedroom,1257.0,3.0,0.0,96.64,2,9664000.0,7688.146380270486
Carpet  Area,19-May,Basavanagudi,2 BHK,1332.5,1.0,2.0,146.56,2,14656000.0,10998.874296435271
Built-up  Area,19-Aug,Kengeri,4 BHK,2340.0,4.0,1.0,100.22,4,10022000.0,4282.9059829059825
Super built-up  Area,19-Mar,Chandapura Main Road,2 BHK,887.26,2.0,2.0,79.72,2,7972000.0,8984.964948267701
Carpet  Area,18-Dec,Rajaji Nagar,1 BHK,573.0,1.0,1.0,54.27,1,5427000.0,9471.204188481675
Super built-up  Area,Ready To Move,Kengeri,2 BHK,1068.17,2.0,0.0,47.75,2,4775000.0,4470.262224177799
Carpet  Area,Ready To Move,Electronic City,3 BHK,1861.47,2.0,0.0,77.59,3,7759000.0,4168.211144955331
Built-up  Area,18-Nov,Electronic City,3 BHK,1772.0,3.0,3.0,71.72,3,7172000.0,4047.4040632054175
Built-up  Area,Ready To Move,Electronic City,3 BHK,1759.0,3.0,1.0,81.95,3,8195000.0,4658.897100625355
Super built-up  Area,19-Mar,Banashankari,2 BHK,981.82,2.0,3.0,59.23,2,5923000.0,6032.674013566641
Super built-up  Area,Ready To Move,Btm Layout,4 BHK,2055.0,3.0,2.0,148.06,4,14806000.0,7204.866180048662
Super built-up  Area,Ready To Move,Btm Layout,2 BHK,1149.0,2.0,2.0,79.41,2,7941000.0,6911.227154046997
Super built-up  Area,Ready To Move,Bellandur,4 Bedroom,2428.0,4.0,0.0,137.97,4,13797000.0,5682.4546952224055
Super built-up  Area,Ready To Move,Hennur,3 BHK,1429.0,4.0,2.0,79.79,3,7979000.000000001,5583.624912526243
Built-up  Area,19-Aug,Bellandur,3 BHK,1375.0,3.0,2.0,98.99,3,9899000.0,7199.272727272727
Built-up  Area,Ready To Move,Bellandur,2 Bedroom,1061.0,3.0,1.0,75.4,2,7540000.000000001,7106.503298774742
Super built-up  Area,Ready To Move,Yeshwanthpur,4 BHK,1891.0,4.0,0.0,145.95,4,14594999.999999998,7718.138551031199
Built-up  Area,Ready To Move,Banashankari,2 BHK,1317.0,2.0,1.0,98.52,2,9852000.0,7480.637813211845
Super built-up  Area,19-Mar,Electronic City,1 BHK,574.5,2.0,0.0,24.65,1,2465000.0,4290.687554395126
Super built-up  Area,Ready To Move,Whitefield,5 Bedroom,3421.5,5.0,2.0,229.38,5,22938000.0,6704.077159140727
Super built-up  Area,Ready To Move,Kanakapura Road,3 BHK,1561.0,3.0,3.0,71.42,3,7142000.0,4575.272261370916
Built-up  Area,Ready To Move,Sarjapur Road,5 BHK,3540.5,5.0,1.0,180.26,5,18026000.0,5091.3712752436095
Built-up  Area,Ready To Move,Malleshwaram,2 BHK,1269.95,1.0,0.0,115.15,2,11515000.0,9067.28611362652
Carpet  Area,Ready To Move,Kengeri,3 BHK,1331.5,3.0,0.0,57.7,3,5770000.0,4333.458505444987
Super built-up  Area,Ready To Move,Domlur,4 BHK,2354.0,4.0,3.0,244.09,4,24409000.0,10369.158878504673
Plot  Area,Ready To Move,Gunjur Stage 2,3 BHK,1758.0,3.0,2.0,156.39,3,15638999.999999998,8895.904436860068
Super built-up  Area,Ready To Move,Whitefield Hope Farm Extension,4 BHK,2520.86,4.0,3.0,108.78,4,10878000.0,4315.194021088041
Super built-up  Area,18-Jun,Talaghattapura Stage 2,3 BHK,1929.0,3.0,3.0,224.38,3,22438000.0,11631.933644375324
Built-up  Area,19-Aug,Uttarahalli,5 Bedroom,2796.0,4.0,1.0,113.45,5,11345000.0,4057.58226037196
Built-up  Area,Ready To Move,Nallurhalli Nagar,2 BHK,976.0,1.0,0.0,38.25,2,3825000.0,3919.05737704918
Built-up  Area,19-May,Uttarahalli,3 BHK,1325.0,2.0,0.0,54.82,3,5482000.0,4137.358490566037
Super built-up  Area,Ready To Move,Thanisandra Phase 1,4 BHK,2431.0,4.0,0.0,94.28,4,9428000.0,3878.2394076511723
Carpet  Area,Ready To Move,Bellandur,1 BHK,518.0,1.0,0.0,29.49,1,2949000.0,5693.050193050193
Built-up  Area,Ready To Move,Marathahalli,2 BHK,1101.0,2.0,2.0,71.92,2,7192000.0,6532.243415077202
Carpet  Area,Ready To Move,Uttarahalli,1 Bedroom,627.6,1.0,1.0,27.73,1,2773000.0,4418.419375398343
Plot  Area,Ready To Move,Rajaji Nagar,2 Bedroom,1144.42,3.0,2.0,91.83,2,9183000.0,8024.151972178046
Plot  Area,Ready To Move,Vasanthapura Nagar,2 BHK,1101.15,2.0,0.0,51.77,2,5177000.0,4701.448485674067
Built-up  Area,Ready To Move,Sarjapur Road,3 BHK,2196.65,2.0,0.0,150.86,3,15086000.000000002,6867.730407666219
Super built-up  Area,Ready To Move,Doddakannelli Gardens,3 BHK,1991.88,3.0,0.0,84.62,3,8462000.0,4248.247886418861
Built-up  Area,19-Mar,Sarjapur Road,1 BHK,701.0,1.0,2.0,36.19,1,3619000.0,5162.624821683309
Built-up  Area,Ready To Move,Btm Layout,1 BHK,615.0,2.0,1.0,33.96,1,3396000.0,5521.951219512195
Super built-up  Area,Ready To Move,Harlur Colony,1 Bedroom,551.0,1.0,1.0,52.75,1,5275000.0,9573.502722323048
Super built-up  Area,Ready To Move,Vijayanagar,3 BHK,1647.0,2.0,2.0,89.81,3,8981000.0,5452.944748026715
Super built-up  Area,Ready To Move,Whitefield,1 BHK,642.49,1.0,1.0,40.71,1,4071000.0,6336.28538965587
Super built-up  Area,Ready To Move,Talaghattapura Stage 2,2 BHK,1259.0,2.0,1.0,149.74,2,14974000.0,11893.566322478157
Super built-up  Area,19-Aug,Attibele Phase 1,3 Bedroom,1671.54,4.0,2.0,143.99,3,14399000.0,8614.212043983393
Built-up  Area,19-Mar,Yelahanka,4 Bedroom,2077.812,3.0,2.0,83.12,4,8312000.0,4000.3619191726684
Super built-up  Area,Ready To Move,Bellandur,3 BHK,1364.0,4.0,2.0,79.45,3,7945000.0,5824.780058651027
Super built-up  Area,18-Jun,Electronic City,4 Bedroom,2369.0,5.0,0.0,85.98,4,8598000.0,3629.379485014774
Carpet  Area,Ready To Move,Kanakapura Road,4 BHK,2207.5,4.0,0.0,100.82,4,10082000.0,4567.157417893544
Carpet  Area,Ready To Move,Electronic City,2 BHK,1388.0,1.0,0.0,51.85,2,5185000.0,3735.590778097983
Super built-up  Area,Ready To Move,Yelahanka,3 BHK,1617.5,2.0,0.0,60.93,3,6093000.0,3766.924265842349
Super built-up  Area,Ready To Move,Sonnenahalli Block,3 BHK,1325.0,2.0,2.0,86.19,3,8619000.0,6504.905660377359
Super built-up  Area,Ready To Move,Jp Nagar,2 Bedroom,1228.0,3.0,2.0,95.0,2,9500000.0,7736.156351791531
Built-up  Area,Ready To Move,Marathahalli,4 BHK,2650.03,4.0,0.0,164.61,4,16461000.000000002,6211.627792892911
Super built-up  Area,Ready To Move,Bellandur,1 BHK,587.61,1.0,1.0,40.33,1,4033000.0,6863.395789724477
Super built-up  Area,Ready To Move,Devanahalli Gardens,4 BHK,2478.0,3.0,0.0,103.65,4,10365000.0,4182.808716707022
Super built-up  Area,19-Aug,Subramanyapura Main Road,3 BHK,1695.0,3.0,1.0,105.84,3,10584000.0,6244.2477876106195
Super built-up  Area,Ready To Move,Kr Puram,1 BHK,523.63,1.0,2.0,25.55,1,2555000.0,4879.399576036514
Super built-up  Area,Ready To Move,Jalahalli Block,3 BHK,1689.0,4.0,1.0,121.78,3,12178000.0,7210.1835405565425
Built-up  Area,Ready To Move,Nagavara Main Road,3 BHK,1915.0,3.0,2.0,64.74,3,6473999.999999999,3380.678851174934
Carpet  Area,Ready To Move,Bannerghatta Road,4 BHK,2108.76,4.0,2.0,104.86,4,10486000.0,4972.590527134429
Super built-up  Area,Ready To Move,Hsr Layout,2 BHK,1115.0,2.0,3.0,91.39,2,9139000.0,8196.412556053812
Super built-up  Area,Ready To Move,Domlur,1 Bedroom,641.84,1.0,1.0,71.33,1,7133000.0,11113.361585441855
Plot  Area,Ready To Move,Singasandra Nagar,2 BHK,1374.0,1.0,1.0,134.83,2,13483000.000000002,9812.954876273656
Super built-up  Area,Ready To Move,Btm Layout,2 BHK,1176.1200000000001,3.0,0.0,75.07,2,7506999.999999999,6382.852089922795
Super built-up  Area,Ready To Move,Horamavu Nagar,4 BHK,2670.0,5.0,2.0,111.12,4,11112000.0,4161.797752808989
Super built-up  Area,Ready To Move,Yelenahalli Township,3 BHK,1455.0,3.0,2.0,59.77,3,5977000.0,4107.903780068728
Super built-up  Area,Ready To Move,Varthur,4 BHK,2082.23,4.0,3.0,84.94,4,8494000.0,4079.2803868928986
Plot  Area,Ready To Move,Sompura Main Road,2 BHK,928.3725000000001,1.0,1.0,48.79,2,4879000.0,5255.4335678835805
Super built-up  Area,Ready To Move,Marathahalli,2 BHK,1184.351917,3.0,2.0,64.25,2,6425000.0,5424.907840124685
Built-up  Area,Ready To Move,Varthur,5 Bedroom,3310.56,5.0,3.0,151.58,5,15158000.000000002,4578.681552365763
Plot  Area,Ready To Move,Hennur,3 BHK,2069.1,3.0,2.0,129.99,3,12999000.0,6282.441641293316
Carpet  Area,Ready To Move,Jayanagar,1 BHK,713.0,1.0,3.0,55.21,1,5521000.0,7743.338008415148
Super built-up  Area,Ready To Move,Kumaraswamy Layout Phase 1,3 Bedroom,1795.0,3.0,2.0,100.16,3,10016000.0,5579.944289693593
Carpet  Area,Ready To Move,Bellandur,4 Bedroom,2200.0,4.0,1.0,155.09,4,15509000.0,7049.545454545455
Plot  Area,Ready To Move,Marathahalli,2 BHK,931.0,3.0,3.0,59.69,2,5969000.0,6411.385606874329
Super built-up  Area,18-Nov,Hebbal,4 BHK,2062.0,4.0,2.0,152.75,4,15275000.0,7407.856450048496
Super built-up  Area,18-Jun,Singasandra Extension,3 BHK,1927.0,2.0,1.0,161.68,3,16168000.0,8390.243902439024
Plot  Area,19-Aug,Bannerghatta Road,2 Bedroom,1182.5,2.0,1.0,66.99,2,6698999.999999999,5665.116279069766
Super built-up  Area,Ready To Move,Koramangala,1 BHK,741.0,1.0,3.0,83.36,1,8336000.0,11249.66261808367
Super built-up  Area,Ready To Move,Frazer Town,6 Bedroom,3920.3999999999996,6.0,3.0,426.07,6,42607000.0,10868.023671053976
Plot  Area,Ready To Move,Sompura Colony,3 BHK,1587.0,4.0,2.0,63.88,3,6388000.0,4025.204788909893
Super built-up  Area,18-Nov,Devanahalli Stage 2,3 BHK,1232.73,3.0,0.0,65.58,3,6558000.0,5319.8997347351
Super built-up  Area,Ready To Move,Btm Layout,3 BHK,1710.75,3.0,3.0,116.03,3,11603000.0,6782.405377758293
Super built-up  Area,Ready To Move,Domlur,3 BHK,2086.0,3.0,0.0,245.32,3,24532000.0,11760.306807286674
Super built-up  Area,Ready To Move,Hebbal,2 BHK,936.54,2.0,1.0,64.64,2,6464000.0,6902.000982339249
Plot  Area,19-May,Jayanagar,1 BHK,588.0600000000001,1.0,3.0,48.9,1,4890000.0,8315.47801244771
Super built-up  Area,Ready To Move,Vijayanagar,3 BHK,2090.88,3.0,3.0,128.58,3,12858000.000000002,6149.563820018366
Super built-up  Area,18-Jun,Sarjapur Road,3 BHK,1385.0,3.0,2.0,70.15,3,7015000.000000001,5064.981949458484
Super built-up  Area,19-Mar,Ambalipura Phase 2,2 Bedroom,895.0,2.0,1.0,83.6,2,8359999.999999999,9340.782122905028
Built-up  Area,18-Nov,Btm Layout,2 BHK,942.0,2.0,0.0,65.98,2,6598000.0,7004.246284501061
Built-up  Area,18-Dec,Bannerghatta Road,4 BHK,2804.0,3.0,0.0,122.05,4,12205000.0,4352.710413694722
Super built-up  Area,19-May,Marathahalli,2 BHK,1141.63,1.0,0.0,63.63,2,6363000.0,5573.60966337605
Built-up  Area,Ready To Move,Btm Layout,3 Bedroom,1552.0,3.0,1.0,100.37,3,10037000.0,6467.139175257732
Built-up  Area,Ready To Move,Doddakannelli Enclave,2 BHK,1270.0,2.0,0.0,127.7,2,12770000.0,10055.11811023622
Super built-up  Area,Ready To Move,Kalyan Nagar Block,1 BHK,586.0,2.0,1.0,52.1,1,5210000.0,8890.784982935154
Super built-up  Area,Ready To Move,Btm Layout,2 BHK,1034.0,2.0,2.0,64.28,2,6428000.0,6216.634429400387
Built-up  Area,Ready To Move,Marathahalli,3 BHK,1474.0,3.0,2.0,80.59,3,8059000.0,5467.435549525102
Plot  Area,Ready To Move,Bannerghatta Road,3 BHK,1486.7,4.0,1.0,67.78,3,6778000.0,4559.0906033497
Built-up  Area,Ready To Move,Yelenahalli Township,4 BHK,2435.78,5.0,3.0,88.05,4,8805000.0,3614.8584847564225
Super built-up  Area,19-May,Indiranagar,2 BHK,873.0,2.0,1.0,95.22,2,9522000.0,10907.216494845361
Super built-up  Area,19-Mar,Kengeri,3 Bedroom,1837.0,2.0,1.0,69.83,3,6983000.0,3801.3064779531846
Super built-up  Area,Ready To Move,Bannerghatta Road,3 BHK,1884.974168,2.0,2.0,102.12,3,10212000.0,5417.5808737130665
Super built-up  Area,Ready To Move,Subramanyapura Gardens,2 BHK,1193.1783149999999,2.0,2.0,114.57,2,11457000.0,9602.085334579686
Super built-up  Area,Ready To Move,Whitefield,2 BHK,878.64,1.0,1.0,60.74,2,6074000.0,6912.956387143768
Plot  Area,Ready To Move,Kalyan Nagar Block,1 BHK,572.0,1.0,2.0,51.55,1,5155000.0,9012.237762237763
Super built-up  Area,18-Nov,Rt Nagar,4 BHK,1859.5,5.0,1.0,117.55,4,11755000.0,6321.591825759613
Super built-up  Area,Ready To Move,Kanakapura Road,3 BHK,1841.0,2.0,3.0,67.95,3,6795000.0,3690.9288430200977
Super built-up  Area,Ready To Move,Chandapura Extension,4 Bedroom,2265.0,3.0,2.0,215.42,4,21542000.0,9510.816777041942
Super built-up  Area,Ready To Move,Uttarahalli,2 Bedroom,1079.0,1.0,2.0,45.52,2,4552000.0,4218.721037998146
Plot  Area,19-Aug,Uttarahalli,2 BHK,950.0,3.0,0.0,47.21,2,4721000.0,4969.473684210527
Super built-up  Area,Ready To Move,Hsr Layout,3 BHK,1351.27,3.0,1.0,101.06,3,10106000.0,7478.8902291917975
Carpet  Area,Ready To Move,Other,4 BHK,1807.0,4.0,0.0,155.92,4,15591999.999999998,8628.666297731044
Super built-up  Area,18-Nov,Varthur,4 BHK,2300.95,4.0,0.0,116.57,4,11657000.0,5066.168321780135
Plot  Area,Ready To Move,Frazer Town,4 BHK,2193.59,5.0,2.0,222.34,4,22234000.0,10135.895951385628
Plot  Area,Ready To Move,Chandapura Stage 2,3 BHK,1449.0,3.0,1.0,145.05,3,14505000.000000002,10010.351966873708
Built-up  Area,Ready To Move,Pattandur Agrahara Layout,1 BHK,710.0,1.0,0.0,29.92,1,2992000.0,4214.084507042254
Built-up  Area,Ready To Move,Anekal Stage 2,4 BHK,1889.0,3.0,0.0,97.84,4,9784000.0,5179.460031762837
Built-up  Area,Ready To Move,Dodballapur Road Gardens,3 BHK,2020.5,2.0,1.0,148.22,3,14822000.0,7335.807968324672
Super built-up  Area,19-May,Sarjapur Road,2 BHK,1346.0,2.0,2.0,68.63,2,6863000.0,5098.811292719168
Carpet  Area,Ready To Move,Sarjapur Road,2 BHK,1240.55,2.0,2.0,68.35,2,6834999.999999999,5509.652976502357
Super built-up  Area,Ready To Move,Sarjapur Road,5 BHK,3288.0,5.0,2.0,188.84,5,18884000.0,5743.30900243309
Super built-up  Area,Ready To Move,Kr Puram,3 Bedroom,1572.0,3.0,1.0,73.02,3,7302000.0,4645.038167938931
Super built-up  Area,Ready To Move,Pattandur Agrahara Colony,2 BHK,848.0,2.0,0.0,53.54,2,5354000.0,6313.679245283019
Super built-up  Area,19-May,Jp Nagar,3 BHK,1706.0,3.0,1.0,119.89,3,11989000.0,7027.549824150059
Super built-up  Area,Ready To Move,Kengeri,2 BHK,1195.43,1.0,1.0,52.24,2,5224000.0,4369.9756572948645
Super built-up  Area,19-May,Frazer Town,3 BHK,1986.0,3.0,2.0,183.13,3,18313000.0,9221.047331319234
Super built-up  Area,Ready To Move,Horamavu Stage 2,4 Bedroom,2258.0,3.0,2.0,262.91,4,26291000.000000004,11643.489813994687
Super built-up  Area,Ready To Move,Vidyaranyapura Extension,1 Bedroom,713.5,1.0,1.0,38.17,1,3817000.0,5349.68465311843
Super built-up  Area,Ready To Move,Marathahalli,2 Bedroom,1145.628,2.0,2.0,65.72,2,6572000.0,5736.591633584375
Super built-up  Area,18-Dec,Jalahalli Gardens,4 BHK,2109.65,4.0,0.0,189.04,4,18904000.0,8960.728082857346
Carpet  Area,Ready To Move,Cv Raman Nagar,3 BHK,1919.53,3.0,0.0,147.69,3,14769000.0,7694.070944449943
Super built-up  Area,18-Nov,Chandapura Extension,5 Bedroom,2482.89,4.0,0.0,284.67,5,28467000.0,11465.268296219325
Carpet  Area,Ready To Move,Harlur Nagar,3 BHK,1286.0,3.0,0.0,109.92,3,10992000.0,8547.433903576983
Super built-up  Area,Ready To Move,Kr Puram,2 BHK,870.88,1.0,2.0,39.05,2,3904999.9999999995,4483.970237001653
Super built-up  Area,Ready To Move,Jayanagar,3 BHK,1705.76,3.0,0.0,172.33,3,17233000.0,10102.828064909483
Super built-up  Area,19-May,Kengeri,3 BHK,1474.0,3.0,2.0,48.05,3,4805000.0,3259.8371777476254
Super built-up  Area,18-Jun,Horamavu Stage 2,2 BHK,1311.66,2.0,0.0,140.66,2,14066000.0,10723.81562295107
Plot  Area,18-Jun,Electronic City,1 BHK,578.0,1.0,2.0,24.61,1,2461000.0,4257.785467128027
Super built-up  Area,Ready To Move,Whitefield,2 BHK,949.0,2.0,2.0,48.45,2,4845000.0,5105.374077976818
Super built-up  Area,19-Mar,Basavanagudi,3 BHK,1947.0,2.0,0.0,185.28,3,18528000.0,9516.178736517719
Built-up  Area,Ready To Move,Singasandra Extension,3 BHK,1546.0,3.0,0.0,156.91,3,15691000.0,10149.41785252264
Super built-up  Area,19-Aug,Dodballapur Road Phase 2,3 BHK,2135.0,2.0,2.0,204.5,3,20450000.0,9578.454332552694
Super built-up  Area,Ready To Move,Whitefield,2 BHK,1112.0,2.0,3.0,76.49,2,7648999.999999999,6878.597122302157
Built-up  Area,Ready To Move,Whitefield Hope Farm Extension,1 BHK,610.0,1.0,1.0,30.04,1,3004000.0,4924.5901639344265
Super built-up  Area,Ready To Move,Bellandur,2 BHK,892.44,2.0,1.0,55.88,2,5588000.0,6261.485365962977
Super built-up  Area,18-Dec,Yelahanka,2 BHK,966.0,2.0,3.0,52.14,2,5214000.0,5397.515527950311
Built-up  Area,18-Jun,Rajaji Nagar,2 BHK,1279.0,2.0,1.0,109.5,2,10950000.0,8561.376075058639
Built-up  Area,18-Jun,Gottigere Township,3 BHK,1396.7,3.0,3.0,137.05,3,13705000.000000002,9812.414978162813
Carpet  Area,Ready To Move,Malleshwaram,3 BHK,2099.0,2.0,3.0,181.82,3,18182000.0,8662.220104811815
Super built-up  Area,18-Nov,Hebbal,2 BHK,1420.0,1.0,1.0,105.25,2,10525000.0,7411.971830985915
Super built-up  Area,Ready To Move,Sarjapur Road,2 BHK,1389.61,2.0,2.0,90.64,2,9064000.0,6522.693417577594
Super built-up  Area,18-Nov,Btm Layout,1 BHK,450.0,1.0,1.0,25.32,1,2532000.0,5626.666666666667
Carpet  Area,Ready To Move,Electronic City,4 Bedroom,2589.0,4.0,2.0,116.41,4,11641000.0,4496.330629586713
Super built-up  Area,Ready To Move,Koramangala,5 BHK,2367.0,4.0,0.0,300.23,5,30023000.0,12683.988170680186
Carpet  Area,Ready To Move,Koramangala,3 BHK,2154.0,3.0,2.0,280.81,3,28081000.0,13036.675951717734
Super built-up  Area,Ready To Move,Begur Gardens,2 Bedroom,1427.0,2.0,3.0,136.65,2,13665000.0,9576.0336370007
Built-up  Area,18-Dec,Kengeri,3 Bedroom,2049.0,3.0,1.0,68.37,3,6837000.0,3336.749633967789
Super built-up  Area,Ready To Move,Kr Puram,1 BHK,479.16,1.0,3.0,23.72,1,2372000.0,4950.329743718174
Super built-up  Area,Ready To Move,Whitefield Hope Farm Extension,3 BHK,1520.0,2.0,2.0,65.08,3,6508000.0,4281.578947368421
Super built-up  Area,Ready To Move,Varthur,3 BHK,1829.0,2.0,2.0,74.23,3,7423000.0,4058.5019136139967
Super built-up  Area,Ready To Move,Yelahanka,3 BHK,1946.0,3.0,2.0,74.5,3,7450000.0,3828.365878725591
Super built-up  Area,Ready To Move,Electronic City,1 BHK,715.0,1.0,1.0,29.37,1,2937000.0,4107.692307692308
Carpet  Area,Ready To Move,Begur Gardens,2 BHK,1126.36,2.0,2.0,106.52,2,10652000.0,9457.011967754537
Plot  Area,Ready To Move,Jayanagar,1 Bedroom,362.0,1.0,0.0,34.14,1,3414000.0,9430.939226519336
Built-up  Area,Ready To Move,Talaghattapura Main Road,2 BHK,1001.35,3.0,3.0,65.25,2,6525000.0,6516.203125780196
Super built-up  Area,Ready To Move,Hsr Layout,4 BHK,2692.2666679999998,4.0,0.0,218.05,4,21805000.0,8099.1234112028915
Plot  Area,Ready To Move,Whitefield,3 BHK,1559.9925,3.0,2.0,99.37,3,9937000.0,6369.902419402657
Plot  Area,19-Aug,Btm Layout,2 BHK,995.5,2.0,1.0,57.99,2,5799000.0,5825.213460572577
Built-up  Area,Ready To Move,Sarjapur Road,3 BHK,1618.0,3.0,1.0,96.29,3,9629000.0,5951.174289245982
Built-up  Area,Ready To Move,Frazer Town,5 BHK,2204.14,5.0,1.0,236.56,5,23656000.0,10732.530601504443
Super built-up  Area,Ready To Move,Ramamurthy Nagar Cross,4 BHK,1832.0,4.0,2.0,125.52,4,12552000.0,6851.528384279476
Super built-up  Area,Ready To Move,Nagavara Enclave,3 Bedroom,2080.0,3.0,1.0,82.31,3,8231000.0,3957.2115384615386
Carpet  Area,18-Nov,Mahadevapura Nagar,2 Bedroom,1122.0,2.0,0.0,41.83,2,4183000.0,3728.163992869875
Carpet  Area,Ready To Move,Yelenahalli Layout,3 BHK,1484.0,4.0,3.0,103.71,3,10371000.0,6988.544474393531
Built-up  Area,18-Jun,Kr Puram,2 BHK,962.03,2.0,2.0,41.41,2,4140999.9999999995,4304.439570491564
Built-up  Area,Ready To Move,Malleshwaram,1 BHK,339.97,1.0,3.0,33.19,1,3319000.0,9762.626114068888
Super built-up  Area,Ready To Move,Koramangala,3 BHK,1233.22,3.0,0.0,170.26,3,17026000.0,13806.133536595255
Plot  Area,Ready To Move,Other,2 BHK,1174.22,3.0,3.0,68.83,2,6883000.0,5861.763553678186
Built-up  Area,Ready To Move,Other,3 Bedroom,1879.0,3.0,2.0,150.25,3,15025000.0,7996.274614156466
Super built-up  Area,Ready To Move,Sompura Colony,4 Bedroom,2475.0,4.0,1.0,85.4,4,8540000.0,3450.5050505050503
Built-up  Area,Ready To Move,Bannerghatta Road,2 Bedroom,1237.0,2.0,0.0,65.92,2,6592000.0,5329.021827000808
Super built-up  Area,Ready To Move,Basavanagudi,1 BHK,635.0,2.0,2.0,67.08,1,6708000.0,10563.779527559054
Carpet  Area,Ready To Move,Chikkabanavara Enclave,2 BHK,1022.75,2.0,1.0,91.39,2,9139000.0,8935.71253972134
Super built-up  Area,18-Nov,Kengeri,3 BHK,1307.0,4.0,0.0,54.18,3,5418000.0,4145.371078806427
Super built-up  Area,19-Aug,Attibele Phase 2,1 Bedroom,571.0,1.0,1.0,45.66,1,4566000.0,7996.4973730297725
Carpet  Area,Ready To Move,Subramanyapura Stage 2,1 BHK,581.0,1.0,0.0,25.11,1,2511000.0,4321.858864027538
Super built-up  Area,Ready To Move,Marathahalli,2 BHK,1262.0,2.0,2.0,86.57,2,8657000.0,6859.746434231379
Super built-up  Area,18-Dec,Kanakapura Road,2 Bedroom,1244.0,1.0,2.0,49.25,2,4925000.0,3959.003215434084
Built-up  Area,Ready To Move,Yelahanka,2 Bedroom,1192.5,2.0,3.0,54.1,2,5410000.0,4536.687631027254
Super built-up  Area,Ready To Move,Sarjapur Road,1 BHK,446.0,1.0,0.0,25.55,1,2555000.0,5728.699551569507
Super built-up  Area,Ready To Move,Rt Nagar,3 BHK,1892.0,3.0,1.0,124.81,3,12481000.0,6596.723044397463
Carpet  Area,Ready To Move,Bannerghatta Road,2 BHK,1156.02,2.0,0.0,56.1,2,5610000.0,4852.857217003166
Built-up  Area,Ready To Move,Marathahalli,2 BHK,853.469631,2.0,2.0,53.79,2,5379000.0,6302.508964141455
Built-up  Area,Ready To Move,Nagarbhavi Extension,3 BHK,2129.5,4.0,1.0,192.61,3,19261000.0,9044.846208030054
Plot  Area,Ready To Move,Yelahanka,2 Bedroom,1194.0,1.0,3.0,56.94,2,5694000.0,4768.844221105528
Super built-up  Area,Ready To Move,Koramangala,3 BHK,1855.0,3.0,2.0,221.61,3,22161000.0,11946.630727762804
Built-up  Area,19-May,Kaggadasapura Cross,1 BHK,672.0,1.0,1.0,48.75,1,4875000.0,7254.464285714285
Super built-up  Area,18-Dec,Jp Nagar,3 Bedroom,1742.4,3.0,2.0,115.08,3,11508000.0,6604.683195592286
Super built-up  Area,Ready To Move,Yelahanka,2 BHK,1023.0,2.0,0.0,41.44,2,4144000.0,4050.830889540567
Super built-up  Area,Ready To Move,Bellandur,3 BHK,2189.0,3.0,1.0,156.89,3,15688999.999999998,7167.199634536317
Carpet  Area,Ready To Move,Sathanur Enclave,4 BHK,2121.4,4.0,2.0,147.49,4,14749000.0,6952.4842085415285
Built-up  Area,Ready To Move,Uttarahalli,2 BHK,1027.0,2.0,1.0,45.56,2,4556000.0,4436.222005842259
Built-up  Area,Ready To Move,Banashankari,1 BHK,611.0,1.0,0.0,36.91,1,3690999.9999999995,6040.916530278231
Built-up  Area,Ready To Move,Banashankari,2 BHK,1335.0,1.0,1.0,80.06,2,8006000.0,5997.003745318352
Built-up  Area,Ready To Move,Harlur Colony,2 BHK,853.0,1.0,3.0,91.81,2,9181000.0,10763.188745603751
Super built-up  Area,19-May,Btm Layout,2 BHK,1412.36,2.0,1.0,95.28,2,9528000.0,6746.155371151832
Super built-up  Area,18-Dec,Rajarajeshwari Nagar Gardens,2 Bedroom,1182.0,2.0,0.0,58.1,2,5810000.0,4915.397631133672
Super built-up  Area,Ready To Move,Kr Puram,1 Bedroom,635.5,1.0,2.0,29.18,1,2918000.0,4591.660110149489
Plot  Area,Ready To Move,Indiranagar,1 BHK,696.96,2.0,2.0,69.64,1,6964000.0,9991.965105601468
Super built-up  Area,Ready To Move,Nallurhalli Township,3 Bedroom,2120.0,4.0,1.0,82.99,3,8298999.999999999,3914.6226415094334
Carpet  Area,Ready To Move,Sompura Main Road,3 BHK,1581.26,3.0,1.0,89.47,3,8947000.0,5658.146035440092
Plot  Area,Ready To Move,Hennur,2 Bedroom,1066.5,2.0,0.0,62.98,2,6298000.0,5905.297702766057
Built-up  Area,Ready To Move,Yelenahalli Township,3 BHK,1438.0,3.0,1.0,57.83,3,5783000.0,4021.557719054242
Super built-up  Area,19-May,Bellandur,3 BHK,1428.5,2.0,3.0,81.26,3,8126000.000000001,5688.484424221212
Super built-up  Area,Ready To Move,Sarjapur Road,1 BHK,445.34,1.0,1.0,21.17,1,2117000.0,4753.671352225267
Super built-up  Area,Ready To Move,Jp Nagar,3 BHK,1485.5,2.0,1.0,108.3,3,10830000.0,7290.474587680916
Super built-up  Area,Ready To Move,Malleshwaram,2 BHK,1247.03,3.0,3.0,159.07,2,15907000.0,12755.908037497093
Super built-up  Area,Ready To Move,Btm Layout,3 BHK,2054.0,3.0,2.0,152.69,3,15269000.0,7433.787731256086
Super built-up  Area,Ready To Move,Kr Puram,2 BHK,1113.0,2.0,2.0,56.89,2,5689000.0,5111.41060197664
Super built-up  Area,Ready To Move,Marathahalli,3 BHK,1875.77,2.0,1.0,103.58,3,10358000.0,5521.998965758062
Super built-up  Area,Ready To Move,Thanisandra Phase 2,2 BHK,1434.5,1.0,0.0,57.66,2,5766000.0,4019.5189961659116
Built-up  Area,Ready To Move,Kr Puram,2 BHK,1195.66,2.0,2.0,49.95,2,4995000.0,4177.6090192864185
Plot  Area,Ready To Move,Cv Raman Nagar,3 BHK,1979.04,3.0,1.0,160.58,3,16058000.000000002,8114.0350877193
Built-up  Area,19-Mar,Old Airport Road Colony,4 Bedroom,2544.0,4.0,1.0,157.87,4,15787000.0,6205.5817610062895
Super built-up  Area,Ready To Move,Bellandur,2 BHK,1035.63,2.0,1.0,65.78,2,6578000.0,6351.689309888666
Super built-up  Area,Ready To Move,Singasandra Nagar,1 BHK,422.0,1.0,1.0,40.38,1,4038000.0000000005,9568.72037914692
Super built-up  Area,Ready To Move,Mahadevapura Stage 2,2 BHK,1128.96,2.0,2.0,102.21,2,10221000.0,9053.465136054421
Super built-up  Area,Ready To Move,Yeshwanthpur,3 Bedroom,2114.61,2.0,0.0,172.25,3,17225000.0,8145.710083656088
Built-up  Area,Ready To Move,Mahadevapura Stage 2,3 BHK,1261.0,3.0,0.0,125.68,3,12568000.0,9966.69310071372
Super built-up  Area,Ready To Move,Frazer Town,3 BHK,1555.64,3.0,2.0,163.87,3,16387000.0,10533.928158185698
Super built-up  Area,Ready To Move,Hsr Layout,3 BHK,2239.0,4.0,3.0,189.27,3,18927000.0,8453.327378293881
Built-up  Area,Ready To Move,Koramangala,4 BHK,2800.0,4.0,2.0,350.5,4,35050000.0,12517.857142857143
Built-up  Area,Ready To Move,Rt Nagar,3 BHK,1794.43,2.0,2.0,119.83,3,11983000.0,6677.886571223174
Super built-up  Area,Ready To Move,Indiranagar,2 BHK,971.5,3.0,0.0,124.26,2,12426000.0,12790.530108080287
Carpet  Area,Ready To Move,Bannerghatta Road,2 BHK,1263.0,2.0,3.0,49.35,2,4935000.0,3907.3634204275536
Super built-up  Area,Ready To Move,Kr Puram,2 BHK,1200.5,3.0,2.0,52.04,2,5204000.0,4334.860474802166
Built-up  Area,Ready To Move,Old Airport Road Colony,3 Bedroom,1334.5,4.0,2.0,93.36,3,9336000.0,6995.878606219558
Super built-up  Area,18-Dec,Yelahanka,4 BHK,1798.0,5.0,2.0,91.63,4,9163000.0,5096.2180200222465
Super built-up  Area,Ready To Move,Koramangala,3 BHK,1718.5,2.0,2.0,175.23,3,17523000.0,10196.683153913296
Super built-up  Area,Ready To Move,Yeshwanthpur,3 Bedroom,1781.91,3.0,1.0,126.38,3,12638000.0,7092.389626861064
Super built-up  Area,19-Mar,Sarjapur Road,3 Bedroom,1995.0,2.0,0.0,85.41,3,8541000.0,4281.203007518797
Built-up  Area,Ready To Move,Yelahanka,1 BHK,589.0,1.0,2.0,28.07,1,2807000.0,4765.704584040747
Plot  Area,Ready To Move,Sarjapur Road,1 BHK,556.5,1.0,2.0,33.43,1,3343000.0,6007.187780772686
Super built-up  Area,Ready To Move,Vasanthapura Extension,2 BHK,1191.0,1.0,0.0,104.46,2,10446000.0,8770.780856423175
Super built-up  Area,Ready To Move,Whitefield,2 BHK,1341.0,2.0,0.0,91.17,2,9117000.0,6798.657718120805
Super built-up  Area,Ready To Move,Yeshwanthpur,2 Bedroom,1159.0,2.0,1.0,81.04,2,8104000.000000001,6992.23468507334
Plot  Area,Ready To Move,Talaghattapura Main Road,3 BHK,1992.47,2.0,0.0,133.88,3,13388000.0,6719.298157563226
Super built-up  Area,Ready To Move,Frazer Town,3 BHK,2116.12,4.0,3.0,195.13,3,19513000.0,9221.121675519347
Built-up  Area,Ready To Move,Vasanthapura Nagar,5 BHK,3510.0,5.0,1.0,184.76,5,18476000.0,5263.817663817664
Built-up  Area,Ready To Move,Rt Nagar,1 Bedroom,710.77,1.0,3.0,40.06,1,4006000.0,5636.141086427396
Built-up  Area,Ready To Move,Nagarbhavi Gardens,3 BHK,1666.17,3.0,2.0,156.26,3,15626000.0,9378.394761638969
Plot  Area,Ready To Move,Talaghattapura Main Road,2 BHK,1334.025,3.0,0.0,87.96,2,8796000.0,6593.579580592567
Built-up  Area,Ready To Move,Indiranagar,3 BHK,1556.5,4.0,1.0,174.62,3,17462000.0,11218.760038548024
Built-up  Area,Ready To Move,Rt Nagar,2 Bedroom,823.9,3.0,0.0,48.55,2,4855000.0,5892.705425415706
Plot  Area,19-Mar,Devanahalli Nagar,4 Bedroom,1866.0,4.0,2.0,119.87,4,11987000.0,6423.901393354769
Carpet  Area,19-Mar,Vasanthapura Extension,1 BHK,661.0,1.0,1.0,67.82,1,6781999.999999999,10260.21180030257
Super built-up  Area,Ready To Move,Bellandur,4 Bedroom,2648.9925000000003,5.0,2.0,159.67,4,15966999.999999998,6027.5746345072685
Super built-up  Area,19-Mar,Sonnenahalli Stage 2,3 BHK,1633.098908,4.0,1.0,152.13,3,15213000.0,9315.418634766487
Super built-up  Area,Ready To Move,Jayanagar,2 BHK,891.0,3.0,0.0,79.71,2,7970999.999999999,8946.127946127945
Super built-up  Area,Ready To Move,Indiranagar,2 Bedroom,1061.0,2.0,0.0,129.06,2,12906000.0,12163.996229971724
Super built-up  Area,Ready To Move,Other,2 Bedroom,882.0,2.0,1.0,73.35,2,7334999.999999999,8316.326530612243
Super built-up  Area,Ready To Move,Yelahanka,2 Bedroom,1129.0,3.0,2.0,51.91,2,5191000.0,4597.874224977856
Super built-up  Area,18-Nov,Mahadevapura Nagar,2 BHK,871.2,3.0,2.0,43.48,2,4348000.0,4990.817263544536
Plot  Area,Ready To Move,Sarjapur Road,2 BHK,1423.0,2.0,3.0,62.6,2,6260000.0,4399.156711173577
Built-up  Area,Ready To Move,Hsr Layout,3 BHK,1788.46,3.0,2.0,139.8,3,13980000.000000002,7816.780917661005
Super built-up  Area,Ready To Move,Hebbal,2 Bedroom,1099.3171069999999,2.0,0.0,68.27,2,6827000.0,6210.219013720853
Built-up  Area,Ready To Move,Old Airport Road Colony,1 BHK,558.96,2.0,2.0,25.59,1,2559000.0,4578.145126663804
Super built-up  Area,Ready To Move,Vijayanagar,3 BHK,1947.132,3.0,2.0,128.1,3,12810000.0,6578.9068229580735
Super built-up  Area,Ready To Move,Banashankari,4 BHK,2337.0,4.0,0.0,136.2,4,13619999.999999998,5827.984595635429
Super built-up  Area,Ready To Move,Anekal Phase 1,2 BHK,1100.26,2.0,3.0,108.08,2,10808000.0,9823.132714085761
Built-up  Area,Ready To Move,Kengeri,2 BHK,886.7300819999999,1.0,1.0,38.17,2,3817000.0,4304.579349998865
Super built-up  Area,Ready To Move,Vijayanagar,2 BHK,1036.0,2.0,2.0,61.27,2,6127000.0,5914.092664092664
Super built-up  Area,Ready To Move,Other,2 Bedroom,1086.0,2.0,3.0,100.04,2,10004000.0,9211.786372007367
Built-up  Area,Ready To Move,Yelahanka,1 BHK,540.0,1.0,1.0,25.39,1,2539000.0,4701.851851851852
Super built-up  Area,Ready To Move,Attibele Phase 2,2 BHK,1285.0,3.0,0.0,107.82,2,10782000.0,8390.661478599222
Carpet  Area,Ready To Move,Varthur,4 BHK,1910.807528,4.0,2.0,76.68,4,7668000.000000001,4012.9630471081127
Super built-up  Area,Ready To Move,Varthur,2 BHK,1114.5,2.0,1.0,51.73,2,5173000.0,4641.543292956483
Super built-up  Area,Ready To Move,Btm Layout,3 Bedroom,2110.23,3.0,1.0,133.17,3,13316999.999999998,6310.686512844571
Super built-up  Area,19-May,Kumaraswamy Layout Stage 2,3 BHK,1884.0,2.0,0.0,167.89,3,16789000.0,8911.35881104034
Super built-up  Area,Ready To Move,Uttarahalli,2 BHK,898.0,2.0,2.0,38.09,2,3809000.0000000005,4241.648106904232
Super built-up  Area,18-Nov,Bellandur,2 BHK,1359.0,2.0,2.0,77.64,2,7764000.0,5713.0242825607065
Built-up  Area,Ready To Move,Indiranagar,2 Bedroom,1263.24,2.0,1.0,167.03,2,16703000.0,13222.34888065609
Built-up  Area,Ready To Move,Marathahalli,3 BHK,1484.0,3.0,1.0,78.36,3,7836000.0,5280.323450134771
Super built-up  Area,Ready To Move,Jp Nagar,2 BHK,929.0,2.0,0.0,64.67,2,6467000.0,6961.248654467169
Carpet  Area,Ready To Move,Domlur,3 BHK,1581.03,4.0,1.0,161.42,3,16141999.999999998,10209.799940545086
Carpet  Area,19-Aug,Gunjur Nagar,3 BHK,1722.5,3.0,1.0,83.65,3,8365000.000000001,4856.313497822933
Carpet  Area,18-Jun,Whitefield,3 BHK,1422.03,3.0,0.0,97.05,3,9705000.0,6824.750532689184
Super built-up  Area,18-Jun,Bannerghatta Road,2 Bedroom,1178.0,2.0,0.0,50.07,2,5007000.0,4250.424448217317
Super built-up  Area,Ready To Move,Kanakapura Road,4 Bedroom,2049.0,4.0,3.0,86.1,4,8610000.0,4202.049780380674
Built-up  Area,Ready To Move,Bellandur,3 BHK,1517.0,2.0,3.0,78.11,3,7811000.0,5148.978246539222
Built-up  Area,Ready To Move,Gunjur Nagar,4 BHK,1875.0,3.0,1.0,110.55,4,11055000.0,5896.0
Super built-up  Area,18-Jun,Hebbal,2 BHK,878.5,1.0,3.0,52.91,2,5291000.0,6022.766078542971
Super built-up  Area,Ready To Move,Varthur,2 BHK,880.63,2.0,3.0,47.99,2,4799000.0,5449.50773877792
Built-up  Area,18-Dec,Marathahalli,3 BHK,1886.1480000000001,3.0,3.0,124.8,3,12480000.0,6616.659986384949
Built-up  Area,Ready To Move,Yeshwanthpur,4 Bedroom,2500.0,5.0,0.0,187.27,4,18727000.0,7490.8
Super built-up  Area,19-May,Haralur Road Block,2 BHK,1412.0,2.0,0.0,151.92,2,15191999.999999998,10759.206798866855
Super built-up  Area,Ready To Move,Frazer Town,2 BHK,1300.0,1.0,2.0,136.56,2,13656000.0,10504.615384615385
Carpet  Area,19-Mar,Yeshwanthpur,3 BHK,1705.0,4.0,0.0,118.54,3,11854000.0,6952.4926686217
Built-up  Area,Ready To Move,Electronic City,3 BHK,1796.0,3.0,0.0,73.33,3,7333000.0,4082.9621380846324
Plot  Area,18-Jun,Yelahanka,3 BHK,2114.2,3.0,1.0,89.76,3,8976000.0,4245.5775234131115
Super built-up  Area,Ready To Move,Varthur,2 Bedroom,1038.0,2.0,1.0,42.84,2,4284000.0,4127.167630057804
Super built-up  Area,19-Aug,Jp Nagar,2 BHK,1134.0,1.0,1.0,81.39,2,8139000.0,7177.248677248677
Built-up  Area,Ready To Move,Electronic City,2 BHK,1005.0,1.0,0.0,40.64,2,4064000.0,4043.781094527363
Super built-up  Area,Ready To Move,Marathahalli,3 Bedroom,1633.0,3.0,1.0,105.44,3,10544000.0,6456.827924066136
Plot  Area,Ready To Move,Kanakapura Road,3 BHK,1806.76,2.0,2.0,74.56,3,7456000.0,4126.7240806748
Super built-up  Area,Ready To Move,Btm Layout,3 BHK,1976.0,3.0,1.0,133.62,3,13362000.0,6762.145748987854
Plot  Area,Ready To Move,Koramangala,2 BHK,936.31,1.0,1.0,110.22,2,11022000.0,11771.74226484818
Carpet  Area,Ready To Move,Uttarahalli,2 BHK,1304.58468,2.0,2.0,53.61,2,5361000.0,4109.353790663861
Super built-up  Area,18-Nov,Jp Nagar,4 BHK,1915.0,5.0,3.0,152.54,4,15254000.0,7965.535248041775
Plot  Area,Ready To Move,Rajarajeshwari Nagar Gardens,2 BHK,1063.0,1.0,2.0,60.45,2,6045000.0,5686.735653809972
Plot  Area,Ready To Move,Btm Layout,2 BHK,1086.0,2.0,0.0,74.34,2,7434000.0,6845.303867403315
Super built-up  Area,Ready To Move,Varthur,3 BHK,1539.0,3.0,1.0,53.36,3,5336000.0,3467.1864847303445
Built-up  Area,Ready To Move,Electronic City,2 BHK,1226.0,2.0,0.0,54.1,2,5410000.0,4412.7243066884175
Super built-up  Area,Ready To Move,Kanakapura Road,3 BHK,2204.0,4.0,0.0,89.37,3,8937000.0,4054.900181488203
Super built-up  Area,Ready To Move,Marathahalli,4 BHK,2129.44,4.0,3.0,111.94,4,11194000.0,5256.781125554136
Super built-up  Area,Ready To Move,Bannerghatta Road,3 Bedroom,1986.0,3.0,2.0,90.17,3,9017000.0,4540.281973816717
Super built-up  Area,Ready To Move,Btm Layout,3 BHK,1463.0,4.0,3.0,93.98,3,9398000.0,6423.786739576213
Super built-up  Area,Ready To Move,Yeshwanthpur,3 BHK,1716.0,3.0,2.0,103.36,3,10336000.0,6023.310023310023
Plot  Area,Ready To Move,Talaghattapura Main Road,5 Bedroom,3272.03,5.0,0.0,183.88,5,18388000.0,5619.75287512645
Super built-up  Area,Ready To Move,Frazer Town,1 BHK,401.0,1.0,1.0,44.04,1,4404000.0,10982.543640897755
Super built-up  Area,Ready To Move,Frazer Town,2 BHK,1045.44,1.0,0.0,108.1,2,10810000.0,10340.143862871135
Super built-up  Area,Ready To Move,Electronic City,2 BHK,1039.0,3.0,1.0,46.11,2,4611000.0,4437.921077959577
Plot  Area,Ready To Move,Jp Nagar,3 BHK,1436.0,4.0,1.0,90.49,3,9049000.0,6301.532033426184
Super built-up  Area,Ready To Move,Sarjapur Road,2 BHK,1017.0,2.0,1.0,54.38,2,5438000.0,5347.099311701081
Plot  Area,Ready To Move,Malleshwaram,3 BHK,1533.85575,3.0,3.0,134.18,3,13418000.0,8747.88910234877
Super built-up  Area,Ready To Move,Chandapura Extension,2 BHK,1394.0,2.0,1.0,130.02,2,13002000.000000002,9327.116212338595
Super built-up  Area,Ready To Move,Basavanagudi,3 Bedroom,2027.0,3.0,1.0,172.7,3,17270000.0,8519.980266403552
Super built-up  Area,Ready To Move,Kengeri,2 Bedroom,1140.0,2.0,0.0,40.44,2,4044000.0,3547.3684210526317
Plot  Area,Ready To Move,Jp Nagar,3 Bedroom,1807.74,4.0,1.0,137.43,3,13743000.0,7602.310066713134
Built-up  Area,Ready To Move,Basavanagudi,2 BHK,1246.5,2.0,3.0,137.34,2,13734000.0,11018.050541516246
Built-up  Area,Ready To Move,Yelahanka,1 BHK,707.0,1.0,0.0,36.1,1,3610000.0,5106.082036775106
Super built-up  Area,19-Aug,Akshaya Nagar Extension,2 BHK,1450.0,1.0,1.0,60.41,2,6041000.0,4166.206896551724
Super built-up  Area,18-Dec,Whitefield,3 BHK,2087.0,3.0,1.0,110.54,3,11054000.0,5296.597987541926
Super built-up  Area,Ready To Move,Akshaya Nagar Extension,1 BHK,698.5,1.0,0.0,33.15,1,3315000.0,4745.88403722262
Built-up  Area,Ready To Move,Doddakannelli Gardens,3 Bedroom,1813.0,3.0,0.0,91.55,3,9155000.0,5049.641478212907
Built-up  Area,Ready To Move,Btm Layout,2 Bedroom,1374.0,2.0,1.0,98.51,2,9851000.0,7169.577874818049
Super built-up  Area,Ready To Move,Jp Nagar,3 BHK,1280.98,2.0,0.0,94.53,3,9453000.0,7379.506315477212
Super built-up  Area,Ready To Move,Pattandur Agrahara Colony,2 BHK,1033.31,2.0,2.0,60.45,2,6045000.0,5850.132099757092
Super built-up  Area,Ready To Move,Yelahanka,1 BHK,646.68,2.0,0.0,35.78,1,3578000.0,5532.875610812149
Super built-up  Area,Ready To Move,Indiranagar,2 BHK,1159.0,2.0,1.0,134.52,2,13452000.000000002,11606.557377049183
Super built-up  Area,18-Jun,Sarjapur Road,3 BHK,1340.0,3.0,2.0,72.89,3,7289000.0,5439.55223880597
Built-up  Area,18-Jun,Bannerghatta Road,1 BHK,401.5,1.0,1.0,17.24,1,1723999.9999999998,4293.897882938978
Built-up  Area,Ready To Move,Kengeri,3 Bedroom,1821.3525000000002,4.0,1.0,60.42,3,6042000.0,3317.3150172742503
Super built-up  Area,Ready To Move,Kanakapura Road,2 BHK,1188.0,2.0,1.0,55.03,2,5503000.0,4632.154882154882
Super built-up  Area,18-Jun,Basavanagudi,3 BHK,1332.5,3.0,0.0,130.79,3,13079000.0,9815.384615384615
Carpet  Area,Ready To Move,Vidyaranyapura Township,2 BHK,1157.0,1.0,2.0,72.03,2,7203000.0,6225.583405358686
Super built-up  Area,19-Aug,Sarjapur Road,2 BHK,871.2,2.0,1.0,57.73,2,5773000.0,6626.492194674012
Super built-up  Area,Ready To Move,Ambalipura Extension,6 BHK,2801.0,6.0,1.0,166.82,6,16682000.0,5955.730096394145
Super built-up  Area,Ready To Move,Bannerghatta Road,2 Bedroom,1154.0,1.0,1.0,61.68,2,6168000.0,5344.887348353553
Built-up  Area,18-Jun,Hsr Layout,3 Bedroom,1703.8177309999999,3.0,3.0,116.54,3,11654000.0,6839.933513991586
Plot  Area,Ready To Move,Cv Raman Nagar,2 BHK,1361.2027939999998,2.0,2.0,80.09,2,8009000.0,5883.76694148925
Super built-up  Area,Ready To Move,Koramangala,2 BHK,1384.0,2.0,2.0,155.85,2,15585000.0,11260.838150289017
Super built-up  Area,Ready To Move,Sarjapur Road,1 BHK,705.0,2.0,1.0,35.21,1,3521000.0,4994.326241134751
Super built-up  Area,Ready To Move,Jp Nagar,3 BHK,2210.0,3.0,1.0,149.91,3,14991000.0,6783.257918552036
Super built-up  Area,Ready To Move,Bannerghatta Road,3 Bedroom,2241.0,3.0,2.0,112.57,3,11257000.0,5023.203926818384
Built-up  Area,Ready To Move,Kengeri,2 BHK,1128.0,2.0,1.0,39.12,2,3911999.9999999995,3468.085106382978
Built-up  Area,Ready To Move,Kanakapura Road,4 Bedroom,2032.0,5.0,2.0,100.25,4,10025000.0,4933.562992125984
Carpet  Area,Ready To Move,Basavanagudi,3 BHK,2004.0,3.0,2.0,163.47,3,16347000.0,8157.185628742515
Super built-up  Area,Ready To Move,Yelahanka,2 BHK,1162.0,2.0,3.0,52.78,2,5278000.0,4542.168674698795
Built-up  Area,19-Aug,Electronic City,2 Bedroom,965.0,2.0,1.0,40.62,2,4061999.9999999995,4209.326424870465
Super built-up  Area,Ready To Move,Varthur,3 Bedroom,1186.5,4.0,1.0,61.53,3,6153000.0,5185.840707964602
Super built-up  Area,Ready To Move,Hsr Layout,2 Bedroom,1107.0,2.0,2.0,78.83,2,7883000.0,7121.047877145438
Built-up  Area,18-Nov,Electronic City,3 Bedroom,1863.14,3.0,2.0,80.65,3,8065000.000000001,4328.713891602349
Built-up  Area,Ready To Move,Kanakapura Road,3 BHK,2077.0,2.0,3.0,90.13,3,9013000.0,4339.431872893597
Super built-up  Area,Ready To Move,Kumaraswamy Layout Phase 1,2 BHK,1116.0,2.0,3.0,57.95,2,5795000.0,5192.652329749104
Built-up  Area,Ready To Move,Sarjapur Road,2 BHK,1035.0,2.0,1.0,60.97,2,6097000.0,5890.821256038647
Carpet  Area,Ready To Move,Ramamurthy Nagar Cross,3 BHK,1696.5,3.0,2.0,102.75,3,10275000.0,6056.5870910698495
Super built-up  Area,Ready To Move,Whitefield,5 BHK,2711.61,5.0,0.0,149.54,5,14954000.0,5514.8048576307065
Carpet  Area,Ready To Move,Kengeri,2 BHK,906.5,2.0,1.0,32.85,2,3285000.0,3623.8279095421954
Plot  Area,Ready To Move,Malleshwaram,2 BHK,1375.0,2.0,0.0,138.92,2,13891999.999999998,10103.272727272726
Built-up  Area,Ready To Move,Sompura Main Road,3 Bedroom,1483.0,4.0,1.0,80.74,3,8073999.999999999,5444.369521240727
Super built-up  Area,Ready To Move,Rajarajeshwari Nagar Gardens,3 BHK,2102.0,3.0,1.0,120.71,3,12071000.0,5742.626070409134
Built-up  Area,Ready To Move,Sathanur Extension,3 Bedroom,1334.08,2.0,1.0,63.16,3,6316000.0,4734.348764691773
Built-up  Area,19-Aug,Vijayanagar,2 BHK,1093.0,1.0,2.0,63.81,2,6381000.0,5838.060384263495
Super built-up  Area,Ready To Move,Banashankari,2 Bedroom,1397.48,2.0,1.0,89.09,2,8909000.0,6375.046512293557
Super built-up  Area,19-May,Indiranagar,2 BHK,856.0,2.0,1.0,83.62,2,8362000.0,9768.691588785046
Plot  Area,Ready To Move,Basavanagudi,3 BHK,1263.0,3.0,2.0,115.13,3,11513000.0,9115.597783056215
Super built-up  Area,Ready To Move,Uttarahalli,5 BHK,2526.48,5.0,1.0,110.98,5,11098000.0,4392.672809600709
Super built-up  Area,18-Dec,Sarjapur Enclave,4 Bedroom,2308.5,3.0,0.0,81.41,4,8141000.0,3526.53238033355
Super built-up  Area,Ready To Move,Hsr Layout,2 BHK,940.0,2.0,3.0,74.38,2,7438000.0,7912.765957446809
Super built-up  Area,18-Nov,Whitefield,3 BHK,1733.0,3.0,2.0,121.88,3,12188000.0,7032.890940565493
Super built-up  Area,Ready To Move,Btm Layout,1 BHK,566.28,1.0,0.0,35.03,1,3503000.0,6185.985731440277
Built-up  Area,Ready To Move,Jp Nagar,1 BHK,592.5,1.0,0.0,37.71,1,3771000.0,6364.556962025316
Built-up  Area,Ready To Move,Uttarahalli,2 BHK,1024.0,2.0,3.0,35.36,2,3536000.0,3453.125
Super built-up  Area,Ready To Move,Vasanthapura Phase 1,2 BHK,1392.0,1.0,0.0,140.93,2,14093000.0,10124.281609195403
Built-up  Area,Ready To Move,Basavanagudi,2 BHK,1251.0,1.0,2.0,134.25,2,13425000.0,10731.414868105516
Super built-up  Area,Ready To Move,Electronic City,3 BHK,2028.2625,2.0,2.0,74.22,3,7422000.0,3659.2896629504316
Super built-up  Area,18-Jun,Btm Layout,2 BHK,1306.8,2.0,2.0,88.95,2,8895000.0,6806.7033976124885
Built-up  Area,19-May,Varthur,3 BHK,2009.205,3.0,3.0,92.02,3,9202000.0,4579.9209139933455
Built-up  Area,Ready To Move,Nagarbhavi Colony,3 BHK,1807.33,3.0,3.0,90.01,3,9001000.0,4980.274769964533
Built-up  Area,Ready To Move,Varthur,2 BHK,1375.0,1.0,1.0,49.13,2,4913000.0,3573.090909090909
Super built-up  Area,Ready To Move,Kr Puram,2 BHK,1361.0,1.0,1.0,60.9,2,6090000.0,4474.650991917708
Super built-up  Area,Ready To Move,Kaggadasapura Block,1 BHK,564.0,1.0,3.0,38.47,1,3847000.0,6820.921985815603
Super built-up  Area,Ready To Move,Varthur,1 BHK,509.0,1.0,3.0,28.09,1,2809000.0,5518.664047151277
Plot  Area,19-May,Banashankari,4 BHK,1802.21,4.0,1.0,126.14,4,12614000.0,6999.1843347889535
Carpet  Area,Ready To Move,Rt Nagar,3 BHK,1436.0,4.0,0.0,81.64,3,8164000.0,5685.236768802229
Super built-up  Area,Ready To Move,Vijayanagar,2 BHK,1386.0,2.0,1.0,80.63,2,8063000.0,5817.460317460317
Super built-up  Area,Ready To Move,Sarjapur Road,1 BHK,583.0,1.0,2.0,27.56,1,2756000.0,4727.272727272727
Built-up  Area,19-May,Hebbal,2 Bedroom,981.0,2.0,0.0,77.26,2,7726000.000000001,7875.637104994904
Super built-up  Area,Ready To Move,Doddakannelli Enclave,4 BHK,2536.0,3.0,2.0,243.23,4,24323000.0,9591.08832807571
Super built-up  Area,Ready To Move,Jp Nagar,4 BHK,2732.0,5.0,2.0,169.76,4,16976000.0,6213.762811127379
Built-up  Area,Ready To Move,Yelenahalli Township,3 Bedroom,1807.0,2.0,1.0,77.72,3,7772000.0,4301.051466519092
Built-up  Area,Ready To Move,Kengeri,4 BHK,2848.0,4.0,0.0,101.75,4,10175000.0,3572.682584269663
Built-up  Area,Ready To Move,Thanisandra Phase 2,5 Bedroom,3485.0,5.0,1.0,139.18,5,13918000.0,3993.687230989957
Super built-up  Area,Ready To Move,Btm Layout,3 BHK,1876.0,3.0,2.0,135.19,3,13519000.0,7206.289978678038
Super built-up  Area,Ready To Move,Yelahanka,2 BHK,1022.0,2.0,0.0,46.39,2,4639000.0,4539.138943248532
Carpet  Area,Ready To Move,Attibele Phase 1,4 BHK,2032.0,4.0,3.0,187.39,4,18739000.0,9221.948818897637
Super built-up  Area,Ready To Move,Rajaji Nagar,2 BHK,1060.5,2.0,0.0,86.1,2,8610000.0,8118.811881188119
Super built-up  Area,18-Nov,Yelahanka,2 BHK,971.388,2.0,1.0,44.8,2,4480000.0,4611.957322923487
Built-up  Area,Ready To Move,Yelenahalli Township,4 BHK,2317.3920000000003,4.0,1.0,96.0,4,9600000.0,4142.587874645291
Plot  Area,Ready To Move,Kr Puram,1 BHK,521.0,1.0,2.0,22.18,1,2218000.0,4257.197696737044
Super built-up  Area,19-May,Nallurhalli Main Road,4 BHK,2902.0,4.0,2.0,189.83,4,18983000.0,6541.350792556857
Plot  Area,Ready To Move,Vidyaranyapura Extension,3 Bedroom,1882.0,2.0,0.0,123.38,3,12338000.0,6555.791710945802
Plot  Area,19-May,Indiranagar,1 BHK,666.0,1.0,0.0,93.14,1,9314000.0,13984.984984984985
Super built-up  Area,Ready To Move,Malleshwaram,2 BHK,1156.0,2.0,3.0,135.25,2,13525000.0,11699.826989619378
Super built-up  Area,Ready To Move,Sompura Main Road,3 BHK,2187.0,3.0,3.0,143.83,3,14383000.000000002,6576.588934613626
Super built-up  Area,Ready To Move,Electronic City,5 BHK,3022.09,5.0,0.0,149.05,5,14905000.000000002,4932.017246342763
Super built-up  Area,18-Jun,Yelahanka,4 BHK,2388.0,4.0,2.0,98.06,4,9806000.0,4106.365159128978
Super built-up  Area,Ready To Move,Hsr Layout,1 Bedroom,704.46,2.0,0.0,55.21,1,5521000.0,7837.208642080458
Plot  Area,Ready To Move,Kanakapura Road,2 Bedroom,731.808,2.0,2.0,35.0,2,3500000.0,4782.675237220692
Built-up  Area,Ready To Move,Kr Puram,3 BHK,2052.0,3.0,0.0,93.2,3,9320000.0,4541.910331384016
Super built-up  Area,Ready To Move,Rt Nagar,2 BHK,1213.0,2.0,2.0,69.47,2,6947000.0,5727.122835943941
Super built-up  Area,19-May,Btm Layout,4 BHK,1893.69,4.0,1.0,122.59,4,12259000.0,6473.604444233217
Super built-up  Area,19-May,Btm Layout,2 Bedroom,930.52,2.0,1.0,66.42,2,6642000.0,7137.944375188067
Super built-up  Area,Ready To Move,Marathahalli,1 BHK,734.0,1.0,1.0,45.67,1,4567000.0,6222.070844686648
Super built-up  Area,Ready To Move,Horamavu Nagar,1 BHK,723.0,1.0,1.0,29.74,1,2974000.0,4113.416320885201
Plot  Area,Ready To Move,Bellandur,3 BHK,1893.0,2.0,2.0,121.53,3,12153000.0,6419.968304278922
Super built-up  Area,Ready To Move,Whitefield,3 BHK,2056.0,3.0,2.0,118.91,3,11891000.0,5783.560311284046
Super built-up  Area,Ready To Move,Yelenahalli Layout,1 BHK,463.0,1.0,0.0,31.12,1,3112000.0,6721.382289416847
Super built-up  Area,Ready To Move,Whitefield,2 BHK,841.0,2.0,0.0,44.33,2,4433000.0,5271.105826397146
Super built-up  Area,Ready To Move,Koramangala,3 Bedroom,1703.5,2.0,3.0,166.3,3,16630000.000000002,9762.254182565308
Super built-up  Area,Ready To Move,Ambalipura Phase 2,4 BHK,2613.6,4.0,1.0,243.05,4,24305000.0,9299.433731251913
Super built-up  Area,Ready To Move,Sathanur Gardens,1 BHK,515.0,1.0,1.0,24.7,1,2470000.0,4796.116504854369
Super built-up  Area,Ready To Move,Indiranagar,3 BHK,1930.0,2.0,0.0,198.34,3,19834000.0,10276.683937823835
Super built-up  Area,Ready To Move,Sarjapur Road,4 BHK,2865.0,5.0,1.0,151.44,4,15144000.0,5285.863874345549
Super built-up  Area,Ready To Move,Sarjapur Road,5 BHK,2617.91,5.0,0.0,139.35,5,13935000.0,5322.948458885142
Carpet  Area,Ready To Move,Yelenahalli Enclave,1 BHK,785.0,1.0,2.0,53.42,1,5342000.0,6805.095541401274
Super built-up  Area,Ready To Move,Kumaraswamy Layout Layout,3 BHK,2071.0,2.0,2.0,101.87,3,10187000.0,4918.879768227909
Super built-up  Area,Ready To Move,Malleshwaram,4 BHK,2521.0,4.0,2.0,240.16,4,24016000.0,9526.378421261405
Plot  Area,Ready To Move,Koramangala,2 BHK,1341.5,3.0,1.0,180.62,2,18062000.0,13464.032799105478
Super built-up  Area,Ready To Move,Sarjapur Road,2 BHK,1114.278928,2.0,0.0,51.74,2,5174000.0,4643.36161259616
Built-up  Area,18-Dec,Koramangala,2 BHK,923.66,1.0,1.0,94.14,2,9414000.0,10192.062014161056
Super built-up  Area,19-May,Nagarbhavi Colony,2 BHK,1010.407293,1.0,1.0,48.7,2,4870000.0,4819.838528224083
Super built-up  Area,Ready To Move,Thanisandra Phase 1,2 BHK,1164.0,2.0,1.0,38.87,2,3886999.9999999995,3339.3470790378
Super built-up  Area,Ready To Move,Malleshwaram,1 BHK,445.7330989999999,1.0,1.0,41.16,1,4115999.9999999995,9234.225614463512
Super built-up  Area,19-May,Kumaraswamy Layout Stage 2,1 BHK,472.0,1.0,1.0,41.82,1,4182000.0,8860.169491525423
Carpet  Area,Ready To Move,Uttarahalli,3 BHK,1693.0,3.0,3.0,65.83,3,6583000.0,3888.3638511518016
Built-up  Area,18-Nov,Bellandur,2 BHK,1212.0,1.0,3.0,75.24,2,7523999.999999999,6207.920792079207
Built-up  Area,18-Dec,Munnekollal Phase 2,2 BHK,1022.0,2.0,0.0,42.39,2,4239000.0,4147.749510763209
Super built-up  Area,19-May,Koramangala,3 BHK,2069.1,3.0,2.0,258.83,3,25883000.0,12509.303561935141
Plot  Area,Ready To Move,Attibele Phase 2,2 BHK,1130.5,2.0,0.0,70.34,2,7034000.0,6222.025652366209
Super built-up  Area,Ready To Move,Banashankari,3 BHK,1543.5,2.0,1.0,77.19,3,7719000.0,5000.971817298348
Plot  Area,Ready To Move,Jayanagar,1 BHK,660.0,1.0,0.0,52.08,1,5208000.0,7890.909090909091
Built-up  Area,19-Mar,Uttarahalli,2 BHK,1139.27,1.0,0.0,55.27,2,5527000.0,4851.352181660186
Built-up  Area,Ready To Move,Dodballapur Road Phase 2,5 BHK,2204.136,5.0,0.0,227.63,5,22763000.0,10327.402664808342
Plot  Area,Ready To Move,Sarjapur Road,4 BHK,2784.0,5.0,0.0,141.44,4,14144000.0,5080.459770114942
Super built-up  Area,18-Jun,Rt Nagar,2 BHK,932.0,2.0,2.0,55.35,2,5535000.0,5938.841201716738
Super built-up  Area,Ready To Move,Ambalipura Extension,1 BHK,499.0,2.0,1.0,30.02,1,3002000.0,6016.032064128257
Built-up  Area,Ready To Move,Btm Layout,2 BHK,1104.16,2.0,1.0,88.95,2,8895000.0,8055.897695986088
Built-up  Area,Ready To Move,Koramangala,2 BHK,921.0,2.0,3.0,109.12,2,10912000.0,11847.99131378936
Built-up  Area,Ready To Move,Yelenahalli Township,3 BHK,2165.0,2.0,0.0,84.51,3,8451000.0,3903.4642032332563
Super built-up  Area,19-Aug,Pattandur Agrahara Colony,3 BHK,1827.0,3.0,1.0,111.86,3,11186000.0,6122.605363984674
Super built-up  Area,Ready To Move,Banashankari,3 BHK,1274.0,3.0,1.0,82.3,3,8230000.0,6459.968602825746
Built-up  Area,18-Dec,Domlur,5 BHK,2497.0,5.0,2.0,275.83,5,27583000.0,11046.455746896276
Built-up  Area,Ready To Move,Mahadevapura Stage 2,2 BHK,1341.0,1.0,1.0,119.2,2,11920000.0,8888.888888888889
Carpet  Area,Ready To Move,Bellandur,2 Bedroom,751.0,2.0,2.0,52.4,2,5240000.0,6977.363515312916
Super built-up  Area,Ready To Move,Nagavara Phase 1,3 BHK,1548.0,2.0,3.0,93.99,3,9399000.0,6071.705426356589
Super built-up  Area,Ready To Move,Varthur,2 BHK,922.0,2.0,0.0,43.64,2,4364000.0,4733.188720173536
Super built-up  Area,Ready To Move,Kr Puram,3 Bedroom,1558.0,2.0,1.0,65.86,3,6586000.0,4227.214377406932
Plot  Area,Ready To Move,Electronic City,1 Bedroom,470.0,1.0,3.0,18.36,1,1836000.0,3906.3829787234044
Built-up  Area,Ready To Move,Yelahanka,2 BHK,1165.0,2.0,1.0,48.97,2,4897000.0,4203.43347639485
Super built-up  Area,Ready To Move,Vijayanagar,2 BHK,1130.0,1.0,0.0,68.46,2,6845999.999999999,6058.407079646016
Built-up  Area,18-Nov,Marathahalli,3 BHK,2017.36,3.0,0.0,138.06,3,13806000.0,6843.597573065789
Built-up  Area,Ready To Move,Hebbal,2 BHK,1353.0,2.0,3.0,93.04,2,9304000.0,6876.570583887657
Built-up  Area,19-Aug,Uttarahalli,2 BHK,962.96,1.0,0.0,37.51,2,3751000.0,3895.281216249896
Super built-up  Area,Ready To Move,Kr Puram,1 Bedroom,777.0,1.0,3.0,28.75,1,2875000.0,3700.1287001287
Carpet  Area,19-Aug,Cv Raman Nagar,2 BHK,1073.0,3.0,0.0,66.43,2,6643000.000000001,6191.0531220876055
Built-up  Area,Ready To Move,Chandapura Extension,3 BHK,2043.0,4.0,0.0,193.43,3,19343000.0,9467.93930494371
Super built-up  Area,Ready To Move,Varthur,2 BHK,977.67,2.0,1.0,43.6,2,4360000.0,4459.582476704819
Built-up  Area,Ready To Move,Varthur,2 BHK,1353.0,3.0,1.0,56.93,2,5693000.0,4207.686622320769
Plot  Area,Ready To Move,Btm Layout,3 Bedroom,2028.0,3.0,2.0,130.23,3,13022999.999999998,6421.5976331360935
Plot  Area,19-Aug,Sarjapur Road,3 BHK,1742.4,4.0,0.0,99.94,3,9994000.0,5735.766758494031
Carpet  Area,Ready To Move,Hebbal,2 BHK,1402.0,1.0,0.0,105.65,2,10565000.0,7535.663338088445
Super built-up  Area,Ready To Move,Jayanagar,3 BHK,1492.0,3.0,1.0,138.44,3,13844000.0,9278.82037533512
Super built-up  Area,Ready To Move,Ambalipura Extension,2 BHK,1267.5960000000002,3.0,1.0,65.83,2,6583000.0,5193.295024597742
Super built-up  Area,18-Nov,Domlur,2 BHK,1204.0,2.0,0.0,141.74,2,14174000.0,11772.425249169435
Super built-up  Area,Ready To Move,Bannerghatta Road,2 BHK,1031.62,2.0,1.0,42.44,2,4244000.0,4113.917915511526
Built-up  Area,Ready To Move,Nagarbhavi Extension,2 BHK,1146.678267,2.0,0.0,104.29,2,10429000.0,9094.9661296755
Super built-up  Area,19-Mar,Yeshwanthpur,1 Bedroom,677.0,1.0,1.0,43.75,1,4375000.0,6462.333825701625
Carpet  Area,Ready To Move,Other,2 BHK,917.27,3.0,1.0,57.42,2,5742000.0,6259.879860891559
Super built-up  Area,19-Mar,Nagarbhavi Gardens,1 BHK,533.0,1.0,0.0,60.33,1,6033000.0,11318.949343339587
Plot  Area,Ready To Move,Uttarahalli,2 BHK,1297.71,3.0,2.0,55.24,2,5524000.0,4256.729161368873
Super built-up  Area,Ready To Move,Uttarahalli,1 BHK,437.0,2.0,1.0,18.95,1,1895000.0,4336.384439359268
Super built-up  Area,19-Mar,Bannerghatta Road,3 BHK,1774.0,4.0,1.0,81.76,3,8176000.000000001,4608.793686583991
Plot  Area,Ready To Move,Hennur,4 BHK,2036.2,4.0,1.0,119.25,4,11925000.0,5856.497397112268
Super built-up  Area,Ready To Move,Btm Layout,1 BHK,696.0,1.0,0.0,47.36,1,4736000.0,6804.597701149425
Plot  Area,Ready To Move,Banashankari,2 BHK,1415.7,2.0,2.0,84.81,2,8481000.0,5990.675990675991
Super built-up  Area,Ready To Move,Hennur,3 BHK,1491.93,3.0,2.0,94.23,3,9423000.0,6315.979972250709
Super built-up  Area,Ready To Move,Singasandra Main Road,2 BHK,1296.43,3.0,1.0,92.83,2,9283000.0,7160.432881065695
Super built-up  Area,Ready To Move,Indiranagar,2 BHK,978.01,3.0,2.0,113.47,2,11347000.0,11602.130857557693
Carpet  Area,Ready To Move,Sarjapur Road,2 BHK,1061.0,3.0,2.0,46.17,2,4617000.0,4351.5551366635245
Super built-up  Area,Ready To Move,Whitefield,3 BHK,1995.0,3.0,2.0,116.03,3,11603000.0,5816.040100250627
Super built-up  Area,Ready To Move,Basavanagudi,2 BHK,1145.0,1.0,1.0,108.25,2,10825000.0,9454.148471615721
Built-up  Area,18-Nov,Uttarahalli,3 BHK,1657.0,3.0,1.0,68.01,3,6801000.000000001,4104.405552202777
Built-up  Area,18-Nov,Btm Layout,3 BHK,1832.07,4.0,2.0,119.78,3,11978000.0,6537.95979411267
Built-up  Area,19-May,Singasandra Nagar,3 Bedroom,1558.0,3.0,0.0,148.89,3,14888999.999999998,9556.482670089857
Super built-up  Area,Ready To Move,Horamavu Nagar,2 BHK,1141.5,2.0,2.0,44.33,2,4433000.0,3883.4866403854576
Carpet  Area,Ready To Move,Varthur,2 Bedroom,1221.0,2.0,1.0,47.5,2,4750000.0,3890.2538902538904
Super built-up  Area,19-May,Btm Layout,2 Bedroom,1230.0,3.0,0.0,81.63,2,8163000.0,6636.585365853659
Built-up  Area,18-Dec,Doddakannelli Enclave,3 BHK,1835.0,3.0,2.0,188.53,3,18853000.0,10274.114441416894
Plot  Area,Ready To Move,Electronic City,3 BHK,1853.5,2.0,0.0,84.24,3,8424000.0,4544.915025627191
Built-up  Area,Ready To Move,Sathanur Gardens,1 BHK,406.22,2.0,2.0,19.3,1,1930000.0,4751.1200827138
Super built-up  Area,19-May,Uttarahalli,2 Bedroom,1290.85,2.0,2.0,47.89,2,4789000.0,3709.9585544408724
Super built-up  Area,Ready To Move,Btm Layout,3 BHK,2005.0,4.0,2.0,112.65,3,11265000.0,5618.453865336658
Plot  Area,Ready To Move,Bannerghatta Road,2 BHK,1324.71,1.0,0.0,62.51,2,6251000.0,4718.768636154328
Super built-up  Area,18-Jun,Vishveshwarya Layout Enclave,2 BHK,1093.84,3.0,3.0,121.54,2,12154000.0,11111.314268997296
Built-up  Area,Ready To Move,Nagarbhavi Extension,1 BHK,432.8775,1.0,0.0,35.04,1,3504000.0,8094.668815080479
Super built-up  Area,Ready To Move,Indiranagar,3 BHK,1687.95,2.0,2.0,205.76,3,20576000.0,12189.934535975592
Built-up  Area,Ready To Move,Hennur,3 BHK,2135.72,3.0,3.0,140.45,3,14044999.999999998,6576.236585320173
Super built-up  Area,Ready To Move,Banashankari,1 BHK,704.0,1.0,1.0,35.37,1,3536999.9999999995,5024.147727272727
Super built-up  Area,Ready To Move,Koramangala,3 BHK,2060.0,4.0,2.0,225.79,3,22579000.0,10960.679611650485
Built-up  Area,Ready To Move,Dodballapur Road Phase 1,3 BHK,1406.0,4.0,0.0,52.78,3,5278000.0,3753.9118065433854
Super built-up  Area,Ready To Move,Talaghattapura Main Road,3 BHK,1909.5,3.0,0.0,143.0,3,14300000.0,7488.871432312124
Super built-up  Area,19-Aug,Electronic City,3 BHK,1688.0,3.0,3.0,64.03,3,6403000.0,3793.2464454976302
Super built-up  Area,Ready To Move,Uttarahalli,2 BHK,1355.0,2.0,2.0,59.86,2,5986000.0,4417.712177121771
Super built-up  Area,19-Aug,Marathahalli,2 BHK,959.0,1.0,3.0,65.92,2,6592000.0,6873.8269030239835
Built-up  Area,Ready To Move,Marathahalli,3 BHK,1467.0,2.0,0.0,91.39,3,9139000.0,6229.720518064077
Super built-up  Area,Ready To Move,Sarjapur Road,1 BHK,439.14,1.0,0.0,22.77,1,2277000.0,5185.134581226944
Super built-up  Area,Ready To Move,Sarjapur Enclave,3 BHK,1426.0,3.0,1.0,56.74,3,5674000.0,3978.962131837307
Carpet  Area,Ready To Move,Kaggadasapura Block,2 BHK,1159.0,2.0,1.0,89.27,2,8927000.0,7702.329594477998
Plot  Area,Ready To Move,Yelahanka,2 BHK,1423.5,2.0,2.0,71.31,2,7131000.0,5009.483667017914
Super built-up  Area,18-Dec,Kengeri,5 BHK,2616.0,5.0,3.0,112.4,5,11240000.0,4296.636085626911
Super built-up  Area,Ready To Move,Btm Layout,2 Bedroom,964.0,1.0,1.0,68.27,2,6827000.0,7081.95020746888
Super built-up  Area,Ready To Move,Banashankari,1 Bedroom,606.55,1.0,1.0,38.64,1,3864000.0,6370.455856895557
Super built-up  Area,Ready To Move,Kanakapura Road,3 BHK,1417.0,3.0,2.0,67.85,3,6784999.999999999,4788.285109386026
Built-up  Area,Ready To Move,Bannerghatta Road,2 BHK,1156.0,2.0,0.0,55.06,2,5506000.0,4762.975778546713
Super built-up  Area,Ready To Move,Uttarahalli,1 BHK,527.27,2.0,1.0,25.5,1,2550000.0,4836.231911544371
Plot  Area,Ready To Move,Koramangala,2 BHK,1220.58,3.0,2.0,137.73,2,13772999.999999998,11283.979747333235
Super built-up  Area,Ready To Move,Whitefield,1 BHK,626.29,1.0,0.0,37.58,1,3758000.0,6000.41514314455
Built-up  Area,19-May,Kanakapura Road,3 Bedroom,1614.4424999999999,4.0,0.0,81.11,3,8111000.0,5024.025321434489
Super built-up  Area,Ready To Move,Hsr Layout,3 Bedroom,2042.0,4.0,2.0,168.2,3,16820000.0,8237.022526934377
Super built-up  Area,19-May,Talaghattapura Main Road,1 BHK,518.0,1.0,1.0,32.69,1,3269000.0,6310.810810810811
Built-up  Area,Ready To Move,Kengeri,2 BHK,1262.27,2.0,2.0,50.92,2,5092000.0,4034.0022340703654
Super built-up  Area,19-Aug,Koramangala,2 BHK,980.5,3.0,0.0,119.42,2,11942000.0,12179.500254971954
Super built-up  Area,Ready To Move,Hsr Layout,3 BHK,2021.0,3.0,2.0,157.63,3,15763000.0,7799.6041563582385
Built-up  Area,Ready To Move,Kengeri,2 BHK,903.17,1.0,2.0,31.49,2,3149000.0,3486.6082797258546
Super built-up  Area,Ready To Move,Nagavara Main Road,2 Bedroom,1025.0,2.0,1.0,39.8,2,3979999.9999999995,3882.9268292682923
Super built-up  Area,Ready To Move,Singasandra Nagar,2 BHK,1030.535786,1.0,1.0,100.57,2,10057000.0,9759.00122695982
Super built-up  Area,Ready To Move,Hsr Layout,2 Bedroom,848.0,3.0,1.0,70.41,2,7041000.0,8303.066037735849
Built-up  Area,Ready To Move,Indiranagar,4 BHK,2624.0,4.0,2.0,340.7,4,34070000.0,12983.993902439024
Super built-up  Area,18-Jun,Banashankari,3 BHK,1926.15,4.0,2.0,140.45,3,14044999.999999998,7291.747787036315
Plot  Area,Ready To Move,Electronic City,2 BHK,1266.0,3.0,2.0,59.21,2,5921000.0,4676.935229067931
Super built-up  Area,Ready To Move,Subramanyapura Main Road,3 BHK,2018.0,3.0,2.0,117.48,3,11748000.0,5821.605550049554
Super built-up  Area,18-Dec,Gottigere Township,4 BHK,2206.0,4.0,2.0,189.35,4,18935000.0,8583.408884859475
Super built-up  Area,Ready To Move,Bellandur,2 BHK,958.094739,2.0,1.0,65.62,2,6562000.0,6849.009532031258
Built-up  Area,Ready To Move,Sarjapur Road,2 BHK,975.42,2.0,2.0,59.35,2,5935000.0,6084.558446617867
Built-up  Area,Ready To Move,Yelahanka,3 Bedroom,2141.0,4.0,3.0,92.87,3,9287000.0,4337.692666978048
Carpet  Area,Ready To Move,Rt Nagar,1 Bedroom,707.0,1.0,0.0,39.53,1,3953000.0,5591.2305516265915
Carpet  Area,18-Nov,Jayanagar,2 BHK,1296.44,2.0,1.0,120.39,2,12039000.0,9286.199129925026
Super built-up  Area,Ready To Move,Kr Puram,3 Bedroom,1947.53,2.0,1.0,86.37,3,8637000.0,4434.8482436727545
Carpet  Area,19-Aug,Nallurhalli Township,2 BHK,1387.0,3.0,3.0,53.92,2,5392000.0,3887.5270367700073
Super built-up  Area,19-May,Cv Raman Nagar,2 BHK,1219.5,2.0,1.0,89.86,2,8986000.0,7368.593685936859
Super built-up  Area,Ready To Move,Electronic City,2 BHK,1383.053511,2.0,1.0,59.04,2,5904000.0,4268.815308332636
Super built-up  Area,Ready To Move,Kanakapura Road,3 BHK,1591.0,4.0,0.0,63.4,3,6340000.0,3984.9151477058454
Super built-up  Area,19-Aug,Btm Layout,2 BHK,1262.0,2.0,1.0,88.19,2,8819000.0,6988.114104595879
Carpet  Area,Ready To Move,Kaggadasapura Block,2 Bedroom,850.18,1.0,2.0,57.25,2,5725000.0,6733.868122044744
Super built-up  Area,Ready To Move,Yelenahalli Enclave,4 Bedroom,1942.0,3.0,2.0,122.97,4,12297000.0,6332.131822863028
Super built-up  Area,Ready To Move,Jp Nagar,3 BHK,1211.69,3.0,0.0,86.49,3,8649000.0,7137.964330810685
Plot  Area,18-Dec,Cv Raman Nagar,4 BHK,2677.0,3.0,1.0,167.76,4,16776000.0,6266.71647366455
Built-up  Area,Ready To Move,Yeshwanthpur,2 BHK,782.0,2.0,2.0,50.46,2,5046000.0,6452.685421994885
Built-up  Area,19-Mar,Nagavara Main Road,3 BHK,1790.0,3.0,3.0,64.19,3,6419000.0,3586.0335195530724
Super built-up  Area,Ready To Move,Hennur,5 BHK,2482.99,4.0,2.0,156.28,5,15628000.0,6294.024542990508
Super built-up  Area,Ready To Move,Hsr Layout,2 BHK,1225.0,1.0,1.0,86.32,2,8632000.0,7046.530612244898
Carpet  Area,Ready To Move,Gottigere Phase 2,2 BHK,871.2,3.0,0.0,78.24,2,7823999.999999999,8980.716253443525
Carpet  Area,Ready To Move,Vidyaranyapura Township,2 Bedroom,1046.0,2.0,1.0,64.39,2,6439000.0,6155.831739961759
Carpet  Area,18-Dec,Yeshwanthpur,2 Bedroom,1182.71,2.0,1.0,78.75,2,7875000.0,6658.436979479331
Built-up  Area,Ready To Move,Indiranagar,3 Bedroom,1645.0,2.0,2.0,167.33,3,16733000.000000002,10172.036474164135
Super built-up  Area,Ready To Move,Malleshwaram,3 BHK,1949.86,4.0,1.0,214.77,3,21477000.0,11014.636948293724
Super built-up  Area,Ready To Move,Hebbal,2 Bedroom,1281.0,2.0,3.0,75.16,2,7516000.0,5867.291178766589
Super built-up  Area,Ready To Move,Domlur,1 BHK,467.0,1.0,0.0,56.27,1,5627000.0,12049.250535331907
Super built-up  Area,19-May,Dodballapur Road Phase 2,3 BHK,2186.0,4.0,1.0,201.49,3,20149000.0,9217.29185727356
Super built-up  Area,Ready To Move,Dodballapur Road Phase 2,2 BHK,871.2,1.0,0.0,91.82,2,9182000.0,10539.485766758493
Super built-up  Area,18-Dec,Mahadevapura Stage 2,4 BHK,1849.16,3.0,0.0,181.66,4,18166000.0,9823.920050184948
Super built-up  Area,19-Mar,Hsr Layout,3 BHK,2222.3,3.0,1.0,193.68,3,19368000.0,8715.294964676235
Built-up  Area,Ready To Move,Singasandra Main Road,1 BHK,497.0,1.0,0.0,33.65,1,3365000.0,6770.623742454728
Super built-up  Area,Ready To Move,Old Airport Road Colony,1 BHK,558.2158539999999,1.0,1.0,44.41,1,4441000.0,7955.703816323355
Super built-up  Area,Ready To Move,Sarjapur Road,3 BHK,2051.0,3.0,3.0,115.13,3,11513000.0,5613.359336908825
Built-up  Area,Ready To Move,Hsr Layout,3 BHK,2131.0,2.0,1.0,163.86,3,16386000.000000002,7689.347724073206
Built-up  Area,Ready To Move,Yelahanka,3 BHK,1442.0,3.0,2.0,65.87,3,6587000.0,4567.961165048544
Super built-up  Area,Ready To Move,Hsr Layout,3 BHK,1467.0,3.0,1.0,115.73,3,11573000.0,7888.888888888889
Super built-up  Area,Ready To Move,Yelenahalli Enclave,4 BHK,2287.0,4.0,0.0,147.42,4,14741999.999999998,6445.99912549191
Built-up  Area,Ready To Move,Horamavu Nagar,1 BHK,393.46,2.0,1.0,19.73,1,1973000.0,5014.486860163676
Super built-up  Area,Ready To Move,Hsr Layout,4 BHK,2048.0,5.0,0.0,164.52,4,16452000.000000002,8033.203125000001
Super built-up  Area,Ready To Move,Indiranagar,3 Bedroom,1630.3002940000001,2.0,2.0,193.46,3,19346000.0,11866.525493002211
Super built-up  Area,Ready To Move,Whitefield Hope Farm Extension,4 BHK,2061.0,4.0,3.0,87.0,4,8700000.0,4221.251819505094
Super built-up  Area,Ready To Move,Vijayanagar,2 BHK,1414.0,1.0,2.0,104.6,2,10460000.0,7397.454031117398
Super built-up  Area,Ready To Move,Marathahalli,2 BHK,986.0,2.0,3.0,62.04,2,6204000.0,6292.0892494929
Super built-up  Area,Ready To Move,Bellandur,2 Bedroom,1066.0,1.0,1.0,67.08,2,6708000.0,6292.682926829269
Super built-up  Area,18-Jun,Uttarahalli,2 Bedroom,1098.74,1.0,0.0,44.74,2,4474000.0,4071.936945956277
Super built-up  Area,Ready To Move,Vidyaranyapura Phase 2,1 Bedroom,636.0,1.0,1.0,57.08,1,5708000.0,8974.842767295597
Plot  Area,19-May,Vijayanagar,2 BHK,1154.3400000000001,2.0,1.0,76.23,2,7623000.0,6603.77358490566
Super built-up  Area,Ready To Move,Kanakapura Road,3 BHK,1728.5,3.0,2.0,71.82,3,7181999.999999999,4155.04772924501
Super built-up  Area,Ready To Move,Koramangala,2 BHK,1281.0,2.0,1.0,152.59,2,15259000.0,11911.787665886026
Super built-up  Area,Ready To Move,Yelahanka,3 Bedroom,1677.37,2.0,2.0,64.74,3,6473999.999999999,3859.6135617067193
Super built-up  Area,Ready To Move,Marathahalli,1 BHK,582.0,1.0,3.0,41.87,1,4186999.9999999995,7194.158075601374
Super built-up  Area,Ready To Move,Hsr Layout,2 BHK,990.14,2.0,1.0,71.17,2,7117000.0,7187.872422081726
Carpet  Area,19-Aug,Sarjapur Road,1 BHK,489.5,1.0,0.0,24.5,1,2450000.0,5005.107252298263
Super built-up  Area,18-Dec,Ambalipura Phase 2,3 BHK,1615.36,3.0,2.0,138.67,3,13866999.999999998,8584.46414421553
Super built-up  Area,Ready To Move,Indiranagar,2 BHK,1339.1367989999999,2.0,0.0,129.05,2,12905000.000000002,9636.8048504356
Plot  Area,18-Dec,Varthur,2 BHK,845.0,2.0,1.0,37.87,2,3786999.9999999995,4481.656804733727
Carpet  Area,Ready To Move,Hennur,3 BHK,1872.69,3.0,2.0,107.33,3,10733000.0,5731.327662346677
Super built-up  Area,Ready To Move,Whitefield,3 BHK,1971.0900000000001,3.0,0.0,127.46,3,12746000.0,6466.47286526744
Carpet  Area,Ready To Move,Hsr Layout,3 Bedroom,2107.5,3.0,1.0,176.39,3,17639000.0,8369.632265717675
Super built-up  Area,Ready To Move,Thanisandra Phase 2,2 Bedroom,1262.0,1.0,1.0,49.21,2,4921000.0,3899.366085578447
Built-up  Area,Ready To Move,Sarjapur Road,3 BHK,1884.0,3.0,3.0,103.31,3,10331000.0,5483.545647558386
Super built-up  Area,18-Jun,Electronic City,2 BHK,1371.0,3.0,0.0,50.9,2,5090000.0,3712.618526622903
Super built-up  Area,18-Jun,Hsr Layout,3 BHK,1586.0,3.0,1.0,132.67,3,13266999.999999998,8365.069356872635
Built-up  Area,18-Dec,Kengeri,3 BHK,1812.0,3.0,0.0,73.27,3,7327000.0,4043.598233995585
Super built-up  Area,Ready To Move,Domlur,2 BHK,1032.0,2.0,2.0,123.27,2,12327000.0,11944.767441860466
Carpet  Area,Ready To Move,Indiranagar,5 BHK,2504.7,6.0,2.0,330.39,5,33039000.0,13190.801293568093
Carpet  Area,19-Aug,Sarjapur Road,2 BHK,823.0,2.0,2.0,53.17,2,5317000.0,6460.510328068044
Super built-up  Area,Ready To Move,Sarjapur Road,3 BHK,1575.85,3.0,2.0,99.26,3,9926000.0,6298.822857505474
Built-up  Area,Ready To Move,Rajaji Nagar,4 BHK,1933.0,3.0,1.0,162.64,4,16263999.999999998,8413.86445938955
Super built-up  Area,Ready To Move,Btm Layout,5 BHK,3326.0,5.0,2.0,215.51,5,21551000.0,6479.555021046302
Built-up  Area,Ready To Move,Sathanur Enclave,2 BHK,1197.7,2.0,2.0,76.58,2,7658000.0,6393.921683226184
Super built-up  Area,18-Nov,Malleshwaram,2 BHK,923.0,2.0,0.0,78.67,2,7867000.0,8523.29360780065
Super built-up  Area,Ready To Move,Mahadevapura Nagar,2 BHK,1531.0,2.0,1.0,69.18,2,6918000.000000001,4518.615284128022
Super built-up  Area,Ready To Move,Whitefield,3 Bedroom,2219.5,3.0,3.0,138.41,3,13841000.0,6236.08920928137
Super built-up  Area,Ready To Move,Sarjapur Road,2 BHK,859.01,2.0,1.0,51.38,2,5138000.0,5981.304059324106
Super built-up  Area,Ready To Move,Electronic City,1 BHK,662.0,1.0,2.0,33.73,1,3372999.9999999995,5095.166163141993
Super built-up  Area,Ready To Move,Jp Nagar,3 Bedroom,1492.0,3.0,0.0,95.92,3,9592000.0,6428.954423592493
Plot  Area,Ready To Move,Hebbal,2 BHK,1032.0,2.0,2.0,82.26,2,8226000.000000001,7970.93023255814
Super built-up  Area,Ready To Move,Btm Layout,1 Bedroom,716.73,1.0,3.0,51.47,1,5147000.0,7181.22584515787
Carpet  Area,19-Mar,Banashankari,1 BHK,734.5,1.0,1.0,46.23,1,4623000.0,6294.077603812117
Built-up  Area,Ready To Move,Kanakapura Road,2 BHK,1149.0,2.0,1.0,49.5,2,4950000.0,4308.093994778068
Super built-up  Area,Ready To Move,Kanakapura Road,4 BHK,2790.0,4.0,0.0,132.94,4,13294000.0,4764.874551971327
Built-up  Area,19-Mar,Whitefield,2 BHK,1455.0,1.0,3.0,77.43,2,7743000.000000001,5321.649484536083
Super built-up  Area,Ready To Move,Anekal Phase 1,2 Bedroom,1233.0,2.0,1.0,123.94,2,12394000.0,10051.905920519059
Plot  Area,Ready To Move,Yelenahalli Layout,3 BHK,1611.89,3.0,1.0,97.0,3,9700000.0,6017.7803696282
Super built-up  Area,Ready To Move,Ramamurthy Nagar Extension,1 BHK,570.89,1.0,2.0,19.79,1,1979000.0,3466.5171924538877
Built-up  Area,18-Jun,Jayanagar,2 BHK,1430.0,2.0,1.0,128.3,2,12830000.000000002,8972.027972027974
Super built-up  Area,Ready To Move,Kr Puram,5 Bedroom,3049.2,5.0,1.0,139.16,5,13916000.0,4563.8200183654735
Built-up  Area,Ready To Move,Btm Layout,2 BHK,1191.5,2.0,0.0,63.96,2,6396000.0,5368.023499790181
Built-up  Area,Ready To Move,Ramamurthy Nagar Extension,4 BHK,2726.73,4.0,2.0,100.16,4,10016000.0,3673.2643129316066
Super built-up  Area,18-Jun,Uttarahalli,1 BHK,699.56,1.0,0.0,25.0,1,2500000.0,3573.6748813539944
Super built-up  Area,Ready To Move,Whitefield,3 BHK,1576.0,3.0,3.0,86.75,3,8675000.0,5504.441624365482
Plot  Area,Ready To Move,Sonnenahalli Main Road,2 BHK,1037.0,2.0,2.0,84.97,2,8497000.0,8193.828351012537
Super built-up  Area,Ready To Move,Vasanthapura Nagar,2 BHK,1056.0,2.0,1.0,50.4,2,5040000.0,4772.727272727273
Super built-up  Area,Ready To Move,Domlur,2 BHK,1266.0,3.0,0.0,131.01,2,13101000.0,10348.341232227489
Super built-up  Area,Ready To Move,Chikkabanavara Enclave,4 BHK,2638.5,3.0,2.0,234.18,4,23418000.0,8875.497441728256
Built-up  Area,Ready To Move,Banashankari,1 BHK,608.23,1.0,1.0,39.98,1,3997999.9999999995,6573.171333212764
Super built-up  Area,Ready To Move,Sonnenahalli Main Road,3 BHK,1558.0,4.0,1.0,153.08,3,15308000.000000002,9825.417201540438
Built-up  Area,Ready To Move,Banashankari,2 BHK,920.0,3.0,0.0,74.43,2,7443000.000000001,8090.217391304349
Super built-up  Area,Ready To Move,Whitefield,2 Bedroom,1136.0,1.0,1.0,65.81,2,6581000.0,5793.133802816901
Super built-up  Area,Ready To Move,Btm Layout,3 BHK,1351.0,3.0,3.0,97.92,3,9792000.0,7247.964470762398
Super built-up  Area,18-Nov,Jayanagar,5 BHK,2757.0,5.0,1.0,225.13,5,22513000.0,8165.75988393181
Super built-up  Area,Ready To Move,Jp Nagar,3 BHK,1713.0,4.0,1.0,116.32,3,11632000.0,6790.426152948045
Built-up  Area,19-Mar,Mahadevapura Nagar,3 BHK,1958.0,4.0,3.0,86.94,3,8694000.0,4440.245148110316
Built-up  Area,Ready To Move,Jalahalli Block,2 BHK,1314.0,2.0,2.0,84.66,2,8466000.0,6442.922374429224
Super built-up  Area,Ready To Move,Yelahanka,2 BHK,1361.0,3.0,1.0,55.07,2,5507000.0,4046.2894930198386
Super built-up  Area,Ready To Move,Whitefield,3 Bedroom,2095.44,3.0,0.0,142.01,3,14201000.0,6777.096934295422
Built-up  Area,Ready To Move,Frazer Town,2 BHK,1079.0,2.0,3.0,93.09,2,9309000.0,8627.4328081557
Super built-up  Area,Ready To Move,Malleshwaram,2 BHK,1059.82,3.0,1.0,108.31,2,10831000.0,10219.659942254346
Super built-up  Area,Ready To Move,Devanahalli Nagar,1 BHK,712.0,1.0,1.0,43.73,1,4373000.0,6141.853932584269
Built-up  Area,Ready To Move,Rajaji Nagar,3 BHK,2098.0,3.0,1.0,191.55,3,19155000.0,9130.123927550048
Super built-up  Area,Ready To Move,Malleshwaram,4 BHK,2101.16,4.0,1.0,238.12,4,23812000.0,11332.787603038323
Super built-up  Area,Ready To Move,Rajaji Nagar,3 BHK,1463.96,4.0,2.0,131.27,3,13127000.000000002,8966.775048498594
Built-up  Area,18-Dec,Banashankari,4 BHK,2348.34,4.0,0.0,138.71,4,13871000.0,5906.725601914543
Super built-up  Area,Ready To Move,Yelahanka,1 BHK,554.0,1.0,3.0,23.4,1,2340000.0,4223.826714801444
Super built-up  Area,Ready To Move,Rajaji Nagar,3 BHK,1781.604,4.0,1.0,164.8,3,16480000.000000002,9250.09149058938
Plot  Area,Ready To Move,Varthur,3 BHK,1677.0,4.0,2.0,77.47,3,7747000.0,4619.558735837805
Carpet  Area,Ready To Move,Yeshwanthpur,3 BHK,1282.0,3.0,1.0,95.38,3,9538000.0,7439.9375975039
Super built-up  Area,Ready To Move,Haralur Road Block,3 BHK,1848.84,3.0,2.0,205.93,3,20593000.0,11138.335388676143
Super built-up  Area,19-Mar,Jp Nagar,2 BHK,1067.0,3.0,0.0,62.67,2,6267000.0,5873.477038425492
Built-up  Area,Ready To Move,Bannerghatta Road,3 Bedroom,1676.64,3.0,1.0,71.72,3,7172000.0,4277.602824697013
Super built-up  Area,Ready To Move,Hsr Layout,2 BHK,830.0,3.0,2.0,70.47,2,7047000.0,8490.361445783132
Built-up  Area,Ready To Move,Hsr Layout,4 Bedroom,2178.0,4.0,2.0,180.84,4,18084000.0,8303.030303030304
Super built-up  Area,Ready To Move,Banashankari,3 BHK,1491.0,2.0,0.0,88.24,3,8824000.0,5918.175720992623
Super built-up  Area,19-Aug,Other,1 BHK,443.0,2.0,0.0,34.75,1,3475000.0,7844.243792325056
Plot  Area,Ready To Move,Sarjapur Road,3 BHK,1679.0,4.0,2.0,81.85,3,8184999.999999999,4874.925550923168
Plot  Area,Ready To Move,Vijayanagar,3 Bedroom,1829.74,3.0,3.0,134.13,3,13413000.0,7330.549695585165
Super built-up  Area,Ready To Move,Bannerghatta Road,3 BHK,1550.736,3.0,3.0,85.05,3,8505000.0,5484.492524839818
Super built-up  Area,19-Aug,Hebbal,3 BHK,2095.0,4.0,3.0,119.67,3,11967000.0,5712.171837708831
Carpet  Area,Ready To Move,Hennur,1 BHK,560.835,1.0,1.0,32.21,1,3221000.0,5743.2221598152755
Super built-up  Area,18-Dec,Kanakapura Road,2 Bedroom,1389.87,2.0,2.0,60.43,2,6043000.0,4347.888651456611
Super built-up  Area,18-Jun,Jp Nagar,4 BHK,2369.55,4.0,1.0,165.2,4,16519999.999999998,6971.787892215821
Super built-up  Area,Ready To Move,Hebbal,2 BHK,900.0,2.0,0.0,59.86,2,5986000.0,6651.111111111111
Super built-up  Area,Ready To Move,Jalahalli Block,4 Bedroom,2239.28,4.0,2.0,165.74,4,16574000.0,7401.486191990282
Super built-up  Area,Ready To Move,Kaggadasapura Block,2 BHK,1075.0,2.0,1.0,53.13,2,5313000.0,4942.325581395349
Built-up  Area,18-Nov,Bannerghatta Road,3 BHK,1341.5,3.0,1.0,65.74,3,6573999.999999999,4900.484532240029
Super built-up  Area,19-Aug,Rajarajeshwari Nagar Gardens,2 BHK,871.2,3.0,2.0,45.12,2,4512000.0,5179.063360881542
Super built-up  Area,19-Mar,Dodballapur Road Phase 2,1 BHK,553.0,2.0,1.0,51.37,1,5137000.0,9289.330922242314
Super built-up  Area,Ready To Move,Sonnenahalli Stage 2,5 BHK,3608.5,5.0,0.0,344.54,5,34454000.0,9548.011639185257
Super built-up  Area,Ready To Move,Jayanagar,3 BHK,1408.5,3.0,2.0,127.21,3,12721000.0,9031.593894213702
Super built-up  Area,Ready To Move,Kr Puram,4 Bedroom,2931.46,4.0,1.0,110.37,4,11037000.0,3765.018113840885
Super built-up  Area,Ready To Move,Singasandra Nagar,4 BHK,2818.63,4.0,1.0,222.04,4,22204000.0,7877.58591940056
Super built-up  Area,Ready To Move,Rt Nagar,1 BHK,499.5,2.0,2.0,30.5,1,3050000.0,6106.106106106106
Built-up  Area,Ready To Move,Hennur,3 BHK,1396.0,2.0,2.0,79.87,3,7987000.0,5721.34670487106
Super built-up  Area,19-Aug,Koramangala,3 BHK,1306.8,4.0,0.0,196.45,3,19645000.0,15032.904805632079
Super built-up  Area,Ready To Move,Cv Raman Nagar,2 Bedroom,901.0,2.0,1.0,68.49,2,6848999.999999999,7601.5538290788
Super built-up  Area,19-Mar,Koramangala,3 BHK,1584.32,3.0,2.0,175.42,3,17542000.0,11072.258129670774
Super built-up  Area,Ready To Move,Hennur,2 BHK,1337.0,3.0,1.0,67.72,2,6772000.0,5065.07105459985
Super built-up  Area,Ready To Move,Jayanagar,1 BHK,602.37,1.0,0.0,60.69,1,6069000.0,10075.202948354001
Super built-up  Area,Ready To Move,Jp Nagar,3 BHK,1916.0,3.0,0.0,148.79,3,14879000.0,7765.657620041754
Super built-up  Area,Ready To Move,Subramanyapura Enclave,2 BHK,1067.0,2.0,1.0,38.01,2,3801000.0,3562.3242736644797
Super built-up  Area,19-Mar,Basavanagudi,3 BHK,2204.26,3.0,2.0,244.57,3,24457000.0,11095.333581337954
Built-up  Area,Ready To Move,Kr Puram,2 BHK,1314.87,2.0,1.0,62.29,2,6229000.0,4737.350460501799
Super built-up  Area,Ready To Move,Electronic City,3 BHK,1504.0,2.0,2.0,66.1,3,6609999.999999999,4394.946808510637
Carpet  Area,18-Jun,Nagarbhavi Main Road,5 BHK,2013.02,4.0,0.0,104.26,5,10426000.0,5179.282868525896
Super built-up  Area,Ready To Move,Kengeri,2 BHK,1489.0,2.0,2.0,49.64,2,4964000.0,3333.781061114842
Super built-up  Area,Ready To Move,Jayanagar,3 BHK,1831.0,3.0,0.0,155.25,3,15525000.0,8478.973238667395
Super built-up  Area,Ready To Move,Btm Layout,3 BHK,1329.0,3.0,0.0,94.22,3,9422000.0,7089.5410082769
Super built-up  Area,19-May,Koramangala,3 Bedroom,1923.0,3.0,0.0,258.25,3,25825000.0,13429.53718148726
Super built-up  Area,Ready To Move,Varthur,2 BHK,1123.5,1.0,0.0,44.77,2,4477000.0,3984.8687138406763
Super built-up  Area,Ready To Move,Pattandur Agrahara Colony,3 Bedroom,2172.0,3.0,1.0,131.39,3,13138999.999999998,6049.263351749539
Built-up  Area,Ready To Move,Cv Raman Nagar,1 BHK,568.0,1.0,0.0,36.15,1,3615000.0,6364.43661971831
Built-up  Area,Ready To Move,Jp Nagar,1 BHK,539.0,1.0,1.0,33.33,1,3333000.0,6183.673469387755
Built-up  Area,Ready To Move,Electronic City,5 BHK,2798.0,5.0,2.0,112.53,5,11253000.0,4021.8012866333097
Built-up  Area,Ready To Move,Yelahanka,2 BHK,1071.19,2.0,1.0,50.92,2,5092000.0,4753.591799774083
Super built-up  Area,Ready To Move,Malleshwaram,3 Bedroom,1711.5,4.0,3.0,159.07,3,15907000.0,9294.186386210926
Super built-up  Area,Ready To Move,Varthur,2 BHK,980.1,1.0,2.0,41.77,2,4177000.0000000005,4261.810019385777
Built-up  Area,Ready To Move,Haralur Road Colony,4 Bedroom,2815.5,4.0,1.0,265.85,4,26585000.000000004,9442.37258035873
Super built-up  Area,Ready To Move,Gottigere Phase 2,2 BHK,1377.0,2.0,1.0,123.4,2,12340000.0,8961.51053013798
Built-up  Area,Ready To Move,Indiranagar,2 BHK,850.0,2.0,0.0,74.77,2,7477000.0,8796.470588235294
Built-up  Area,Ready To Move,Sarjapur Road,3 BHK,1446.0,2.0,1.0,68.59,3,6859000.0,4743.430152143845
Super built-up  Area,Ready To Move,Uttarahalli,3 BHK,1920.0,2.0,2.0,71.88,3,7188000.0,3743.75
Super built-up  Area,Ready To Move,Varthur,3 BHK,1671.615,4.0,0.0,81.91,3,8191000.0,4900.051746365042
Super built-up  Area,Ready To Move,Sarjapur Road,4 BHK,1891.9,4.0,1.0,110.81,4,11081000.0,5857.074898250436
Super built-up  Area,18-Dec,Rt Nagar,4 Bedroom,2172.27,4.0,2.0,141.08,4,14108000.000000002,6494.588610071493
Built-up  Area,Ready To Move,Whitefield,2 Bedroom,1332.0,2.0,2.0,86.22,2,8622000.0,6472.972972972973
Super built-up  Area,Ready To Move,Marathahalli,3 BHK,1426.0,3.0,2.0,97.08,3,9708000.0,6807.854137447405
Super built-up  Area,Ready To Move,Sarjapur Road,2 Bedroom,885.04,2.0,0.0,48.65,2,4865000.0,5496.926692578867
Built-up  Area,Ready To Move,Bellandur,3 Bedroom,1610.0,3.0,0.0,87.59,3,8759000.0,5440.372670807454
Carpet  Area,Ready To Move,Akshaya Nagar Extension,3 BHK,1454.0,3.0,0.0,68.34,3,6834000.0,4700.137551581844
Built-up  Area,Ready To Move,Hsr Layout,3 BHK,1498.93,4.0,2.0,115.36,3,11536000.0,7696.156591702081
Built-up  Area,18-Dec,Attibele Phase 1,2 BHK,1456.0,3.0,1.0,113.01,2,11301000.0,7761.675824175824
Plot  Area,Ready To Move,Marathahalli,5 BHK,3398.95,4.0,1.0,220.84,5,22084000.0,6497.300636961415
Built-up  Area,Ready To Move,Banashankari,2 BHK,1355.0,2.0,0.0,66.44,2,6644000.0,4903.321033210332
Super built-up  Area,Ready To Move,Btm Layout,3 BHK,1466.0,3.0,2.0,108.49,3,10849000.0,7400.409276944066
Super built-up  Area,Ready To Move,Yelenahalli Township,2 BHK,822.79,3.0,0.0,29.31,2,2931000.0,3562.2698379902527
Carpet  Area,18-Jun,Basavanagudi,3 BHK,1509.529336,3.0,1.0,155.89,3,15588999.999999998,10327.059983682224
Built-up  Area,Ready To Move,Rt Nagar,2 BHK,1106.0,2.0,1.0,66.73,2,6673000.0,6033.453887884268
Super built-up  Area,Ready To Move,Varthur,3 BHK,1991.17,3.0,0.0,82.7,3,8270000.0,4153.336982778969
Super built-up  Area,Ready To Move,Hsr Layout,3 BHK,1912.0,2.0,1.0,142.99,3,14299000.0,7478.556485355649
Super built-up  Area,19-Aug,Marathahalli,4 BHK,2156.00917,4.0,1.0,119.87,4,11987000.0,5559.809376877558
Plot  Area,Ready To Move,Ramamurthy Nagar Stage 2,4 BHK,1805.0,3.0,0.0,161.01,4,16101000.0,8920.2216066482
Super built-up  Area,Ready To Move,Sonnenahalli Block,4 BHK,2195.0,4.0,2.0,147.96,4,14796000.0,6740.774487471526
Carpet  Area,Ready To Move,Akshaya Nagar Layout,3 Bedroom,1486.0,3.0,3.0,133.01,3,13301000.0,8950.874831763122
Super built-up  Area,19-May,Marathahalli,3 Bedroom,2140.57,3.0,0.0,136.81,3,13681000.0,6391.288301714029
Carpet  Area,Ready To Move,Nallurhalli Main Road,4 BHK,1807.33,5.0,1.0,130.32,4,13032000.0,7210.636685054749
Super built-up  Area,Ready To Move,Hennur,5 BHK,2840.0,5.0,2.0,168.41,5,16841000.0,5929.929577464789
Built-up  Area,Ready To Move,Ambalipura Phase 2,2 BHK,1049.5,1.0,2.0,102.16,2,10216000.0,9734.159123392092
Super built-up  Area,Ready To Move,Vijayanagar,1 BHK,730.0,1.0,1.0,40.49,1,4049000.0,5546.575342465753
Plot  Area,Ready To Move,Kr Puram,3 BHK,1749.0,4.0,3.0,79.91,3,7991000.0,4568.896512292738
Built-up  Area,Ready To Move,Subramanyapura Enclave,2 Bedroom,979.0,2.0,1.0,38.39,2,3839000.0,3921.3483146067415
Super built-up  Area,Ready To Move,Hsr Layout,2 BHK,1156.5,2.0,0.0,86.62,2,8662000.0,7489.840034587116
Super built-up  Area,Ready To Move,Kumaraswamy Layout Stage 2,4 BHK,2362.0,4.0,3.0,193.4,4,19340000.0,8187.976291278577
Super built-up  Area,Ready To Move,Singasandra Nagar,3 BHK,1599.0,3.0,1.0,124.06,3,12406000.0,7758.599124452783
Built-up  Area,Ready To Move,Koramangala,2 BHK,1368.0,3.0,2.0,178.98,2,17898000.0,13083.333333333334
Carpet  Area,Ready To Move,Yelahanka,2 BHK,1337.0,2.0,0.0,58.27,2,5827000.0,4358.264771877337
Super built-up  Area,Ready To Move,Hennur,1 BHK,736.0,1.0,0.0,42.09,1,4209000.0,5718.75
Super built-up  Area,19-May,Chandapura Extension,5 BHK,3088.18,4.0,2.0,340.38,5,34038000.0,11022.025918178346
Built-up  Area,Ready To Move,Marathahalli,3 BHK,1542.5,3.0,3.0,101.84,3,10184000.0,6602.2690437601295
Super built-up  Area,Ready To Move,Whitefield,3 BHK,1385.7525,3.0,1.0,83.13,3,8313000.0,5998.906731180351
Super built-up  Area,Ready To Move,Indiranagar,4 BHK,1812.0960000000002,5.0,2.0,228.68,4,22868000.0,12619.64046054955
Super built-up  Area,19-May,Yeshwanthpur,5 BHK,3237.0,6.0,1.0,180.19,5,18019000.0,5566.573988260735
Super built-up  Area,Ready To Move,Bellandur,2 BHK,1002.0,2.0,2.0,74.22,2,7422000.0,7407.185628742515
Super built-up  Area,Ready To Move,Bannerghatta Road,2 Bedroom,1279.66,3.0,1.0,56.75,2,5675000.0,4434.771736242439
Super built-up  Area,19-May,Marathahalli,2 BHK,1293.7320000000002,3.0,2.0,90.62,2,9062000.0,7004.541898940429
Super built-up  Area,18-Dec,Bellandur,2 BHK,1396.0,1.0,1.0,91.66,2,9166000.0,6565.902578796562
Super built-up  Area,Ready To Move,Kengeri,2 BHK,1039.0,1.0,2.0,49.1,2,4910000.0,4725.697786333012
Super built-up  Area,Ready To Move,Kengeri,1 BHK,304.0,1.0,2.0,13.83,1,1383000.0,4549.3421052631575
Super built-up  Area,19-May,Rt Nagar,4 Bedroom,1856.8,4.0,0.0,104.96,4,10496000.0,5652.735889702714
Super built-up  Area,19-Aug,Varthur,2 BHK,1418.47,2.0,0.0,67.77,2,6777000.0,4777.6829964680255
Super built-up  Area,Ready To Move,Malleshwaram,4 BHK,2554.02,3.0,0.0,309.66,4,30966000.000000004,12124.415627128998
Super built-up  Area,Ready To Move,Nallurhalli Nagar,1 BHK,645.87,1.0,3.0,28.55,1,2855000.0,4420.394196974623
Super built-up  Area,Ready To Move,Bellandur,2 BHK,1082.0,1.0,2.0,61.73,2,6173000.0,5705.1756007393715
Super built-up  Area,Ready To Move,Singasandra Main Road,3 BHK,1414.7,3.0,2.0,95.51,3,9551000.0,6751.254682971655
Super built-up  Area,Ready To Move,Hennur,3 BHK,2186.0,4.0,2.0,111.97,3,11197000.0,5122.140896614822
Plot  Area,Ready To Move,Btm Layout,2 BHK,1221.0,2.0,3.0,82.22,2,8222000.0,6733.824733824734
Built-up  Area,Ready To Move,Electronic City,3 BHK,1556.0,3.0,2.0,61.23,3,6123000.0,3935.089974293059
Plot  Area,Ready To Move,Bellandur,2 BHK,1089.0,2.0,1.0,76.88,2,7688000.0,7059.687786960514
Super built-up  Area,Ready To Move,Gunjur Colony,4 BHK,2204.0,3.0,1.0,98.99,4,9899000.0,4491.379310344828
Super built-up  Area,Ready To Move,Btm Layout,3 Bedroom,1839.57,3.0,3.0,122.01,3,12201000.0,6632.528253885419
Super built-up  Area,Ready To Move,Talaghattapura Stage 2,3 BHK,1660.725,3.0,3.0,144.36,3,14436000.000000002,8692.589080070453
Super built-up  Area,Ready To Move,Frazer Town,4 Bedroom,2163.0,4.0,1.0,181.0,4,18100000.0,8368.007397133611
Super built-up  Area,Ready To Move,Cv Raman Nagar,2 BHK,1198.12,2.0,0.0,70.38,2,7038000.0,5874.202917904718
Plot  Area,Ready To Move,Indiranagar,3 Bedroom,2216.0,3.0,2.0,260.73,3,26073000.0,11765.794223826715
Super built-up  Area,Ready To Move,Cv Raman Nagar,1 BHK,482.75,1.0,3.0,30.73,1,3073000.0,6365.613671672709
Super built-up  Area,19-Mar,Bellandur,2 BHK,1230.65,3.0,2.0,70.34,2,7034000.0,5715.67870637468
Super built-up  Area,Ready To Move,Jayanagar,2 BHK,1224.0,2.0,1.0,114.72,2,11472000.0,9372.549019607843
Built-up  Area,Ready To Move,Sarjapur Road,3 BHK,1951.5,2.0,1.0,120.01,3,12001000.0,6149.6284909044325
Built-up  Area,19-Mar,Yeshwanthpur,2 BHK,1244.0,2.0,1.0,81.93,2,8193000.000000001,6586.012861736335
Built-up  Area,Ready To Move,Gottigere Phase 2,3 BHK,1814.9011790000002,4.0,2.0,144.2,3,14419999.999999998,7945.336179651023
Built-up  Area,Ready To Move,Thanisandra Phase 2,4 BHK,2241.0,4.0,2.0,84.97,4,8497000.0,3791.6108879964304
Super built-up  Area,Ready To Move,Sarjapur Road,3 BHK,1674.0,3.0,1.0,106.1,3,10610000.0,6338.112305854242
Built-up  Area,Ready To Move,Talaghattapura Stage 2,1 BHK,507.0,2.0,0.0,55.06,1,5506000.0,10859.960552268245
Super built-up  Area,Ready To Move,Hebbal,6 BHK,2659.0,7.0,1.0,211.65,6,21165000.0,7959.75930801053
Super built-up  Area,Ready To Move,Electronic City,1 BHK,871.2,1.0,0.0,29.57,1,2957000.0,3394.1689623507805
Super built-up  Area,Ready To Move,Talaghattapura Stage 2,1 BHK,639.0,1.0,0.0,60.04,1,6004000.0,9395.931142410016
Built-up  Area,Ready To Move,Sarjapur Road,5 BHK,2905.0,5.0,3.0,161.87,5,16187000.0,5572.117039586919
Super built-up  Area,Ready To Move,Pattandur Agrahara Phase 2,1 BHK,503.0,1.0,2.0,24.59,1,2459000.0,4888.667992047714
Super built-up  Area,Ready To Move,Sarjapur Road,2 BHK,888.0,2.0,2.0,54.14,2,5414000.0,6096.846846846847
Super built-up  Area,Ready To Move,Hsr Layout,1 BHK,617.5,2.0,3.0,49.49,1,4949000.0,8014.574898785425
Built-up  Area,Ready To Move,Yeshwanthpur,1 BHK,620.5,2.0,2.0,42.03,1,4203000.0,6773.569701853344
Built-up  Area,Ready To Move,Bannerghatta Road,2 BHK,895.0,1.0,0.0,43.86,2,4386000.0,4900.558659217877
Super built-up  Area,Ready To Move,Bannerghatta Road,3 BHK,1591.0,2.0,2.0,66.93,3,6693000.000000001,4206.788183532371
Plot  Area,Ready To Move,Btm Layout,2 BHK,1322.0,3.0,2.0,96.49,2,9649000.0,7298.789712556732
Super built-up  Area,Ready To Move,Gunjur Gardens,2 BHK,1073.33,2.0,2.0,37.49,2,3749000.0,3492.867990273262
Super built-up  Area,Ready To Move,Horamavu Stage 2,3 BHK,1711.0,4.0,3.0,188.06,3,18806000.0,10991.233196960842
Super built-up  Area,Ready To Move,Marathahalli,3 BHK,1858.9255299999998,3.0,3.0,113.87,3,11387000.0,6125.581587983248
Super built-up  Area,18-Dec,Hennur,2 Bedroom,1176.1200000000001,3.0,3.0,69.75,2,6975000.0,5930.5172941536575
Super built-up  Area,Ready To Move,Bellandur,1 Bedroom,635.976,1.0,1.0,44.07,1,4407000.0,6929.506773840522
Super built-up  Area,Ready To Move,Marathahalli,5 BHK,2868.0,5.0,0.0,167.71,5,16771000.0,5847.629009762901
Super built-up  Area,Ready To Move,Horamavu Nagar,4 BHK,2814.0,4.0,0.0,108.81,4,10881000.0,3866.7377398720682
Super built-up  Area,Ready To Move,Kr Puram,2 BHK,1249.5,2.0,3.0,63.63,2,6363000.0,5092.436974789916
Carpet  Area,Ready To Move,Btm Layout,3 BHK,2020.0,3.0,0.0,130.89,3,13088999.999999998,6479.7029702970285
Plot  Area,Ready To Move,Hennur,3 BHK,1518.0,3.0,2.0,85.33,3,8533000.0,5621.212121212121
Super built-up  Area,Ready To Move,Indiranagar,2 BHK,1006.95,2.0,1.0,127.98,2,12798000.0,12709.667808729331
Super built-up  Area,Ready To Move,Akshaya Nagar Layout,3 BHK,1461.65,3.0,2.0,133.45,3,13344999.999999998,9130.092703451577
Super built-up  Area,Ready To Move,Whitefield,2 BHK,1403.0,2.0,2.0,87.89,2,8789000.0,6264.433357091946
Super built-up  Area,18-Dec,Kr Puram,2 Bedroom,848.625876,3.0,1.0,36.81,2,3681000.0,4337.600471659433
Carpet  Area,Ready To Move,Koramangala,1 BHK,508.27,1.0,2.0,69.62,1,6962000.0,13697.444271745333
Built-up  Area,Ready To Move,Koramangala,2 BHK,1179.0,2.0,1.0,176.12,2,17612000.0,14938.083121289228
Plot  Area,Ready To Move,Malleshwaram,3 BHK,2050.5,3.0,0.0,162.43,3,16243000.0,7921.482565227993
Super built-up  Area,Ready To Move,Marathahalli,4 BHK,2032.18,4.0,1.0,104.56,4,10456000.0,5145.213514550876
Super built-up  Area,19-Aug,Basavanagudi,2 BHK,1381.0,3.0,2.0,131.48,2,13147999.999999998,9520.637219406226
Super built-up  Area,Ready To Move,Varthur,4 BHK,2736.5,3.0,2.0,147.57,4,14757000.0,5392.654851087155
Plot  Area,18-Jun,Gunjur Nagar,3 BHK,2178.0,3.0,2.0,101.55,3,10155000.0,4662.534435261708
Super built-up  Area,Ready To Move,Electronic City,6 BHK,3255.0,6.0,0.0,130.75,6,13075000.0,4016.8970814132103
Super built-up  Area,Ready To Move,Whitefield,2 BHK,1218.5,2.0,0.0,73.74,2,7373999.999999999,6051.702913418137
Super built-up  Area,19-May,Btm Layout,3 BHK,1635.682244,4.0,2.0,115.24,3,11524000.0,7045.378185324362
Plot  Area,Ready To Move,Ramamurthy Nagar Extension,2 Bedroom,1040.0,2.0,0.0,40.06,2,4006000.0,3851.923076923077
Super built-up  Area,Ready To Move,Other,3 BHK,1337.0,3.0,0.0,123.72,3,12372000.0,9253.55272999252
Carpet  Area,Ready To Move,Cv Raman Nagar,3 BHK,1610.5,3.0,2.0,111.87,3,11187000.0,6946.289972058367
Plot  Area,Ready To Move,Electronic City,3 BHK,1797.0,4.0,3.0,78.73,3,7873000.0,4381.190873678353
Super built-up  Area,Ready To Move,Hsr Layout,1 BHK,593.0,1.0,0.0,50.37,1,5037000.0,8494.097807757167
Plot  Area,Ready To Move,Varthur,3 BHK,2121.0,4.0,0.0,88.21,3,8821000.0,4158.887317303159
Carpet  Area,Ready To Move,Subramanyapura Main Road,3 BHK,2080.86,3.0,2.0,132.07,3,13207000.0,6346.895033784108
Super built-up  Area,Ready To Move,Begur Gardens,3 BHK,2027.0,4.0,1.0,213.93,3,21393000.0,10554.02072027627
Built-up  Area,Ready To Move,Thanisandra Phase 1,2 BHK,1135.0,2.0,3.0,39.19,2,3919000.0,3452.863436123348
Super built-up  Area,19-Aug,Bellandur,3 BHK,1522.73,4.0,0.0,109.01,3,10901000.0,7158.852849815791
Super built-up  Area,19-Mar,Hebbal,2 BHK,1132.56,1.0,0.0,72.33,2,7233000.0,6386.416613689341
Built-up  Area,19-May,Bellandur,4 BHK,2587.0,3.0,1.0,154.65,4,15465000.0,5977.966756861229
Built-up  Area,Ready To Move,Sarjapur Road,4 BHK,1794.0,4.0,2.0,112.25,4,11225000.0,6256.967670011149
Super built-up  Area,Ready To Move,Yelahanka,3 BHK,1854.0,2.0,3.0,75.57,3,7556999.999999999,4076.0517799352747
Super built-up  Area,Ready To Move,Doddakannelli Gardens,3 BHK,1951.55,2.0,0.0,83.14,3,8314000.0,4260.203428044375
Super built-up  Area,19-Mar,Gunjur Colony,2 BHK,1041.5,2.0,2.0,51.7,2,5170000.0,4963.994239078253
Super built-up  Area,Ready To Move,Jp Nagar,2 BHK,1331.0,1.0,0.0,97.21,2,9721000.0,7303.531179564237
Super built-up  Area,19-May,Mahadevapura Stage 2,2 BHK,1304.44,2.0,2.0,139.81,2,13981000.0,10718.009260678911
Super built-up  Area,Ready To Move,Jalahalli Block,1 BHK,556.0,1.0,1.0,35.67,1,3567000.0,6415.46762589928
Carpet  Area,Ready To Move,Vidyaranyapura Extension,1 BHK,590.0,1.0,0.0,34.55,1,3454999.9999999995,5855.93220338983
Super built-up  Area,19-May,Thanisandra Phase 2,3 BHK,1590.0,3.0,1.0,57.6,3,5760000.0,3622.6415094339623
Carpet  Area,19-Mar,Varthur,3 BHK,2047.0,3.0,0.0,98.03,3,9803000.0,4788.959452857841
Super built-up  Area,Ready To Move,Rajaji Nagar,2 Bedroom,895.22,1.0,3.0,75.59,2,7559000.0,8443.73450101651
Built-up  Area,Ready To Move,Electronic City,4 BHK,2184.0,3.0,0.0,103.84,4,10384000.0,4754.578754578754
Built-up  Area,Ready To Move,Sonnenahalli Stage 2,3 BHK,1432.0,4.0,1.0,123.02,3,12302000.0,8590.782122905028
Built-up  Area,Ready To Move,Kr Puram,2 BHK,1069.0,2.0,2.0,45.24,2,4524000.0,4231.992516370439
Built-up  Area,Ready To Move,Jp Nagar,2 BHK,1206.0,2.0,1.0,84.59,2,8459000.0,7014.096185737977
Built-up  Area,Ready To Move,Marathahalli,3 BHK,1701.5625,2.0,0.0,110.04,3,11004000.0,6466.997245179064
Super built-up  Area,18-Nov,Domlur,5 BHK,3430.885486,5.0,2.0,324.63,5,32463000.0,9461.988787579137
Super built-up  Area,19-May,Basavanagudi,5 BHK,3251.24,4.0,2.0,321.15,5,32114999.999999996,9877.76971247893
Super built-up  Area,Ready To Move,Nagarbhavi Main Road,3 Bedroom,1977.0,2.0,1.0,92.45,3,9245000.0,4676.277187658068
Super built-up  Area,Ready To Move,Bannerghatta Road,4 Bedroom,2245.5,5.0,1.0,95.14,4,9514000.0,4236.918281006458
Super built-up  Area,19-Mar,Rajarajeshwari Nagar Gardens,1 BHK,620.7299999999999,1.0,0.0,27.41,1,2741000.0,4415.768530601067
Built-up  Area,Ready To Move,Nallurhalli Township,3 BHK,1969.0,3.0,2.0,81.9,3,8190000.000000001,4159.471813103099
Super built-up  Area,Ready To Move,Banashankari,2 BHK,863.0,3.0,1.0,59.72,2,5972000.0,6920.046349942063
Super built-up  Area,Ready To Move,Jayanagar,2 BHK,1051.0,2.0,0.0,83.02,2,8302000.0,7899.143672692674
Carpet  Area,Ready To Move,Frazer Town,1 Bedroom,615.0,1.0,1.0,51.06,1,5106000.0,8302.439024390244
Super built-up  Area,18-Nov,Rajaji Nagar,3 BHK,1555.55,3.0,2.0,132.29,3,13229000.0,8504.3875156697
Super built-up  Area,Ready To Move,Bannerghatta Road,2 BHK,899.29,2.0,0.0,38.9,2,3890000.0,4325.634667348686
Super built-up  Area,Ready To Move,Uttarahalli,2 BHK,1304.81,2.0,3.0,55.41,2,5541000.0,4246.59528973567
Super built-up  Area,Ready To Move,Bannerghatta Road,3 BHK,1374.43,3.0,2.0,66.88,3,6688000.0,4866.017185305908
Super built-up  Area,Ready To Move,Haralur Road Block,2 BHK,1240.0,2.0,2.0,137.2,2,13719999.999999998,11064.516129032256
Built-up  Area,Ready To Move,Rt Nagar,1 BHK,678.09,1.0,2.0,42.79,1,4279000.0,6310.371779557286
Super built-up  Area,Ready To Move,Cv Raman Nagar,2 BHK,977.0,2.0,1.0,74.73,2,7473000.0,7648.925281473899
Built-up  Area,19-May,Btm Layout,2 BHK,977.0,2.0,1.0,69.58,2,6958000.0,7121.801432958035
Super built-up  Area,Ready To Move,Kumaraswamy Layout Stage 2,3 Bedroom,1497.0,3.0,1.0,129.27,3,12927000.000000002,8635.270541082165
Super built-up  Area,Ready To Move,Subramanyapura Stage 2,3 BHK,2071.0,3.0,3.0,81.24,3,8123999.999999999,3922.7426364075322
Super built-up  Area,Ready To Move,Kr Puram,2 BHK,1327.0,2.0,3.0,60.48,2,6048000.0,4557.648831951771
Carpet  Area,Ready To Move,Bellandur,1 BHK,516.0,1.0,1.0,29.84,1,2984000.0,5782.945736434109
Plot  Area,18-Nov,Thanisandra Phase 2,1 BHK,679.0,1.0,1.0,25.86,1,2586000.0,3808.541973490427
Built-up  Area,Ready To Move,Domlur,3 Bedroom,1306.8,3.0,1.0,159.89,3,15988999.999999998,12235.231098867462
Super built-up  Area,18-Jun,Jayanagar,1 BHK,511.8,2.0,2.0,44.31,1,4431000.0,8657.67878077374
Super built-up  Area,Ready To Move,Btm Layout,3 BHK,1430.0,3.0,0.0,92.38,3,9238000.0,6460.1398601398605
Built-up  Area,19-May,Domlur,2 Bedroom,1170.05,2.0,2.0,120.21,2,12021000.0,10273.919917952224
Super built-up  Area,Ready To Move,Yelenahalli Township,2 BHK,1426.5900000000001,1.0,3.0,51.03,2,5103000.0,3577.0613841398017
Carpet  Area,Ready To Move,Bellandur,1 BHK,706.0,1.0,2.0,45.85,1,4585000.0,6494.334277620396
Super built-up  Area,Ready To Move,Btm Layout,3 BHK,2191.0,4.0,1.0,143.56,3,14356000.0,6552.259242355089
Super built-up  Area,Ready To Move,Bellandur,3 BHK,1536.0,3.0,1.0,113.51,3,11351000.0,7389.973958333333
Super built-up  Area,Ready To Move,Varthur,5 BHK,3006.0,4.0,1.0,141.67,5,14166999.999999998,4712.907518296739
Super built-up  Area,19-Aug,Varthur,3 BHK,1706.0,4.0,3.0,85.47,3,8547000.0,5009.964830011723
Super built-up  Area,Ready To Move,Bannerghatta Road,2 BHK,1354.4,3.0,2.0,64.0,2,6400000.0,4725.339633786178
Super built-up  Area,18-Dec,Other,2 Bedroom,886.0,2.0,1.0,72.48,2,7248000.0,8180.58690744921
Super built-up  Area,Ready To Move,Chandapura Stage 2,2 BHK,1429.0,1.0,2.0,168.93,2,16893000.0,11821.553533939817
Built-up  Area,Ready To Move,Indiranagar,2 Bedroom,1343.0,2.0,1.0,142.95,2,14294999.999999998,10644.080416976916
Super built-up  Area,Ready To Move,Malleshwaram,2 BHK,1000.5,1.0,2.0,84.24,2,8424000.0,8419.790104947526
Super built-up  Area,Ready To Move,Kr Puram,2 BHK,1372.0,2.0,0.0,66.31,2,6631000.0,4833.090379008746
Super built-up  Area,Ready To Move,Varthur,5 BHK,3037.28,5.0,1.0,106.37,5,10637000.0,3502.1466575356894
Built-up  Area,19-May,Domlur,1 BHK,553.156821,1.0,2.0,66.64,1,6664000.0,12047.21653427826
Carpet  Area,Ready To Move,Bellandur,4 BHK,2813.0,4.0,1.0,193.02,4,19302000.0,6861.713473160327
Super built-up  Area,Ready To Move,Frazer Town,3 BHK,1456.06,3.0,0.0,138.84,3,13884000.0,9535.321346647803
Built-up  Area,Ready To Move,Kanakapura Road,2 Bedroom,1301.0,3.0,0.0,65.73,2,6573000.0,5052.267486548809
Super built-up  Area,Ready To Move,Hsr Layout,3 BHK,1533.0,4.0,3.0,108.84,3,10884000.0,7099.8043052837575
Super built-up  Area,Ready To Move,Hsr Layout,2 Bedroom,871.2,1.0,1.0,70.97,2,7097000.0,8146.23507805326
Super built-up  Area,19-Aug,Frazer Town,1 BHK,631.62,1.0,0.0,50.25,1,5025000.0,7955.7328773629715
Built-up  Area,Ready To Move,Kengeri,2 BHK,1097.0,3.0,0.0,39.35,2,3935000.0,3587.0556061987236
Plot  Area,Ready To Move,Btm Layout,2 BHK,1369.0,1.0,1.0,109.94,2,10994000.0,8030.679327976625
Built-up  Area,Ready To Move,Marathahalli,3 BHK,1825.0,3.0,2.0,115.85,3,11585000.0,6347.945205479452
Super built-up  Area,Ready To Move,Bellandur,4 BHK,2554.0,3.0,1.0,144.88,4,14488000.0,5672.670321064996
Carpet  Area,Ready To Move,Sathanur Extension,2 BHK,1379.0,2.0,2.0,56.9,2,5690000.0,4126.178390137781
Super built-up  Area,Ready To Move,Yelahanka,2 BHK,1304.0,1.0,2.0,59.98,2,5998000.0,4599.693251533742
Plot  Area,Ready To Move,Jayanagar,2 BHK,989.5,3.0,1.0,88.66,2,8866000.0,8960.080848913592
Super built-up  Area,Ready To Move,Kr Puram,2 BHK,1020.3,2.0,0.0,44.18,2,4418000.0,4330.098990492992
Super built-up  Area,Ready To Move,Varthur,4 BHK,2167.0,5.0,3.0,97.01,4,9701000.0,4476.695892939548
Carpet  Area,19-Mar,Bannerghatta Road,2 BHK,1350.5,2.0,2.0,56.12,2,5612000.0,4155.497963717142
Super built-up  Area,18-Nov,Indiranagar,3 BHK,1742.4,3.0,3.0,224.15,3,22415000.0,12864.439853076216
Super built-up  Area,Ready To Move,Kengeri,3 BHK,1793.0,3.0,1.0,79.68,3,7968000.000000001,4443.948689347463
Super built-up  Area,Ready To Move,Sathanur Gardens,4 BHK,2863.5,4.0,2.0,154.44,4,15444000.0,5393.399685699319
Super built-up  Area,Ready To Move,Btm Layout,2 BHK,951.36,2.0,0.0,44.76,2,4476000.0,4704.843592330979
Carpet  Area,18-Nov,Bellandur,3 Bedroom,2212.01,2.0,2.0,165.84,3,16584000.0,7497.253629052309
Super built-up  Area,Ready To Move,Whitefield,3 BHK,1669.0,2.0,3.0,113.79,3,11379000.0,6817.855002995806
Built-up  Area,Ready To Move,Hsr Layout,4 BHK,1944.0,4.0,1.0,150.19,4,15019000.0,7725.82304526749
Super built-up  Area,19-May,Munnekollal Phase 2,3 BHK,1465.21,3.0,2.0,63.1,3,6310000.0,4306.549914346749
Carpet  Area,19-Aug,Mahadevapura Stage 2,2 BHK,1306.8,1.0,2.0,117.77,2,11777000.0,9012.090602999695
Built-up  Area,Ready To Move,Sarjapur Road,3 BHK,1486.0,3.0,2.0,67.46,3,6745999.999999999,4539.7039030955575
Super built-up  Area,19-Aug,Sarjapur Road,3 Bedroom,2195.0,3.0,3.0,130.43,3,13043000.0,5942.141230068337
Super built-up  Area,Ready To Move,Haralur Road Block,3 BHK,1746.756,3.0,0.0,199.04,3,19904000.0,11394.837057951998
Super built-up  Area,Ready To Move,Nagavara Enclave,4 BHK,2311.0,4.0,0.0,82.94,4,8294000.0,3588.922544353094
Super built-up  Area,Ready To Move,Malleshwaram,2 BHK,1449.0,2.0,0.0,140.32,2,14032000.0,9683.91994478951
Super built-up  Area,Ready To Move,Doddakannelli Enclave,2 BHK,1062.06,2.0,1.0,104.23,2,10423000.0,9813.946481366402
Plot  Area,Ready To Move,Ambalipura Extension,3 Bedroom,2178.0,4.0,1.0,127.43,3,12743000.0,5850.780532598715
Super built-up  Area,Ready To Move,Whitefield,2 BHK,1343.57,2.0,2.0,81.73,2,8173000.0,6083.047403559175
Super built-up  Area,Ready To Move,Banashankari,2 BHK,1317.0,2.0,0.0,84.42,2,8442000.0,6410.02277904328
Super built-up  Area,Ready To Move,Thanisandra Phase 1,2 BHK,1427.0,2.0,2.0,53.2,2,5320000.0,3728.1009110021023
Carpet  Area,Ready To Move,Kumaraswamy Layout Stage 2,6 BHK,2922.96,6.0,1.0,248.92,6,24892000.0,8516.024851520377
Super built-up  Area,Ready To Move,Sathanur Extension,1 BHK,720.0,1.0,0.0,32.16,1,3215999.9999999995,4466.666666666666
Super built-up  Area,Ready To Move,Munnekollal Phase 2,2 BHK,1124.88,2.0,0.0,38.19,2,3819000.0,3395.0288030723273
Super built-up  Area,Ready To Move,Sompura Main Road,2 Bedroom,1141.86,2.0,2.0,59.4,2,5940000.0,5202.038778834533
Super built-up  Area,Ready To Move,Bellandur,2 BHK,1134.31,3.0,1.0,68.37,2,6837000.0,6027.452812723153
Plot  Area,18-Dec,Bellandur,3 BHK,1520.35,3.0,0.0,92.58,3,9258000.0,6089.387312132075
Built-up  Area,19-May,Btm Layout,2 BHK,991.0,2.0,0.0,61.16,2,6116000.0,6171.5438950555
Plot  Area,Ready To Move,Vijayanagar,3 BHK,1934.5,4.0,1.0,111.35,3,11135000.0,5756.009304729904
Super built-up  Area,Ready To Move,Sarjapur Stage 2,2 BHK,1320.13,2.0,1.0,90.85,2,9085000.0,6881.897994894442
Super built-up  Area,Ready To Move,Whitefield,3 Bedroom,1847.5,3.0,0.0,92.03,3,9203000.0,4981.326116373478
Super built-up  Area,19-Aug,Frazer Town,2 BHK,1165.0,1.0,3.0,112.53,2,11253000.0,9659.227467811159
Carpet  Area,Ready To Move,Btm Layout,3 BHK,1838.0,3.0,0.0,127.64,3,12764000.0,6944.504896626769
Plot  Area,Ready To Move,Rt Nagar,2 Bedroom,1209.0,3.0,1.0,73.66,2,7366000.0,6092.6385442514475
Super built-up  Area,Ready To Move,Kr Puram,1 BHK,570.6360000000001,1.0,1.0,28.23,1,2823000.0,4947.111643850019
Plot  Area,19-Mar,Yeshwanthpur,2 BHK,1416.0,2.0,1.0,94.87,2,9487000.0,6699.858757062147
Super built-up  Area,18-Jun,Kr Puram,2 BHK,1177.94,2.0,0.0,58.81,2,5881000.0,4992.6142248331835
Super built-up  Area,18-Nov,Akshaya Nagar Extension,3 Bedroom,1434.0,4.0,1.0,61.0,3,6100000.0,4253.835425383542
Super built-up  Area,Ready To Move,Hebbal,2 Bedroom,1212.0,3.0,3.0,92.1,2,9210000.0,7599.009900990099
Super built-up  Area,19-May,Malleshwaram,5 BHK,2583.0,5.0,1.0,257.47,5,25747000.000000004,9967.86682152536
Super built-up  Area,Ready To Move,Kr Puram,3 BHK,2009.0,3.0,0.0,97.41,3,9741000.0,4848.68093578895
Super built-up  Area,19-May,Jayanagar,2 BHK,1272.17,2.0,0.0,117.81,2,11781000.0,9260.55480006603
Carpet  Area,Ready To Move,Yelahanka,2 BHK,753.84,2.0,2.0,39.38,2,3938000.0000000005,5223.920195266901
Super built-up  Area,19-Mar,Hsr Layout,5 Bedroom,3404.0,5.0,1.0,242.48,5,24248000.0,7123.3842538190365
Built-up  Area,19-Mar,Hsr Layout,4 Bedroom,2178.0,4.0,1.0,156.89,4,15688999.999999998,7203.39761248852
Built-up  Area,Ready To Move,Varthur,2 BHK,1259.79,2.0,2.0,56.97,2,5697000.0,4522.182268473317
Super built-up  Area,19-Mar,Haralur Road Block,1 Bedroom,694.0,1.0,2.0,64.36,1,6436000.0,9273.775216138329
Super built-up  Area,Ready To Move,Basavanagudi,2 BHK,1146.0,2.0,2.0,109.14,2,10914000.0,9523.560209424084
Built-up  Area,Ready To Move,Chandapura Stage 2,2 Bedroom,1216.0,2.0,3.0,124.65,2,12465000.0,10250.822368421053
Built-up  Area,Ready To Move,Other,2 BHK,1089.5,2.0,2.0,53.93,2,5393000.0,4949.977053694355
Built-up  Area,Ready To Move,Hsr Layout,1 BHK,502.0,1.0,1.0,42.45,1,4245000.0,8456.175298804781
Super built-up  Area,Ready To Move,Hennur,2 BHK,1218.0,2.0,1.0,61.08,2,6108000.0,5014.778325123153
Carpet  Area,Ready To Move,Horamavu Extension,3 Bedroom,2211.0,2.0,3.0,150.08,3,15008000.000000002,6787.878787878789
Plot  Area,Ready To Move,Electronic City,3 BHK,1281.0,2.0,2.0,57.59,3,5759000.0,4495.706479313037
Super built-up  Area,19-May,Whitefield,3 Bedroom,2049.6,3.0,0.0,126.54,3,12654000.0,6173.887587822014
Built-up  Area,Ready To Move,Electronic City,4 BHK,2421.0,5.0,0.0,101.3,4,10130000.0,4184.2213961173065
Super built-up  Area,Ready To Move,Varthur,2 BHK,1463.0,2.0,1.0,73.37,2,7337000.0,5015.037593984963
Super built-up  Area,Ready To Move,Kengeri,2 Bedroom,1099.89,1.0,2.0,39.52,2,3952000.0000000005,3593.0865813854116
Super built-up  Area,19-Aug,Jayanagar,3 BHK,1666.5746370000002,3.0,2.0,152.19,3,15219000.0,9131.904243662144
Super built-up  Area,Ready To Move,Mahadevapura Nagar,3 BHK,2040.0,4.0,1.0,100.56,3,10056000.0,4929.411764705882
Super built-up  Area,18-Dec,Marathahalli,2 Bedroom,1373.5,2.0,3.0,83.73,2,8373000.0,6096.104841645431
Built-up  Area,Ready To Move,Hennur,3 Bedroom,1842.0,3.0,2.0,105.62,3,10562000.0,5733.984799131379
Built-up  Area,Ready To Move,Other,3 BHK,1814.61,3.0,2.0,137.62,3,13762000.0,7583.998765574973
Plot  Area,Ready To Move,Uttarahalli,5 Bedroom,3247.16,5.0,3.0,144.83,5,14483000.000000002,4460.2052254893515
Built-up  Area,Ready To Move,Bellandur,3 Bedroom,1477.0,2.0,1.0,94.9,3,9490000.0,6425.186188219363
Super built-up  Area,Ready To Move,Marathahalli,5 Bedroom,2847.2,5.0,2.0,162.59,5,16259000.0,5710.522618713122
Plot  Area,Ready To Move,Yeshwanthpur,3 BHK,1557.0,3.0,0.0,104.18,3,10418000.0,6691.072575465639
Plot  Area,18-Nov,Malleshwaram,2 Bedroom,1231.0,3.0,0.0,113.81,2,11381000.0,9245.329000812348
Carpet  Area,Ready To Move,Pattandur Agrahara Colony,2 BHK,985.5450000000001,1.0,2.0,60.9,2,6090000.0,6179.3221009695135
Super built-up  Area,Ready To Move,Yelahanka,3 BHK,1563.0,3.0,1.0,65.66,3,6566000.0,4200.895713371721
Plot  Area,Ready To Move,Vijayanagar,2 BHK,1027.629533,2.0,2.0,54.11,2,5411000.0,5265.516245142791
Built-up  Area,Ready To Move,Whitefield,3 BHK,2017.0,3.0,1.0,141.28,3,14128000.0,7004.46207238473
Super built-up  Area,18-Dec,Vijayanagar,1 BHK,707.0,1.0,3.0,39.5,1,3950000.0,5586.987270155587
Built-up  Area,Ready To Move,Sarjapur Road,2 BHK,798.5,3.0,3.0,47.99,2,4799000.0,6010.018785222292
Built-up  Area,Ready To Move,Kengeri,2 BHK,1193.0,2.0,1.0,53.55,2,5355000.0,4488.683989941324
Carpet  Area,Ready To Move,Uttarahalli,1 BHK,414.0,1.0,2.0,20.01,1,2001000.0000000002,4833.333333333334
Super built-up  Area,Ready To Move,Nallurhalli Nagar,3 BHK,1881.7920000000001,3.0,1.0,67.84,3,6784000.0,3605.074312145019
Built-up  Area,Ready To Move,Marathahalli,4 BHK,2527.0,5.0,3.0,170.13,4,17013000.0,6732.489117530668
Built-up  Area,Ready To Move,Btm Layout,3 BHK,1759.0,3.0,2.0,101.77,3,10177000.0,5785.673678226265
Plot  Area,Ready To Move,Electronic City,2 BHK,1308.0,2.0,3.0,60.73,2,6073000.0,4642.966360856269
Built-up  Area,Ready To Move,Varthur,2 BHK,886.06,1.0,1.0,40.64,2,4064000.0,4586.596844457486
Built-up  Area,19-May,Marathahalli,6 BHK,3450.0,6.0,2.0,187.28,6,18728000.0,5428.405797101449
Super built-up  Area,Ready To Move,Rajaji Nagar,4 BHK,2858.66,5.0,1.0,243.27,4,24327000.0,8509.931226518718
Super built-up  Area,Ready To Move,Sonnenahalli Stage 2,2 BHK,1396.0,3.0,3.0,142.07,2,14207000.0,10176.934097421203
Super built-up  Area,Ready To Move,Vijayanagar,5 Bedroom,3245.21,5.0,3.0,206.17,5,20617000.0,6353.055734451699
Plot  Area,Ready To Move,Electronic City,2 BHK,1328.58,2.0,2.0,56.5,2,5650000.0,4252.660735522137
Super built-up  Area,Ready To Move,Jp Nagar,2 BHK,1118.5,1.0,1.0,80.88,2,8088000.0,7231.113097898972
Built-up  Area,Ready To Move,Rajaji Nagar,3 BHK,1713.0,4.0,1.0,166.0,3,16600000.0,9690.601284296556
Built-up  Area,Ready To Move,Jayanagar,2 Bedroom,1234.28,2.0,3.0,108.61,2,10861000.0,8799.462034546457
Super built-up  Area,19-Mar,Hennur,2 BHK,1277.0,2.0,1.0,74.83,2,7483000.0,5859.8277212216135
Built-up  Area,Ready To Move,Domlur,2 BHK,1235.0,1.0,2.0,120.88,2,12088000.0,9787.854251012146
Carpet  Area,18-Dec,Kr Puram,4 BHK,2435.0,3.0,2.0,108.69,4,10869000.0,4463.655030800822
Super built-up  Area,Ready To Move,Hsr Layout,2 BHK,1332.0,2.0,1.0,99.39,2,9939000.0,7461.711711711711
Carpet  Area,Ready To Move,Hennur,2 BHK,1009.26,2.0,3.0,59.79,2,5979000.0,5924.142440996374
Plot  Area,Ready To Move,Yelenahalli Extension,4 BHK,2960.0,4.0,1.0,134.11,4,13411000.000000002,4530.743243243244
Built-up  Area,18-Nov,Malleshwaram,5 BHK,2963.5,5.0,1.0,248.65,5,24865000.0,8390.416736966425
Super built-up  Area,19-May,Dodballapur Road Phase 1,3 BHK,1899.0,3.0,2.0,78.45,3,7845000.0,4131.121642969984
Super built-up  Area,Ready To Move,Domlur,2 BHK,1432.23,1.0,0.0,156.26,2,15626000.0,10910.258827143685
Super built-up  Area,Ready To Move,Kr Puram,2 BHK,886.21,1.0,1.0,40.69,2,4069000.0,4591.462520170163
Plot  Area,Ready To Move,Kengeri,3 BHK,2156.0,2.0,0.0,82.9,3,8290000.000000001,3845.083487940631
Super built-up  Area,Ready To Move,Yelenahalli Layout,1 BHK,609.84,1.0,1.0,34.12,1,3411999.9999999995,5594.910140364685
Super built-up  Area,18-Nov,Jp Nagar,3 BHK,1489.5,3.0,2.0,101.46,3,10146000.0,6811.681772406848
Super built-up  Area,Ready To Move,Bellandur,3 Bedroom,1498.46,3.0,2.0,95.43,3,9543000.0,6368.538366055817
Carpet  Area,Ready To Move,Kr Puram,3 BHK,1990.57,2.0,0.0,106.5,3,10650000.0,5350.2263170850565
Plot  Area,Ready To Move,Yelahanka,4 BHK,2360.99,4.0,3.0,115.27,4,11527000.0,4882.273961346724
Carpet  Area,18-Nov,Malleshwaram,3 BHK,1738.99,3.0,1.0,175.95,3,17595000.0,10117.942023818423
Super built-up  Area,18-Nov,Bellandur,3 Bedroom,1578.0,4.0,3.0,100.7,3,10070000.0,6381.495564005069
Built-up  Area,Ready To Move,Kr Puram,3 BHK,1767.0,3.0,3.0,70.99,3,7098999.999999999,4017.543859649122
Super built-up  Area,Ready To Move,Jayanagar,2 BHK,1263.15,2.0,0.0,110.37,2,11037000.0,8737.679610497566
Super built-up  Area,Ready To Move,Bannerghatta Road,3 BHK,1292.0,2.0,2.0,55.12,3,5512000.0,4266.25386996904
Super built-up  Area,Ready To Move,Cv Raman Nagar,3 BHK,1620.0,3.0,2.0,107.31,3,10731000.0,6624.074074074074
Built-up  Area,Ready To Move,Whitefield,1 BHK,638.0,1.0,2.0,36.5,1,3650000.0,5721.003134796239
Plot  Area,Ready To Move,Sarjapur Road,4 BHK,2852.0,4.0,0.0,187.88,4,18788000.0,6587.65778401122
Super built-up  Area,Ready To Move,Basavanagudi,2 BHK,1235.0,2.0,1.0,127.48,2,12748000.0,10322.267206477733
Super built-up  Area,Ready To Move,Vijayanagar,4 BHK,2813.42,4.0,3.0,167.38,4,16738000.0,5949.3427927575685
Super built-up  Area,Ready To Move,Whitefield Hope Farm Extension,3 BHK,1611.0,3.0,1.0,80.82,3,8081999.999999999,5016.7597765363125
Super built-up  Area,Ready To Move,Kaggadasapura Phase 2,2 BHK,888.9,2.0,0.0,38.01,2,3801000.0,4276.071549105636
Plot  Area,Ready To Move,Vidyaranyapura Extension,2 Bedroom,1118.0,2.0,1.0,67.75,2,6775000.0,6059.928443649374
Super built-up  Area,19-Mar,Domlur,2 BHK,1266.0,3.0,0.0,147.61,2,14761000.000000002,11659.557661927332
Super built-up  Area,Ready To Move,Malleshwaram,2 BHK,1084.0,2.0,2.0,111.37,2,11137000.0,10273.985239852398
Built-up  Area,18-Nov,Bellandur,3 BHK,2160.0,4.0,2.0,140.67,3,14066999.999999998,6512.499999999999
Built-up  Area,18-Jun,Electronic City,6 Bedroom,4214.6,5.0,1.0,185.45,6,18545000.0,4400.180325535044
Super built-up  Area,Ready To Move,Yelenahalli Layout,1 BHK,537.0,1.0,0.0,29.97,1,2997000.0,5581.005586592179
Built-up  Area,Ready To Move,Hebbal,3 BHK,1670.56,3.0,2.0,117.24,3,11724000.0,7018.005938128532
Super built-up  Area,Ready To Move,Frazer Town,3 BHK,1565.0,3.0,3.0,133.87,3,13387000.0,8553.993610223642
Super built-up  Area,Ready To Move,Ambalipura Phase 2,2 BHK,1075.0,2.0,0.0,124.5,2,12450000.0,11581.39534883721
Super built-up  Area,19-Mar,Sarjapur Stage 2,6 BHK,4092.5,5.0,0.0,251.2,6,25120000.0,6138.057422113622
Super built-up  Area,Ready To Move,Thanisandra Phase 1,2 Bedroom,1212.0,2.0,1.0,46.3,2,4630000.0,3820.13201320132
Super built-up  Area,19-Aug,Basavanagudi,2 Bedroom,1278.5,2.0,2.0,123.83,2,12383000.0,9685.569026202582
Plot  Area,Ready To Move,Dodballapur Road Phase 1,2 Bedroom,1356.0,2.0,1.0,56.11,2,5611000.0,4137.905604719764
Super built-up  Area,18-Dec,Old Airport Road Colony,2 BHK,1280.0,2.0,2.0,91.2,2,9120000.0,7125.0
Super built-up  Area,Ready To Move,Bannerghatta Road,3 BHK,1502.77,3.0,2.0,75.19,3,7519000.0,5003.427004797807
Carpet  Area,Ready To Move,Jp Nagar,2 BHK,1311.0,3.0,1.0,88.82,2,8882000.0,6774.980930587338
Super built-up  Area,Ready To Move,Hsr Layout,2 BHK,958.0,2.0,2.0,80.27,2,8027000.0,8378.914405010439
Super built-up  Area,Ready To Move,Kaggadasapura Block,2 BHK,757.0,1.0,1.0,52.04,2,5204000.0,6874.504623513871
Super built-up  Area,Ready To Move,Thanisandra Phase 1,4 BHK,2631.0,3.0,3.0,101.48,4,10148000.0,3857.088559483086
Plot  Area,Ready To Move,Marathahalli,2 Bedroom,1010.0,1.0,0.0,65.02,2,6502000.0,6437.623762376237
Super built-up  Area,Ready To Move,Sarjapur Road,3 BHK,1835.0,3.0,0.0,108.54,3,10854000.0,5914.986376021799
Plot  Area,Ready To Move,Ramamurthy Nagar Stage 2,3 BHK,1592.0,3.0,0.0,141.15,3,14115000.0,8866.206030150754
Plot  Area,Ready To Move,Sarjapur Road,5 BHK,2550.721383,4.0,2.0,152.94,5,15294000.0,5995.950832549241
Super built-up  Area,Ready To Move,Btm Layout,2 Bedroom,1182.0914979999998,3.0,1.0,83.8,2,8380000.0,7089.129745183229
Super built-up  Area,18-Jun,Hennur,1 Bedroom,498.0,1.0,0.0,29.24,1,2924000.0,5871.4859437751
Super built-up  Area,19-May,Sarjapur Road,3 BHK,1582.0,3.0,1.0,95.37,3,9537000.0,6028.4450063211125
Super built-up  Area,Ready To Move,Cv Raman Nagar,4 BHK,1981.0,4.0,1.0,132.46,4,13246000.0,6686.521958606764
Super built-up  Area,19-Aug,Marathahalli,1 Bedroom,705.0,1.0,0.0,40.27,1,4027000.0000000005,5712.056737588653
Super built-up  Area,Ready To Move,Hsr Layout,4 Bedroom,2399.0,4.0,1.0,198.06,4,19806000.0,8255.939974989578
Built-up  Area,Ready To Move,Kanakapura Road,3 BHK,1429.05,3.0,2.0,61.67,3,6167000.0,4315.454322801862
Plot  Area,18-Nov,Jp Nagar,2 Bedroom,1252.0,1.0,0.0,91.93,2,9193000.0,7342.651757188499
Super built-up  Area,Ready To Move,Kr Puram,2 BHK,1448.0,2.0,0.0,75.06,2,7506000.0,5183.701657458563
Built-up  Area,19-Mar,Kalyan Nagar Phase 1,1 BHK,585.0,1.0,1.0,58.7,1,5870000.0,10034.188034188035
Built-up  Area,Ready To Move,Koramangala,2 Bedroom,1233.0,1.0,2.0,138.22,2,13822000.0,11210.056772100568
Super built-up  Area,Ready To Move,Malleshwaram,2 BHK,1062.88,3.0,1.0,111.73,2,11173000.0,10512.0051181695
Built-up  Area,Ready To Move,Malleshwaram,2 BHK,1196.0,2.0,0.0,126.66,2,12666000.0,10590.30100334448
Super built-up  Area,Ready To Move,Hebbal,2 BHK,1067.25,1.0,2.0,73.21,2,7320999.999999999,6859.686109159053
Built-up  Area,Ready To Move,Kr Puram,2 Bedroom,848.0,1.0,2.0,34.53,2,3453000.0,4071.933962264151
Super built-up  Area,Ready To Move,Harlur Nagar,3 Bedroom,1383.0,2.0,0.0,130.89,3,13088999.999999998,9464.208242950108
Built-up  Area,Ready To Move,Indiranagar,2 BHK,1020.9375,2.0,1.0,95.83,2,9583000.0,9386.47076828895
Built-up  Area,18-Dec,Sarjapur Enclave,2 BHK,1255.0,1.0,0.0,48.15,2,4815000.0,3836.6533864541834
Built-up  Area,Ready To Move,Yelahanka,2 BHK,1027.0,3.0,2.0,40.84,2,4084000.0000000005,3976.6309639727365
Super built-up  Area,18-Jun,Bellandur,3 BHK,2032.46,4.0,1.0,124.43,3,12443000.0,6122.137705047086
Built-up  Area,Ready To Move,Kr Puram,1 BHK,663.0,1.0,2.0,28.47,1,2847000.0,4294.117647058823
Plot  Area,Ready To Move,Bellandur,2 BHK,1118.0,2.0,2.0,58.57,2,5857000.0,5238.8193202146695
Super built-up  Area,Ready To Move,Singasandra Nagar,2 Bedroom,1156.0,2.0,0.0,103.53,2,10353000.0,8955.882352941177
Plot  Area,Ready To Move,Uttarahalli,2 BHK,1335.0,1.0,0.0,65.72,2,6572000.0,4922.846441947566
Built-up  Area,18-Jun,Indiranagar,1 Bedroom,370.0,2.0,2.0,39.09,1,3909000.0000000005,10564.864864864867
Super built-up  Area,Ready To Move,Koramangala,4 BHK,2372.54,5.0,0.0,263.66,4,26366000.000000004,11112.984396469608
Built-up  Area,Ready To Move,Kr Puram,2 BHK,1176.1200000000001,1.0,3.0,50.77,2,5077000.0,4316.736387443458
Super built-up  Area,Ready To Move,Dodballapur Road Phase 2,2 BHK,1078.11,3.0,3.0,111.92,2,11192000.0,10381.12994035859
Super built-up  Area,19-Mar,Singasandra Nagar,4 BHK,2127.5,4.0,1.0,186.0,4,18600000.0,8742.655699177438
Built-up  Area,18-Dec,Hsr Layout,3 BHK,2216.0,3.0,0.0,169.53,3,16953000.0,7650.270758122743
Built-up  Area,Ready To Move,Rt Nagar,3 Bedroom,1674.0,2.0,3.0,111.15,3,11115000.0,6639.784946236559
Super built-up  Area,Ready To Move,Jalahalli Block,2 BHK,844.5,2.0,1.0,55.16,2,5516000.0,6531.675547661338
Carpet  Area,Ready To Move,Dodballapur Road Gardens,2 BHK,914.76,1.0,2.0,57.55,2,5755000.0,6291.267654904019
Built-up  Area,Ready To Move,Koramangala,3 BHK,2017.0,4.0,2.0,255.92,3,25592000.0,12688.15071888944
Super built-up  Area,Ready To Move,Chandapura Extension,5 BHK,2398.0,5.0,2.0,224.64,5,22464000.0,9367.806505421184
Super built-up  Area,Ready To Move,Koramangala,2 Bedroom,993.168,2.0,3.0,142.23,2,14222999.999999998,14320.839978734713
Super built-up  Area,Ready To Move,Nagarbhavi Colony,4 BHK,1839.0,4.0,1.0,85.73,4,8573000.0,4661.772702555737
Super built-up  Area,Ready To Move,Jayanagar,3 BHK,1905.75,2.0,0.0,175.52,3,17552000.0,9210.022300931392
Built-up  Area,Ready To Move,Pattandur Agrahara Phase 2,3 BHK,1971.0900000000001,4.0,0.0,90.49,3,9049000.0,4590.860894226037
Built-up  Area,Ready To Move,Banashankari,1 Bedroom,556.58,2.0,2.0,37.42,1,3742000.0,6723.202414747206
Super built-up  Area,19-Aug,Kanakapura Road,3 BHK,1477.0,4.0,1.0,72.17,3,7217000.0,4886.255924170616
Super built-up  Area,18-Jun,Yelenahalli Township,6 BHK,3872.0,7.0,1.0,134.01,6,13401000.0,3461.0020661157023
Super built-up  Area,Ready To Move,Basavanagudi,4 BHK,2812.0,4.0,2.0,210.9,4,21090000.0,7500.0
Super built-up  Area,Ready To Move,Varthur,1 Bedroom,327.0,1.0,3.0,15.56,1,1556000.0,4758.409785932722
Carpet  Area,19-May,Whitefield Hope Farm Enclave,3 BHK,1271.952,4.0,0.0,68.98,3,6898000.0,5423.160622413425
Super built-up  Area,Ready To Move,Indiranagar,2 Bedroom,830.0,2.0,1.0,96.87,2,9687000.0,11671.084337349397
Built-up  Area,19-May,Rt Nagar,1 BHK,694.0,2.0,1.0,38.86,1,3886000.0,5599.423631123919
Carpet  Area,Ready To Move,Uttarahalli,2 BHK,907.0,2.0,3.0,41.47,2,4147000.0,4572.216097023153
Super built-up  Area,18-Dec,Electronic City,3 Bedroom,1944.0,3.0,1.0,83.14,3,8314000.0,4276.748971193416
Super built-up  Area,19-Mar,Bannerghatta Road,3 BHK,1797.0,4.0,2.0,93.89,3,9389000.0,5224.819143016138
Super built-up  Area,Ready To Move,Horamavu Nagar,3 BHK,1866.0,3.0,1.0,78.94,3,7894000.0,4230.439442658092
Super built-up  Area,Ready To Move,Uttarahalli,4 BHK,2806.5,4.0,0.0,110.34,4,11034000.0,3931.587386424372
Super built-up  Area,19-Aug,Indiranagar,1 Bedroom,472.5,2.0,3.0,52.57,1,5257000.0,11125.925925925925
Plot  Area,Ready To Move,Domlur,2 BHK,941.88,2.0,1.0,95.62,2,9562000.0,10152.036352826262
Super built-up  Area,18-Dec,Domlur,3 BHK,1925.73,3.0,2.0,209.72,3,20972000.0,10890.415582662159
Plot  Area,Ready To Move,Bannerghatta Road,1 BHK,762.55,1.0,1.0,34.52,1,3452000.0000000005,4526.91626778572
Super built-up  Area,Ready To Move,Attibele Phase 2,4 BHK,2291.0,4.0,2.0,230.81,4,23081000.0,10074.639895242251
Super built-up  Area,Ready To Move,Hennur,2 Bedroom,1002.0,2.0,1.0,62.95,2,6295000.0,6282.435129740519
Super built-up  Area,Ready To Move,Other,2 BHK,1297.19,2.0,0.0,116.45,2,11645000.0,8977.096647368542
Built-up  Area,Ready To Move,Anekal Phase 1,3 Bedroom,1311.0,3.0,3.0,141.07,3,14107000.0,10760.488176964149
Super built-up  Area,Ready To Move,Horamavu Block,1 Bedroom,622.0,1.0,2.0,66.46,1,6645999.999999999,10684.887459807072
Super built-up  Area,18-Jun,Sonnenahalli Stage 2,5 BHK,2550.0,5.0,2.0,239.38,5,23938000.0,9387.450980392157
Super built-up  Area,Ready To Move,Varthur,4 BHK,2692.0,3.0,2.0,125.2,4,12520000.0,4650.817236255572
Super built-up  Area,Ready To Move,Rt Nagar,2 Bedroom,903.37,2.0,1.0,58.3,2,5830000.0,6453.6125839910555
Super built-up  Area,Ready To Move,Electronic City,3 BHK,1652.0,4.0,3.0,64.83,3,6483000.0,3924.3341404358353
Super built-up  Area,Ready To Move,Nallurhalli Nagar,2 BHK,1150.17,2.0,2.0,48.06,2,4806000.0,4178.512741594721
Built-up  Area,19-Mar,Akshaya Nagar Extension,1 BHK,757.5,1.0,1.0,36.91,1,3690999.9999999995,4872.607260726072
Super built-up  Area,18-Dec,Whitefield,1 Bedroom,661.0,1.0,2.0,37.22,1,3722000.0,5630.862329803328
Carpet  Area,18-Dec,Koramangala,1 Bedroom,576.5,1.0,0.0,74.29,1,7429000.000000001,12886.38334778838
Carpet  Area,Ready To Move,Gunjur Colony,2 BHK,1017.0,2.0,1.0,48.66,2,4866000.0,4784.660766961652
Built-up  Area,Ready To Move,Hsr Layout,2 BHK,1153.0,3.0,0.0,93.56,2,9356000.0,8114.48395490026
Carpet  Area,19-May,Jp Nagar,1 BHK,648.0,1.0,1.0,51.23,1,5123000.0,7905.864197530864
Super built-up  Area,Ready To Move,Banashankari,2 BHK,1115.0,2.0,3.0,72.79,2,7279000.000000001,6528.251121076234
Plot  Area,19-Aug,Yeshwanthpur,3 Bedroom,1503.0,4.0,0.0,117.11,3,11711000.0,7791.749833666001
Carpet  Area,Ready To Move,Ramamurthy Nagar Cross,3 Bedroom,1735.5,4.0,2.0,118.66,3,11866000.0,6837.222702391242
Plot  Area,Ready To Move,Jp Nagar,2 BHK,1232.31,2.0,2.0,79.98,2,7998000.0,6490.250018258393
Super built-up  Area,Ready To Move,Sonnenahalli Block,3 BHK,1389.06,2.0,1.0,102.06,3,10206000.0,7347.414798496826
Super built-up  Area,Ready To Move,Kr Puram,2 Bedroom,1246.0,1.0,1.0,52.25,2,5225000.0,4193.418940609952
Super built-up  Area,Ready To Move,Vidyaranyapura Extension,2 BHK,1021.0,2.0,2.0,54.78,2,5478000.0,5365.3281096963765
Built-up  Area,Ready To Move,Attibele Phase 1,1 Bedroom,722.49,1.0,1.0,61.54,1,6154000.0,8517.764951764038
Built-up  Area,Ready To Move,Sarjapur Road,4 BHK,2602.85,5.0,2.0,145.33,4,14533000.000000002,5583.495015079625
Built-up  Area,Ready To Move,Electronic City,1 Bedroom,541.29,2.0,1.0,20.46,1,2046000.0,3779.8592251842824
Super built-up  Area,18-Jun,Uttarahalli,1 BHK,500.97,2.0,3.0,20.4,1,2039999.9999999998,4072.1001257560324
Plot  Area,18-Jun,Cv Raman Nagar,3 BHK,1981.0,4.0,3.0,156.61,3,15661000.000000002,7905.603230691571
Super built-up  Area,Ready To Move,Malleshwaram,4 BHK,2232.0,4.0,0.0,201.82,4,20182000.0,9042.114695340502
Carpet  Area,Ready To Move,Kadugodi Gardens,2 BHK,916.65,2.0,0.0,32.24,2,3224000.0,3517.154857361043
Super built-up  Area,18-Dec,Talaghattapura Main Road,3 BHK,1661.14,3.0,2.0,127.32,3,12732000.0,7664.61586621236
Super built-up  Area,Ready To Move,Nagavara Main Road,2 BHK,989.5,2.0,2.0,32.97,2,3297000.0,3331.985851440121
Super built-up  Area,Ready To Move,Bellandur,3 BHK,1974.88,3.0,1.0,109.04,3,10904000.0,5521.348132544762
Built-up  Area,19-May,Koramangala,1 BHK,459.45,1.0,2.0,66.16,1,6616000.0,14399.825878768093
Super built-up  Area,Ready To Move,Kaggadasapura Layout,3 BHK,1421.803551,3.0,0.0,50.46,3,5046000.0,3549.013502217649
Built-up  Area,Ready To Move,Kengeri,2 BHK,978.59,1.0,2.0,37.33,2,3733000.0,3814.6721303099357
Carpet  Area,Ready To Move,Bannerghatta Road,1 BHK,673.0,1.0,1.0,33.03,1,3303000.0,4907.875185735513
Super built-up  Area,Ready To Move,Horamavu Nagar,3 Bedroom,1679.0,3.0,2.0,66.8,3,6680000.0,3978.5586658725433
Super built-up  Area,Ready To Move,Indiranagar,2 BHK,1306.8,2.0,2.0,125.8,2,12580000.0,9626.568717477809
Carpet  Area,Ready To Move,Jalahalli Gardens,2 Bedroom,1385.0,2.0,1.0,121.85,2,12185000.0,8797.83393501805
Built-up  Area,Ready To Move,Hennur,1 BHK,735.0,1.0,3.0,44.16,1,4416000.0,6008.163265306122
Built-up  Area,Ready To Move,Cv Raman Nagar,2 Bedroom,1319.0,3.0,3.0,89.3,2,8930000.0,6770.280515542077
Built-up  Area,Ready To Move,Kaggadasapura Cross,5 Bedroom,3104.0,5.0,0.0,202.33,5,20233000.0,6518.363402061856
Plot  Area,Ready To Move,Koramangala,2 BHK,1074.0,2.0,3.0,133.42,2,13341999.999999998,12422.718808193667
Super built-up  Area,18-Nov,Varthur,3 BHK,2214.0,4.0,2.0,102.4,3,10240000.0,4625.112917795845
Super built-up  Area,Ready To Move,Sompura Colony,2 BHK,941.0,2.0,0.0,36.15,2,3615000.0,3841.6578108395324
Super built-up  Area,Ready To Move,Hennur,2 BHK,920.0,1.0,2.0,53.29,2,5329000.0,5792.391304347826
Built-up  Area,Ready To Move,Frazer Town,3 BHK,2115.0,3.0,3.0,236.2,3,23620000.0,11167.848699763594
Super built-up  Area,18-Dec,Ramamurthy Nagar Extension,4 BHK,2792.0,4.0,2.0,94.39,4,9439000.0,3380.730659025788
Plot  Area,19-Aug,Sarjapur Road,4 Bedroom,2435.0,4.0,0.0,130.27,4,13027000.000000002,5349.897330595483
Super built-up  Area,18-Jun,Sompura Main Road,1 BHK,536.5,1.0,1.0,27.79,1,2779000.0,5179.869524697111
Super built-up  Area,Ready To Move,Cv Raman Nagar,2 BHK,849.4200000000001,1.0,1.0,57.1,2,5710000.0,6722.233994961267
Carpet  Area,18-Dec,Kumaraswamy Layout Stage 2,4 Bedroom,2831.4,4.0,1.0,223.69,4,22369000.0,7900.331991241082
Super built-up  Area,Ready To Move,Jp Nagar,4 BHK,2725.86,4.0,2.0,180.6,4,18060000.0,6625.431973762408
Built-up  Area,19-Mar,Varthur,2 BHK,953.58,2.0,2.0,45.0,2,4500000.0,4719.058705090291
Super built-up  Area,Ready To Move,Varthur,4 BHK,2119.0,3.0,1.0,111.87,4,11187000.0,5279.377064653138
Super built-up  Area,Ready To Move,Kanakapura Road,4 BHK,2667.0,4.0,2.0,100.42,4,10042000.0,3765.27934008249
Super built-up  Area,Ready To Move,Banashankari,2 BHK,1306.8,3.0,2.0,79.37,2,7937000.0,6073.614937251301
Built-up  Area,Ready To Move,Old Airport Road Colony,2 BHK,831.0,2.0,1.0,51.15,2,5115000.0,6155.234657039711
Built-up  Area,Ready To Move,Devanahalli Nagar,4 BHK,1892.11,5.0,1.0,128.31,4,12831000.0,6781.318210886259
Super built-up  Area,Ready To Move,Domlur,2 Bedroom,909.0,2.0,2.0,109.08,2,10908000.0,12000.0
Built-up  Area,19-May,Uttarahalli,1 BHK,667.0,1.0,0.0,32.88,1,3288000.0000000005,4929.535232383809
Super built-up  Area,Ready To Move,Kr Puram,2 BHK,1152.5,1.0,0.0,47.92,2,4792000.0,4157.917570498916
Built-up  Area,18-Nov,Koramangala,5 BHK,3550.14,5.0,0.0,396.74,5,39674000.0,11175.333930492883
Super built-up  Area,Ready To Move,Domlur,2 BHK,1021.0,3.0,3.0,118.74,2,11874000.0,11629.77473065622
Built-up  Area,Ready To Move,Btm Layout,3 BHK,1630.0,4.0,1.0,90.38,3,9038000.0,5544.78527607362
Carpet  Area,Ready To Move,Marathahalli,4 BHK,2297.0,4.0,2.0,176.9,4,17690000.0,7701.349586417065
Super built-up  Area,Ready To Move,Rajaji Nagar,2 BHK,1063.0,2.0,1.0,95.2,2,9520000.0,8955.785512699906
Super built-up  Area,19-Mar,Other,3 BHK,1716.0,2.0,2.0,139.83,3,13983000.000000002,8148.6013986013995
Super built-up  Area,19-Aug,Hsr Layout,3 BHK,1928.5,3.0,1.0,140.49,3,14049000.0,7284.936479128856
Built-up  Area,18-Jun,Varthur,2 BHK,1290.0,2.0,1.0,49.49,2,4949000.0,3836.4341085271317
Super built-up  Area,Ready To Move,Jp Nagar,1 Bedroom,662.0,1.0,0.0,48.22,1,4822000.0,7283.987915407855
Built-up  Area,Ready To Move,Yelahanka,1 BHK,589.1,1.0,1.0,25.27,1,2527000.0,4289.5942963843145
Built-up  Area,Ready To Move,Electronic City,1 BHK,562.48,1.0,3.0,26.84,1,2684000.0,4771.725216896601
Super built-up  Area,Ready To Move,Btm Layout,2 BHK,1267.5960000000002,2.0,3.0,84.69,2,8469000.0,6681.1507767459025
Built-up  Area,18-Nov,Marathahalli,3 BHK,1604.0,3.0,0.0,75.47,3,7547000.0,4705.112219451372
Built-up  Area,18-Jun,Kr Puram,3 BHK,1591.07,3.0,2.0,75.89,3,7589000.0,4769.746145675552
Super built-up  Area,Ready To Move,Chandapura Stage 2,3 BHK,1427.5,3.0,2.0,136.1,3,13610000.0,9534.15061295972
Super built-up  Area,Ready To Move,Domlur,3 BHK,1682.0,3.0,1.0,185.76,3,18576000.0,11043.995243757432
Super built-up  Area,Ready To Move,Sathanur Gardens,4 BHK,2401.4,4.0,0.0,124.04,4,12404000.0,5165.320229865912
Super built-up  Area,19-Aug,Basavanagudi,3 BHK,2035.0,3.0,2.0,205.04,3,20504000.0,10075.675675675675
Super built-up  Area,Ready To Move,Marathahalli,4 BHK,2745.0,5.0,0.0,162.55,4,16255000.000000002,5921.675774134791
Built-up  Area,18-Nov,Vidyaranyapura Extension,4 BHK,2639.02,4.0,0.0,155.35,4,15535000.0,5886.654894619973
Super built-up  Area,18-Dec,Varthur,3 BHK,1958.0,3.0,3.0,89.57,3,8957000.0,4574.565883554647
Built-up  Area,Ready To Move,Haralur Road Block,3 BHK,2169.5,3.0,2.0,207.15,3,20715000.0,9548.283014519475
Super built-up  Area,Ready To Move,Basavanagudi,2 BHK,1068.0,2.0,3.0,110.82,2,11082000.0,10376.404494382023
Built-up  Area,Ready To Move,Yeshwanthpur,4 BHK,2334.0,3.0,1.0,143.77,4,14377000.000000002,6159.811482433591
Plot  Area,Ready To Move,Domlur,4 BHK,2824.93,4.0,2.0,316.31,4,31631000.0,11197.091609349613
Built-up  Area,Ready To Move,Banashankari,2 BHK,1341.0,3.0,3.0,94.99,2,9499000.0,7083.51976137211
Super built-up  Area,Ready To Move,Jayanagar,2 BHK,1222.0,3.0,1.0,110.87,2,11087000.0,9072.831423895253
Plot  Area,18-Nov,Other,3 BHK,1846.0,2.0,2.0,97.26,3,9726000.0,5268.689057421452
Built-up  Area,19-Mar,Varthur,1 BHK,622.0,1.0,2.0,30.67,1,3067000.0,4930.868167202572
Super built-up  Area,18-Nov,Hsr Layout,1 BHK,670.0,1.0,3.0,45.87,1,4587000.0,6846.268656716418
Super built-up  Area,Ready To Move,Kumaraswamy Layout Layout,2 Bedroom,852.1424999999999,2.0,0.0,38.41,2,3840999.9999999995,4507.4620735381695
Super built-up  Area,19-May,Dodballapur Road Phase 2,4 BHK,2769.0,5.0,0.0,272.91,4,27291000.000000004,9855.904658721562
Super built-up  Area,Ready To Move,Bannerghatta Road,2 Bedroom,1120.0,2.0,1.0,46.78,2,4678000.0,4176.785714285715
Carpet  Area,18-Dec,Sathanur Gardens,2 BHK,1301.63,3.0,1.0,73.13,2,7313000.0,5618.3400812826985
Super built-up  Area,Ready To Move,Varthur,3 BHK,1846.85,3.0,1.0,76.69,3,7669000.0,4152.475837236376
Built-up  Area,Ready To Move,Indiranagar,5 Bedroom,3434.5,5.0,3.0,354.64,5,35464000.0,10325.811617411558
Super built-up  Area,Ready To Move,Banashankari,3 BHK,1530.045,3.0,1.0,83.46,3,8345999.999999999,5454.741527209983
Super built-up  Area,Ready To Move,Ramamurthy Nagar Extension,3 BHK,1434.7575,4.0,2.0,48.27,3,4827000.0,3364.3316030757815
Plot  Area,Ready To Move,Jp Nagar,3 BHK,2140.0,4.0,1.0,118.05,3,11805000.0,5516.355140186916
Super built-up  Area,Ready To Move,Other,2 BHK,1106.29,2.0,3.0,75.71,2,7570999.999999999,6843.594355910294
Built-up  Area,Ready To Move,Kengeri,2 BHK,1031.0,3.0,1.0,43.1,2,4310000.0,4180.407371483996
Super built-up  Area,Ready To Move,Koramangala,2 Bedroom,1033.1,2.0,1.0,136.95,2,13694999.999999998,13256.219146258833
Super built-up  Area,Ready To Move,Bellandur,3 BHK,1971.0,3.0,1.0,125.67,3,12567000.0,6375.951293759513
Built-up  Area,18-Jun,Domlur,3 BHK,1316.0,3.0,2.0,149.36,3,14936000.000000002,11349.544072948329
Super built-up  Area,Ready To Move,Koramangala,3 BHK,2055.0,4.0,3.0,221.48,3,22148000.0,10777.615571776156
Built-up  Area,Ready To Move,Basavanagudi,3 BHK,1746.756,3.0,2.0,153.2,3,15319999.999999998,8770.54379661498
Super built-up  Area,Ready To Move,Frazer Town,2 BHK,1513.5,1.0,1.0,140.28,2,14028000.0,9268.582755203171
Super built-up  Area,Ready To Move,Kr Puram,4 BHK,2028.59,5.0,2.0,104.08,4,10408000.0,5130.657254546261
Super built-up  Area,18-Nov,Kanakapura Road,3 BHK,1439.0,3.0,2.0,60.54,3,6054000.0,4207.088255733148
Super built-up  Area,Ready To Move,Basavanagudi,2 BHK,946.0,2.0,3.0,92.13,2,9213000.0,9738.900634249472
Super built-up  Area,Ready To Move,Talaghattapura Main Road,1 BHK,438.72,1.0,3.0,24.66,1,2466000.0,5620.89715536105
Super built-up  Area,Ready To Move,Dodballapur Road Phase 1,3 BHK,1456.81,3.0,2.0,57.37,3,5737000.0,3938.0564383824935
Built-up  Area,Ready To Move,Sompura Colony,3 BHK,2071.53,4.0,2.0,79.15,3,7915000.000000001,3820.8473929897227
Carpet  Area,Ready To Move,Jayanagar,2 BHK,935.25,2.0,0.0,85.95,2,8595000.0,9190.056134723336
Super built-up  Area,Ready To Move,Yelenahalli Enclave,3 BHK,1982.0,4.0,2.0,128.71,3,12871000.0,6493.945509586277
Plot  Area,Ready To Move,Yelahanka,3 BHK,1306.8,2.0,1.0,69.05,3,6905000.0,5283.89960208142
Plot  Area,19-May,Kengeri,2 BHK,1214.0,2.0,1.0,53.96,2,5396000.0,4444.810543657331
Plot  Area,19-May,Hebbal,2 BHK,1147.0,2.0,0.0,89.42,2,8942000.0,7795.989537925022
Built-up  Area,Ready To Move,Ramamurthy Nagar Stage 2,1 Bedroom,506.38500000000005,1.0,2.0,49.83,1,4983000.0,9840.338872596936
Super built-up  Area,19-Aug,Jalahalli Block,2 Bedroom,1542.0,2.0,2.0,110.49,2,11049000.0,7165.369649805448
Super built-up  Area,18-Jun,Nallurhalli Township,3 BHK,1618.0,3.0,3.0,71.68,3,7168000.000000001,4430.160692212608
Carpet  Area,Ready To Move,Sarjapur Road,3 BHK,1215.324,3.0,2.0,73.26,3,7326000.000000001,6028.022157054415
Carpet  Area,Ready To Move,Bannerghatta Road,2 BHK,914.0,2.0,0.0,43.47,2,4347000.0,4756.01750547046
Super built-up  Area,Ready To Move,Nagarbhavi Colony,1 BHK,663.99,1.0,1.0,28.02,1,2802000.0,4219.943071431799
Built-up  Area,19-Aug,Yelenahalli Layout,1 Bedroom,652.3999789999999,2.0,1.0,42.73,1,4273000.0,6549.662994394426
Super built-up  Area,Ready To Move,Indiranagar,1 BHK,457.0,2.0,2.0,50.64,1,5064000.0,11080.962800875273
Built-up  Area,Ready To Move,Kr Puram,3 BHK,2178.0,3.0,1.0,108.62,3,10862000.0,4987.144168962351
Super built-up  Area,Ready To Move,Btm Layout,2 BHK,1317.0,2.0,0.0,83.91,2,8391000.0,6371.2984054669705
Plot  Area,18-Nov,Whitefield,3 BHK,1912.0,3.0,0.0,108.66,3,10866000.0,5683.05439330544
Super built-up  Area,Ready To Move,Sarjapur Road,1 BHK,664.0,1.0,2.0,36.7,1,3670000.0000000005,5527.10843373494
Plot  Area,Ready To Move,Horamavu Nagar,3 BHK,1788.93,3.0,0.0,84.21,3,8421000.0,4707.283124549312
Carpet  Area,Ready To Move,Hennur,2 BHK,990.99,3.0,2.0,59.4,2,5940000.0,5994.005994005994
Built-up  Area,18-Dec,Sarjapur Road,4 BHK,2399.5,4.0,0.0,151.35,4,15135000.0,6307.564075849135
Super built-up  Area,Ready To Move,Uttarahalli,4 BHK,2668.13,4.0,2.0,83.53,4,8353000.0,3130.6570519427464
Built-up  Area,Ready To Move,Kanakapura Road,4 BHK,2803.4,4.0,1.0,116.97,4,11697000.0,4172.433473639152
Super built-up  Area,18-Jun,Yeshwanthpur,2 BHK,1153.78,2.0,2.0,73.76,2,7376000.000000001,6392.899859591951
Built-up  Area,18-Nov,Yeshwanthpur,3 BHK,2079.0,3.0,1.0,133.77,3,13377000.000000002,6434.343434343436
Built-up  Area,19-Aug,Kanakapura Road,2 BHK,1153.5,2.0,3.0,57.19,2,5719000.0,4957.954052882532
Carpet  Area,Ready To Move,Whitefield Hope Farm Enclave,2 Bedroom,1371.58,2.0,2.0,85.81,2,8581000.0,6256.288368159349
Super built-up  Area,Ready To Move,Kanakapura Road,3 BHK,1799.0,3.0,2.0,78.15,3,7815000.000000001,4344.08004446915
Super built-up  Area,Ready To Move,Ambalipura Phase 2,4 BHK,2149.0,4.0,0.0,223.19,4,22319000.0,10385.760818985575
Built-up  Area,Ready To Move,Sathanur Gardens,3 BHK,1428.0,3.0,0.0,67.65,3,6765000.000000001,4737.394957983194
Built-up  Area,19-May,Hsr Layout,2 BHK,1414.0,2.0,1.0,102.51,2,10251000.0,7249.64639321075
Built-up  Area,19-Mar,Sarjapur Enclave,3 BHK,1725.5,3.0,1.0,61.43,3,6143000.0,3560.1274992755725
Super built-up  Area,Ready To Move,Vijayanagar,3 BHK,1477.0,3.0,0.0,97.63,3,9763000.0,6610.020311442112
Carpet  Area,Ready To Move,Whitefield,2 BHK,971.87,2.0,0.0,60.2,2,6020000.0,6194.244086143209
Super built-up  Area,Ready To Move,Yelenahalli Township,3 BHK,1368.0,3.0,1.0,51.5,3,5150000.0,3764.6198830409357
Super built-up  Area,Ready To Move,Banashankari,2 BHK,1098.0,2.0,3.0,74.04,2,7404000.000000001,6743.169398907105
Super built-up  Area,Ready To Move,Bannerghatta Road,3 BHK,1764.18,4.0,2.0,76.5,3,7650000.0,4336.292215080094
Built-up  Area,19-May,Nallurhalli Nagar,6 BHK,3935.0,7.0,1.0,125.38,6,12538000.0,3186.277001270648
Super built-up  Area,Ready To Move,Horamavu Nagar,2 BHK,1328.0,3.0,2.0,63.86,2,6386000.0,4808.734939759036
Built-up  Area,19-Mar,Nagarbhavi Gardens,4 Bedroom,1993.5,5.0,1.0,189.72,4,18972000.0,9516.930022573364
Super built-up  Area,Ready To Move,Kanakapura Road,3 Bedroom,1867.0,3.0,3.0,78.11,3,7811000.0,4183.717193358329
Super built-up  Area,Ready To Move,Hebbal,3 Bedroom,1742.4,4.0,1.0,131.77,3,13177000.000000002,7562.557392102847
Super built-up  Area,Ready To Move,Btm Layout,3 BHK,1542.0,4.0,1.0,104.04,3,10404000.0,6747.081712062257
Built-up  Area,Ready To Move,Dodballapur Road Phase 1,2 BHK,1141.92,2.0,1.0,35.65,2,3565000.0,3121.934986689085
Carpet  Area,18-Dec,Indiranagar,2 BHK,871.2,1.0,2.0,121.59,2,12159000.0,13956.611570247933
Plot  Area,18-Jun,Munnekollal Extension,2 BHK,1173.0,2.0,1.0,41.26,2,4126000.0,3517.476555839727
Super built-up  Area,Ready To Move,Yelahanka,2 BHK,1001.88,2.0,1.0,48.78,2,4878000.0,4868.846568451311
Super built-up  Area,Ready To Move,Banashankari,1 BHK,522.0,2.0,2.0,26.65,1,2665000.0,5105.36398467433
Super built-up  Area,19-Aug,Uttarahalli,3 Bedroom,1632.5,3.0,3.0,67.99,3,6798999.999999999,4164.777947932618
Built-up  Area,18-Dec,Kaggadasapura Cross,4 BHK,1881.0,4.0,0.0,135.91,4,13591000.0,7225.412014885699
Built-up  Area,Ready To Move,Subramanyapura Gardens,1 Bedroom,610.0,1.0,2.0,62.05,1,6205000.0,10172.131147540984
Super built-up  Area,Ready To Move,Domlur,2 BHK,1242.0,1.0,2.0,114.09,2,11409000.0,9185.99033816425
Carpet  Area,19-Mar,Jp Nagar,2 Bedroom,1361.0,2.0,1.0,99.14,2,9914000.0,7284.34974283615
Built-up  Area,Ready To Move,Nagavara Main Road,3 BHK,1981.98,3.0,2.0,71.76,3,7176000.000000001,3620.6218024399845
Super built-up  Area,Ready To Move,Yeshwanthpur,1 BHK,628.0,2.0,0.0,44.13,1,4413000.0,7027.070063694267
Built-up  Area,18-Jun,Sarjapur Enclave,2 Bedroom,1204.0,2.0,2.0,42.15,2,4215000.0,3500.830564784053
Super built-up  Area,Ready To Move,Marathahalli,3 BHK,2037.0,3.0,2.0,103.88,3,10388000.0,5099.656357388316
Plot  Area,Ready To Move,Ambalipura Phase 2,2 BHK,1109.0,3.0,3.0,102.11,2,10211000.0,9207.394048692517
Super built-up  Area,Ready To Move,Indiranagar,2 BHK,1250.0,2.0,1.0,132.59,2,13259000.0,10607.2
Built-up  Area,Ready To Move,Kanakapura Road,2 BHK,1225.0,2.0,2.0,59.96,2,5996000.0,4894.693877551021
Super built-up  Area,Ready To Move,Haralur Road Block,4 BHK,1987.0,4.0,2.0,198.5,4,19850000.0,9989.934574735782
Super built-up  Area,Ready To Move,Rajaji Nagar,4 BHK,2154.0,4.0,2.0,170.06,4,17006000.0,7895.078922934076
Super built-up  Area,Ready To Move,Jayanagar,4 BHK,2613.6,3.0,2.0,227.73,4,22773000.0,8713.269054178145
Super built-up  Area,Ready To Move,Vijayanagar,1 BHK,466.0,1.0,0.0,26.66,1,2666000.0,5721.030042918455
Super built-up  Area,Ready To Move,Rt Nagar,3 BHK,1880.0,3.0,2.0,124.63,3,12463000.0,6629.255319148936
Carpet  Area,18-Dec,Singasandra Nagar,1 BHK,511.0,1.0,1.0,49.28,1,4928000.0,9643.835616438357
Built-up  Area,Ready To Move,Uttarahalli,3 BHK,1546.0,4.0,0.0,62.46,3,6246000.0,4040.103492884864
Super built-up  Area,18-Dec,Whitefield,1 BHK,613.64,1.0,2.0,36.35,1,3635000.0,5923.668600482368
Super built-up  Area,Ready To Move,Kr Puram,2 BHK,1442.0,2.0,2.0,77.08,2,7708000.0,5345.353675450763
Plot  Area,Ready To Move,Talaghattapura Main Road,1 BHK,591.0,1.0,2.0,36.17,1,3617000.0,6120.135363790186
Super built-up  Area,Ready To Move,Kaggadasapura Phase 2,2 BHK,1179.08,1.0,0.0,60.19,2,6019000.0,5104.827492621366
Super built-up  Area,Ready To Move,Yelenahalli Township,2 BHK,1225.85,2.0,1.0,46.26,2,4626000.0,3773.708039319656
Plot  Area,Ready To Move,Ambalipura Extension,2 BHK,1256.0,1.0,1.0,69.28,2,6928000.0,5515.923566878981
Built-up  Area,Ready To Move,Malleshwaram,1 Bedroom,627.5,1.0,2.0,52.16,1,5216000.0,8312.350597609562
Built-up  Area,Ready To Move,Hsr Layout,1 Bedroom,727.0,1.0,0.0,58.27,1,5827000.0,8015.130674002751
Super built-up  Area,Ready To Move,Kaggadasapura Phase 2,2 BHK,1388.0,2.0,1.0,60.77,2,6077000.0,4378.242074927954
Super built-up  Area,18-Nov,Hebbal,2 BHK,1424.0,2.0,3.0,99.46,2,9946000.0,6984.550561797752
Super built-up  Area,Ready To Move,Indiranagar,3 BHK,1559.0,3.0,2.0,190.07,3,19007000.0,12191.78960872354
Built-up  Area,Ready To Move,Bellandur,4 Bedroom,2580.97,4.0,0.0,159.8,4,15980000.000000002,6191.470648632105
Super built-up  Area,Ready To Move,Koramangala,3 BHK,1625.0,4.0,2.0,201.76,3,20176000.0,12416.0
Super built-up  Area,Ready To Move,Btm Layout,1 BHK,654.0,2.0,1.0,38.67,1,3867000.0,5912.844036697248
Super built-up  Area,19-Mar,Yelahanka,4 BHK,2194.335,4.0,0.0,100.09,4,10009000.0,4561.290778299576
Super built-up  Area,18-Jun,Marathahalli,3 BHK,1412.0,3.0,0.0,83.64,3,8364000.0,5923.512747875354
Super built-up  Area,Ready To Move,Cv Raman Nagar,5 Bedroom,3517.47,6.0,3.0,231.34,5,23134000.0,6576.886227885384
Super built-up  Area,Ready To Move,Basavanagudi,5 BHK,2937.0,5.0,2.0,249.13,5,24913000.0,8482.465100442629
Built-up  Area,Ready To Move,Kumaraswamy Layout Phase 1,4 BHK,2005.73,4.0,0.0,108.42,4,10842000.0,5405.513204668624
Plot  Area,Ready To Move,Hennur,3 Bedroom,1437.48,3.0,1.0,91.27,3,9127000.0,6349.305729471019
Built-up  Area,18-Nov,Electronic City,2 Bedroom,882.0,1.0,2.0,39.59,2,3959000.0000000005,4488.662131519275
Super built-up  Area,Ready To Move,Basavanagudi,3 BHK,1766.0,3.0,0.0,167.24,3,16724000.0,9469.988674971688
Super built-up  Area,Ready To Move,Btm Layout,3 BHK,1881.2475,3.0,2.0,153.85,3,15385000.0,8178.083957586655
Super built-up  Area,Ready To Move,Basavanagudi,2 BHK,1180.0,1.0,3.0,122.11,2,12211000.0,10348.305084745763
Super built-up  Area,Ready To Move,Uttarahalli,4 BHK,2436.0,4.0,0.0,85.14,4,8514000.0,3495.073891625616
Built-up  Area,18-Dec,Rt Nagar,4 BHK,2819.5,4.0,0.0,154.97,4,15497000.0,5496.36460365313
Built-up  Area,Ready To Move,Rajaji Nagar,2 BHK,1192.0,2.0,3.0,111.82,2,11182000.0,9380.872483221476
Built-up  Area,Ready To Move,Whitefield,2 BHK,914.61,2.0,2.0,48.41,2,4841000.0,5292.9664009796525
Carpet  Area,Ready To Move,Marathahalli,4 BHK,2368.0,4.0,3.0,153.82,4,15382000.0,6495.777027027027
Plot  Area,Ready To Move,Sarjapur Road,4 Bedroom,2318.0,4.0,0.0,114.81,4,11481000.0,4952.97670405522
Plot  Area,Ready To Move,Kumaraswamy Layout Phase 1,3 BHK,1930.0,4.0,1.0,115.04,3,11504000.0,5960.621761658031
Super built-up  Area,Ready To Move,Marathahalli,3 BHK,1972.28,3.0,0.0,104.96,3,10496000.0,5321.759587888129
Super built-up  Area,Ready To Move,Kr Puram,4 BHK,2804.42,4.0,1.0,130.0,4,13000000.0,4635.539612468889
Built-up  Area,Ready To Move,Kaggadasapura Cross,3 BHK,1912.5,3.0,0.0,141.9,3,14190000.0,7419.607843137255
Built-up  Area,Ready To Move,Btm Layout,3 BHK,1907.0,2.0,2.0,125.73,3,12573000.0,6593.078133193498
Built-up  Area,Ready To Move,Hebbal,2 BHK,1294.03,2.0,1.0,84.15,2,8415000.0,6502.940426419789
Plot  Area,19-Mar,Hsr Layout,3 BHK,1470.15,3.0,3.0,122.81,3,12281000.0,8353.569363670373
Built-up  Area,19-Mar,Marathahalli,2 BHK,1062.0,3.0,2.0,69.25,2,6925000.0,6520.715630885123
Plot  Area,Ready To Move,Yeshwanthpur,2 BHK,1116.0,2.0,0.0,89.93,2,8993000.0,8058.243727598567
Super built-up  Area,Ready To Move,Hennur,2 BHK,955.07,2.0,2.0,58.66,2,5866000.0,6141.958181075733
Super built-up  Area,Ready To Move,Sathanur Enclave,3 BHK,2109.0,3.0,1.0,129.88,3,12988000.0,6158.368895211001
Super built-up  Area,Ready To Move,Indiranagar,1 BHK,495.0,1.0,1.0,55.35,1,5535000.0,11181.818181818182
Carpet  Area,Ready To Move,Jayanagar,5 BHK,3134.0,5.0,1.0,286.04,5,28604000.000000004,9126.994256541162
Super built-up  Area,Ready To Move,Hsr Layout,3 BHK,1912.62,3.0,3.0,146.84,3,14684000.0,7677.426775836288
Super built-up  Area,Ready To Move,Marathahalli,1 Bedroom,623.0,2.0,1.0,45.32,1,4532000.0,7274.478330658106
Plot  Area,Ready To Move,Btm Layout,4 Bedroom,2125.44,5.0,0.0,148.43,4,14843000.0,6983.495182174044
Super built-up  Area,19-May,Hennur,2 BHK,1402.0,3.0,3.0,96.73,2,9673000.0,6899.429386590585
Built-up  Area,18-Nov,Basavanagudi,5 BHK,2518.76,5.0,2.0,275.88,5,27588000.0,10953.008623290825
Super built-up  Area,Ready To Move,Yelahanka,1 BHK,363.173986,1.0,3.0,13.0,1,1300000.0,3579.5515375927835
Super built-up  Area,Ready To Move,Nallurhalli Township,2 Bedroom,1025.0,2.0,1.0,44.02,2,4402000.0,4294.634146341464
Plot  Area,19-Aug,Gunjur Gardens,3 Bedroom,1609.0,2.0,1.0,48.75,3,4875000.0,3029.8321939092602
Super built-up  Area,Ready To Move,Vijayanagar,4 BHK,1990.0,4.0,1.0,119.15,4,11915000.0,5987.437185929648
Built-up  Area,18-Nov,Kumaraswamy Layout Phase 1,1 BHK,617.0,1.0,2.0,29.62,1,2962000.0,4800.64829821718
Super built-up  Area,Ready To Move,Banashankari,2 BHK,1380.0,3.0,2.0,79.1,2,7909999.999999999,5731.884057971014
Built-up  Area,Ready To Move,Yelahanka,4 BHK,2030.51,4.0,1.0,90.75,4,9075000.0,4469.320515535506
Carpet  Area,Ready To Move,Kanakapura Road,2 Bedroom,1148.5,3.0,0.0,50.24,2,5024000.0,4374.401393121463
Super built-up  Area,18-Jun,Basavanagudi,1 BHK,609.0,1.0,1.0,63.71,1,6371000.0,10461.412151067323
Built-up  Area,Ready To Move,Marathahalli,4 BHK,2920.0,4.0,1.0,172.73,4,17273000.0,5915.41095890411
Super built-up  Area,18-Nov,Btm Layout,2 BHK,871.2,1.0,1.0,64.21,2,6420999.999999999,7370.293847566573
Plot  Area,Ready To Move,Electronic City,2 BHK,1114.0,3.0,2.0,41.13,2,4113000.0000000005,3692.1005385996414
Super built-up  Area,Ready To Move,Vijayanagar,2 Bedroom,980.1,2.0,3.0,54.44,2,5444000.0,5554.535251504948
Super built-up  Area,Ready To Move,Electronic City,1 BHK,620.7299999999999,1.0,0.0,24.79,1,2479000.0,3993.6848549288748
Built-up  Area,18-Jun,Doddakannelli Enclave,2 BHK,1362.0,2.0,2.0,144.71,2,14471000.0,10624.81644640235
Super built-up  Area,Ready To Move,Yeshwanthpur,4 BHK,2087.5,5.0,1.0,152.49,4,15249000.0,7304.9101796407185
Plot  Area,Ready To Move,Kengeri,3 BHK,1377.0,3.0,2.0,45.08,3,4508000.0,3273.7835875090777
Super built-up  Area,Ready To Move,Jp Nagar,2 BHK,1042.0,2.0,2.0,62.39,2,6239000.0,5987.523992322457
Super built-up  Area,Ready To Move,Rajaji Nagar,2 BHK,1417.0,2.0,1.0,117.35,2,11735000.0,8281.580804516585
Super built-up  Area,19-Aug,Whitefield,1 BHK,671.0,1.0,0.0,37.01,1,3701000.0,5515.648286140089
Super built-up  Area,Ready To Move,Kr Puram,3 BHK,1503.5,4.0,0.0,62.72,3,6272000.0,4171.59960093116
Plot  Area,Ready To Move,Nagavara Phase 1,3 BHK,1944.0,2.0,2.0,126.77,3,12677000.0,6521.090534979424
Plot  Area,Ready To Move,Hebbal,2 Bedroom,948.68,2.0,1.0,60.95,2,6095000.0,6424.716448117384
Built-up  Area,Ready To Move,Dodballapur Road Phase 2,4 BHK,2054.0,4.0,2.0,194.14,4,19414000.0,9451.801363193768
Built-up  Area,Ready To Move,Gottigere Phase 2,1 BHK,490.0,1.0,1.0,44.59,1,4459000.0,9100.0
Plot  Area,Ready To Move,Subramanyapura Stage 2,1 BHK,567.05,2.0,2.0,23.3,1,2330000.0,4108.985098315846
Super built-up  Area,Ready To Move,Jalahalli Block,3 BHK,1813.185,3.0,2.0,127.46,3,12746000.0,7029.619150831272
Built-up  Area,Ready To Move,Whitefield,3 Bedroom,1981.849268,3.0,1.0,101.12,3,10112000.0,5102.305287931716
Built-up  Area,Ready To Move,Rajarajeshwari Nagar Gardens,4 BHK,1942.0,4.0,3.0,111.35,4,11135000.0,5733.779608650875
Super built-up  Area,Ready To Move,Yelenahalli Layout,2 BHK,1309.0,3.0,3.0,71.71,2,7170999.999999999,5478.227654698242
Built-up  Area,19-Aug,Horamavu Nagar,1 BHK,656.5,1.0,0.0,25.02,1,2502000.0,3811.119573495811
Super built-up  Area,19-May,Basavanagudi,3 BHK,1327.91,3.0,2.0,126.0,3,12600000.0,9488.594859591387
Super built-up  Area,Ready To Move,Sarjapur Road,4 BHK,2743.63,5.0,3.0,160.4,4,16040000.0,5846.269358477637
Built-up  Area,Ready To Move,Sonnenahalli Stage 2,3 Bedroom,1742.4,2.0,1.0,174.68,3,17468000.0,10025.252525252525
Carpet  Area,Ready To Move,Gottigere Township,2 BHK,1080.0,2.0,0.0,110.52,2,11052000.0,10233.333333333334
Super built-up  Area,Ready To Move,Rt Nagar,2 BHK,1256.0,3.0,0.0,78.62,2,7862000.0,6259.554140127389
Super built-up  Area,Ready To Move,Marathahalli,5 BHK,3290.0,4.0,2.0,191.19,5,19119000.0,5811.246200607903
Built-up  Area,Ready To Move,Whitefield,2 BHK,1278.0,2.0,2.0,64.62,2,6462000.0,5056.338028169014
Built-up  Area,Ready To Move,Sarjapur Road,2 BHK,984.0,2.0,1.0,52.31,2,5231000.0,5316.056910569106
Super built-up  Area,Ready To Move,Btm Layout,1 BHK,513.0,1.0,0.0,33.74,1,3374000.0,6576.998050682261
Super built-up  Area,Ready To Move,Jp Nagar,4 BHK,2075.0,4.0,0.0,125.98,4,12598000.0,6071.325301204819
Carpet  Area,Ready To Move,Doddakannelli Enclave,5 BHK,3083.0,4.0,2.0,310.09,5,31008999.999999996,10058.060330846576
Super built-up  Area,Ready To Move,Devanahalli Gardens,1 BHK,751.41,1.0,2.0,26.58,1,2658000.0,3537.349782409071
Plot  Area,Ready To Move,Hennur,2 BHK,1037.5,2.0,0.0,64.02,2,6402000.0,6170.6024096385545
Super built-up  Area,Ready To Move,Bellandur,4 Bedroom,2708.0,4.0,1.0,168.09,4,16809000.0,6207.163958641064
Built-up  Area,Ready To Move,Whitefield,3 BHK,1891.0,3.0,1.0,98.2,3,9820000.0,5193.019566367002
Carpet  Area,Ready To Move,Hebbal,2 BHK,992.0,2.0,2.0,74.56,2,7456000.0,7516.129032258064
Built-up  Area,Ready To Move,Bannerghatta Road,3 BHK,1349.19,3.0,2.0,61.84,3,6184000.0,4583.490835241886
Super built-up  Area,18-Dec,Uttarahalli,2 BHK,952.0,2.0,0.0,44.42,2,4442000.0,4665.966386554622
Built-up  Area,Ready To Move,Cv Raman Nagar,2 Bedroom,1375.5,2.0,2.0,105.37,2,10537000.0,7660.487095601599
Plot  Area,Ready To Move,Kengeri,3 BHK,2114.0,3.0,0.0,98.93,3,9893000.0,4679.754020813623
Built-up  Area,18-Nov,Bellandur,2 BHK,1202.0,2.0,0.0,77.69,2,7769000.0,6463.394342762063
Super built-up  Area,Ready To Move,Frazer Town,3 BHK,1857.0,4.0,0.0,197.85,3,19785000.0,10654.281098546042
Built-up  Area,19-Mar,Uttarahalli,1 BHK,585.0,1.0,0.0,28.21,1,2821000.0,4822.222222222223
Built-up  Area,19-Mar,Electronic City,2 BHK,894.5,3.0,1.0,35.74,2,3574000.0,3995.5282280603687
Super built-up  Area,Ready To Move,Vijayanagar,3 Bedroom,1935.96,2.0,0.0,127.4,3,12740000.0,6580.714477571851
Built-up  Area,Ready To Move,Subramanyapura Stage 2,3 BHK,1365.0,4.0,2.0,55.16,3,5516000.0,4041.025641025641
Built-up  Area,Ready To Move,Yelahanka,4 BHK,2767.82,4.0,2.0,122.67,4,12267000.0,4432.0078617829195
Built-up  Area,Ready To Move,Hebbal,2 BHK,1101.0,3.0,1.0,69.5,2,6950000.0,6312.44323342416
Built-up  Area,Ready To Move,Marathahalli,4 BHK,2456.5,4.0,2.0,151.69,4,15169000.0,6175.045796865459
Super built-up  Area,Ready To Move,Munnekollal Phase 2,3 BHK,1613.0,2.0,3.0,52.94,3,5294000.0,3282.083075015499
Super built-up  Area,Ready To Move,Rajaji Nagar,3 BHK,1715.64,3.0,0.0,157.63,3,15763000.0,9187.824951621551
Super built-up  Area,Ready To Move,Domlur,4 BHK,2636.0,3.0,1.0,339.01,4,33901000.0,12860.773899848255
Plot  Area,Ready To Move,Domlur,2 BHK,863.0,2.0,2.0,87.01,2,8701000.0,10082.271147161066
Built-up  Area,18-Dec,Uttarahalli,2 BHK,871.2,2.0,2.0,37.2,2,3720000.0000000005,4269.972451790634
Super built-up  Area,19-May,Domlur,3 BHK,2053.0,3.0,1.0,184.27,3,18427000.0,8975.64539698003
Super built-up  Area,Ready To Move,Hsr Layout,3 BHK,1742.4,3.0,1.0,143.82,3,14382000.0,8254.132231404958
Carpet  Area,Ready To Move,Jp Nagar,3 BHK,2101.0,3.0,2.0,142.98,3,14297999.999999998,6805.330794859589
Super built-up  Area,19-Mar,Kengeri,2 Bedroom,1350.3600000000001,3.0,2.0,52.11,2,5211000.0,3858.9709410823775
Super built-up  Area,Ready To Move,Hennur,1 BHK,755.5,1.0,3.0,44.15,1,4415000.0,5843.812045003309
Built-up  Area,Ready To Move,Hennur,1 BHK,574.9920000000001,1.0,2.0,35.45,1,3545000.0000000005,6165.303169435401
Built-up  Area,19-May,Dodballapur Road Phase 2,4 BHK,2332.0,5.0,2.0,236.12,4,23612000.0,10125.214408233276
Built-up  Area,18-Dec,Banashankari,3 BHK,1840.97,3.0,1.0,125.89,3,12589000.0,6838.2428828280745
Super built-up  Area,Ready To Move,Marathahalli,3 Bedroom,2122.92,2.0,2.0,127.73,3,12773000.0,6016.712829498992
Super built-up  Area,Ready To Move,Domlur,1 BHK,620.7299999999999,2.0,0.0,69.7,1,6970000.0,11228.714577996876
Super built-up  Area,18-Jun,Malleshwaram,3 BHK,1742.4,3.0,2.0,203.37,3,20337000.0,11671.831955922864
Super built-up  Area,19-May,Chandapura Main Road,3 BHK,2085.0,2.0,3.0,180.78,3,18078000.0,8670.503597122302
Super built-up  Area,Ready To Move,Btm Layout,2 Bedroom,1114.0,1.0,2.0,76.12,2,7612000.0,6833.034111310592
Super built-up  Area,18-Jun,Gunjur Gardens,2 BHK,1320.0,1.0,1.0,46.07,2,4607000.0,3490.151515151515
Built-up  Area,Ready To Move,Hebbal,3 BHK,1671.0,2.0,2.0,135.84,3,13584000.0,8129.263913824057
Super built-up  Area,Ready To Move,Kanakapura Road,2 BHK,815.0,2.0,3.0,37.88,2,3788000.0000000005,4647.852760736197
Carpet  Area,Ready To Move,Koramangala,1 BHK,599.8721469999999,1.0,2.0,77.12,1,7712000.0,12856.072812462155
Built-up  Area,Ready To Move,Hsr Layout,3 BHK,1376.0,3.0,2.0,99.4,3,9940000.0,7223.837209302325
Super built-up  Area,Ready To Move,Devanahalli Extension,5 BHK,2815.0,4.0,2.0,255.18,5,25518000.0,9065.008880994672
Super built-up  Area,Ready To Move,Kr Puram,3 BHK,1742.4,4.0,2.0,77.82,3,7781999.999999999,4466.2534435261705
Super built-up  Area,Ready To Move,Kanakapura Road,3 BHK,1475.0,2.0,1.0,62.35,3,6235000.0,4227.118644067797
Plot  Area,Ready To Move,Jalahalli Gardens,1 BHK,636.0,1.0,1.0,50.32,1,5032000.0,7911.9496855345915
Plot  Area,Ready To Move,Yelahanka,2 BHK,1124.0,3.0,2.0,51.73,2,5173000.0,4602.3131672597865
Super built-up  Area,18-Dec,Dodballapur Road Phase 2,2 Bedroom,1375.5,1.0,2.0,125.72,2,12572000.0,9139.949109414758
Plot  Area,Ready To Move,Cv Raman Nagar,1 BHK,436.0,2.0,0.0,30.4,1,3040000.0,6972.477064220184
Carpet  Area,Ready To Move,Bellandur,2 Bedroom,1375.0,1.0,0.0,104.73,2,10473000.0,7616.727272727273
Plot  Area,Ready To Move,Yelahanka,3 BHK,1927.0,4.0,1.0,91.56,3,9156000.0,4751.427088738972
Super built-up  Area,Ready To Move,Sompura Main Road,2 BHK,1366.5,2.0,3.0,82.85,2,8284999.999999999,6062.934504207829
Super built-up  Area,Ready To Move,Jp Nagar,3 BHK,1428.77,3.0,1.0,106.27,3,10627000.0,7437.866136607012
Super built-up  Area,Ready To Move,Vasanthapura Extension,1 BHK,727.0,1.0,2.0,70.61,1,7061000.0,9712.51719394773
Super built-up  Area,18-Jun,Sonnenahalli Block,2 Bedroom,1306.8,2.0,2.0,87.13,2,8713000.0,6667.431894704622
Built-up  Area,18-Nov,Subramanyapura Enclave,2 Bedroom,1234.0,1.0,2.0,42.58,2,4258000.0,3450.5672609400326
Built-up  Area,Ready To Move,Sompura Colony,2 Bedroom,1005.0,2.0,3.0,40.35,2,4035000.0,4014.9253731343283
Super built-up  Area,Ready To Move,Sathanur Gardens,2 BHK,1169.0,3.0,3.0,60.05,2,6005000.0,5136.869118905047
Super built-up  Area,Ready To Move,Whitefield,3 BHK,1668.5,3.0,0.0,91.43,3,9143000.0,5479.772250524423
Built-up  Area,Ready To Move,Varthur,2 Bedroom,1359.0,2.0,1.0,55.9,2,5590000.0,4113.318616629875
Super built-up  Area,Ready To Move,Subramanyapura Gardens,3 Bedroom,1516.42,4.0,1.0,125.01,3,12501000.0,8243.758325529867
Built-up  Area,Ready To Move,Hsr Layout,3 Bedroom,1463.0,3.0,0.0,125.07,3,12507000.0,8548.872180451128
Super built-up  Area,18-Jun,Hebbal,2 BHK,943.0,2.0,2.0,75.49,2,7548999.999999999,8005.302226935311
Super built-up  Area,Ready To Move,Rajaji Nagar,2 BHK,1384.86,2.0,0.0,130.71,2,13071000.0,9438.499198474938
Super built-up  Area,Ready To Move,Anekal Stage 2,2 Bedroom,1382.0,2.0,0.0,66.8,2,6680000.0,4833.574529667149
Super built-up  Area,19-May,Jalahalli Block,3 BHK,2178.0,3.0,2.0,115.64,3,11564000.0,5309.458218549127
Built-up  Area,Ready To Move,Sarjapur Road,6 BHK,2642.0,6.0,3.0,184.45,6,18445000.0,6981.453444360333
Super built-up  Area,Ready To Move,Subramanyapura Gardens,2 BHK,1482.0,2.0,0.0,136.75,2,13675000.0,9227.395411605938
Super built-up  Area,Ready To Move,Varthur,5 BHK,2972.97,5.0,1.0,109.43,5,10943000.0,3680.8309535582266
Built-up  Area,Ready To Move,Talaghattapura Stage 2,3 BHK,2101.0,3.0,1.0,213.06,3,21306000.0,10140.885292717754
Super built-up  Area,19-Mar,Whitefield,1 BHK,602.670761,1.0,0.0,36.83,1,3683000.0,6111.1310492131215
Built-up  Area,Ready To Move,Yeshwanthpur,1 BHK,471.5,1.0,0.0,29.01,1,2901000.0,6152.70413573701
Super built-up  Area,Ready To Move,Yeshwanthpur,3 BHK,2015.96,2.0,2.0,127.63,3,12763000.0,6330.978789261691
Carpet  Area,Ready To Move,Kaggadasapura Cross,1 Bedroom,524.0,1.0,0.0,33.52,1,3352000.0000000005,6396.946564885497
Super built-up  Area,Ready To Move,Mahadevapura Colony,1 BHK,539.0,1.0,2.0,17.12,1,1712000.0,3176.252319109462
Plot  Area,Ready To Move,Electronic City,3 BHK,1930.51,4.0,3.0,78.8,3,7880000.0,4081.822937980119
Super built-up  Area,Ready To Move,Nagavara Main Road,3 Bedroom,1574.0,3.0,2.0,63.36,3,6336000.0,4025.412960609911
Plot  Area,Ready To Move,Jayanagar,3 BHK,1941.07,2.0,1.0,181.23,3,18123000.0,9336.60300761951
Super built-up  Area,Ready To Move,Varthur,2 BHK,931.57,1.0,0.0,38.98,2,3897999.9999999995,4184.333973829126
Plot  Area,Ready To Move,Kengeri,1 BHK,596.1,1.0,0.0,25.38,1,2538000.0,4257.674886763965
Super built-up  Area,Ready To Move,Ramamurthy Nagar Extension,2 Bedroom,1280.33,1.0,1.0,42.17,2,4217000.0,3293.6820975842165
Built-up  Area,18-Nov,Electronic City,3 BHK,1742.4,3.0,2.0,78.13,3,7813000.0,4484.044995408632
Super built-up  Area,Ready To Move,Jayanagar,3 BHK,1319.72,3.0,2.0,132.37,3,13237000.0,10030.157912284423
Built-up  Area,Ready To Move,Hebbal,2 BHK,1372.6125279999999,1.0,1.0,85.95,2,8595000.0,6261.781693427762
Built-up  Area,Ready To Move,Whitefield,3 BHK,1541.09,4.0,0.0,98.37,3,9837000.0,6383.144397796365
Plot  Area,Ready To Move,Yeshwanthpur,3 Bedroom,1279.0,2.0,2.0,76.08,3,7608000.0,5948.397185301016
Super built-up  Area,Ready To Move,Begur Gardens,2 Bedroom,991.0,2.0,1.0,87.21,2,8721000.0,8800.201816347124
Built-up  Area,19-Aug,Hennur,3 BHK,1823.0,3.0,1.0,97.45,3,9745000.0,5345.584201865057
Super built-up  Area,Ready To Move,Yelahanka,3 BHK,1604.0,3.0,2.0,84.8,3,8480000.0,5286.783042394015
Plot  Area,Ready To Move,Btm Layout,3 Bedroom,1505.761971,3.0,1.0,120.09,3,12009000.0,7975.364122142517
Built-up  Area,Ready To Move,Hsr Layout,2 BHK,1221.5,2.0,2.0,85.92,2,8592000.0,7033.9746213671715
Super built-up  Area,Ready To Move,Hsr Layout,4 Bedroom,2295.63,5.0,0.0,167.43,4,16743000.0,7293.422720560368
Built-up  Area,Ready To Move,Hennur,2 BHK,1013.0,2.0,2.0,52.7,2,5270000.0,5202.369200394866
Built-up  Area,19-May,Marathahalli,1 Bedroom,504.5,1.0,2.0,29.98,1,2998000.0,5942.517343904857
Carpet  Area,Ready To Move,Electronic City,3 Bedroom,1784.0,4.0,2.0,80.03,3,8003000.0,4485.986547085202
Super built-up  Area,19-Mar,Mahadevapura Colony,4 BHK,1687.95,5.0,2.0,65.28,4,6528000.0,3867.4131342753044
Super built-up  Area,19-Mar,Hennur,3 BHK,1365.0,3.0,2.0,73.49,3,7348999.999999999,5383.882783882783
Built-up  Area,Ready To Move,Jp Nagar,3 BHK,1330.0,3.0,3.0,93.02,3,9302000.0,6993.984962406015
Built-up  Area,Ready To Move,Frazer Town,2 BHK,942.0,2.0,1.0,89.93,2,8993000.0,9546.709129511677
Super built-up  Area,Ready To Move,Koramangala,2 Bedroom,1452.695944,2.0,1.0,187.0,2,18700000.0,12872.618029420202
Built-up  Area,Ready To Move,Ambalipura Phase 2,2 BHK,1294.0,2.0,0.0,124.17,2,12417000.0,9595.826893353942
Built-up  Area,18-Dec,Btm Layout,3 Bedroom,1399.0,2.0,2.0,109.72,3,10972000.0,7842.744817726948
Super built-up  Area,Ready To Move,Koramangala,2 BHK,816.75,3.0,2.0,87.84,2,8784000.0,10754.820936639118
Plot  Area,Ready To Move,Nagavara Phase 2,3 Bedroom,1440.0,2.0,0.0,80.43,3,8043000.000000001,5585.416666666667
Super built-up  Area,Ready To Move,Hsr Layout,2 BHK,1167.03,2.0,2.0,93.22,2,9322000.0,7987.798085739013
Plot  Area,19-Mar,Jalahalli Block,5 BHK,2654.0,5.0,2.0,177.49,5,17749000.0,6687.641296156745
Super built-up  Area,Ready To Move,Varthur,3 BHK,1714.0,4.0,0.0,57.7,3,5770000.0,3366.394399066511
Super built-up  Area,Ready To Move,Nagarbhavi Colony,1 Bedroom,495.0,1.0,2.0,23.61,1,2361000.0,4769.69696969697
Built-up  Area,Ready To Move,Hennur,2 Bedroom,1227.0,2.0,3.0,78.69,2,7869000.0,6413.20293398533
Super built-up  Area,19-Mar,Uttarahalli,2 BHK,1240.0,2.0,1.0,51.84,2,5184000.0,4180.645161290323
Super built-up  Area,18-Jun,Chandapura Stage 2,1 Bedroom,499.5,1.0,2.0,49.57,1,4957000.0,9923.923923923923
Plot  Area,18-Nov,Nagavara Enclave,2 BHK,1144.0,1.0,2.0,38.84,2,3884000.0000000005,3395.1048951048956
Super built-up  Area,Ready To Move,Sarjapur Enclave,4 BHK,2546.0,4.0,0.0,82.76,4,8276000.000000001,3250.589159465829
Built-up  Area,Ready To Move,Kanakapura Road,2 BHK,1333.0,3.0,2.0,63.56,2,6356000.0,4768.192048012003
Built-up  Area,Ready To Move,Devanahalli Nagar,2 Bedroom,1488.0,2.0,1.0,77.68,2,7768000.000000001,5220.430107526882
Built-up  Area,Ready To Move,Uttarahalli,2 BHK,1144.0,3.0,2.0,50.38,2,5038000.0,4403.846153846154
Super built-up  Area,Ready To Move,Varthur,1 BHK,426.0,1.0,2.0,17.32,1,1732000.0,4065.7276995305165
Super built-up  Area,Ready To Move,Sathanur Gardens,3 BHK,1838.0,4.0,3.0,126.51,3,12651000.0,6883.025027203482
Plot  Area,18-Dec,Subramanyapura Enclave,2 Bedroom,930.0,2.0,2.0,33.01,2,3301000.0,3549.462365591398
Super built-up  Area,Ready To Move,Gunjur Stage 2,1 BHK,554.09,1.0,1.0,56.61,1,5661000.0,10216.751791225252
Carpet  Area,18-Dec,Harlur Colony,4 BHK,2239.0,4.0,3.0,224.07,4,22407000.0,10007.592675301474
Built-up  Area,19-Aug,Marathahalli,4 BHK,2554.99,3.0,2.0,155.78,4,15578000.0,6097.088442616215
Super built-up  Area,Ready To Move,Electronic City,3 BHK,1468.0,3.0,1.0,64.63,3,6463000.0,4402.58855585831
Super built-up  Area,18-Jun,Cv Raman Nagar,3 BHK,1522.0,3.0,2.0,99.57,3,9957000.0,6542.049934296978
Super built-up  Area,Ready To Move,Kanakapura Road,3 BHK,1819.0,4.0,3.0,94.41,3,9441000.0,5190.2144035184165
Super built-up  Area,18-Nov,Indiranagar,2 BHK,1306.8,2.0,2.0,127.19,2,12719000.0,9732.935414753598
Super built-up  Area,Ready To Move,Other,2 BHK,1236.0,3.0,2.0,96.54,2,9654000.0,7810.679611650486
Built-up  Area,Ready To Move,Devanahalli Extension,1 Bedroom,643.0,1.0,1.0,59.12,1,5912000.0,9194.401244167962
Carpet  Area,Ready To Move,Hebbal,2 BHK,1312.0,3.0,0.0,98.72,2,9872000.0,7524.390243902439
Super built-up  Area,Ready To Move,Whitefield,1 Bedroom,495.06,2.0,2.0,30.49,1,3049000.0,6158.849432392033
Super built-up  Area,19-Aug,Jp Nagar,2 BHK,1059.5,2.0,2.0,84.29,2,8429000.0,7955.639452571968
Carpet  Area,Ready To Move,Kr Puram,4 Bedroom,2178.0,4.0,3.0,104.6,4,10460000.0,4802.57116620753
Super built-up  Area,18-Jun,Vidyaranyapura Phase 2,1 BHK,448.7,1.0,3.0,45.36,1,4536000.0,10109.204368174727
Carpet  Area,19-Aug,Sarjapur Road,4 Bedroom,2108.304,3.0,3.0,114.37,4,11437000.0,5424.739506257162
Super built-up  Area,19-Mar,Whitefield,2 Bedroom,1157.5,2.0,2.0,67.43,2,6743000.000000001,5825.485961123111
Super built-up  Area,19-May,Malleshwaram,4 BHK,2657.0,4.0,1.0,284.02,4,28402000.0,10689.49943545352
Built-up  Area,Ready To Move,Electronic City,5 BHK,3456.0,4.0,0.0,122.77,5,12277000.0,3552.372685185185
Plot  Area,Ready To Move,Anekal Stage 2,2 BHK,1302.0,2.0,2.0,67.12,2,6712000.0,5155.145929339477
Plot  Area,19-May,Uttarahalli,2 BHK,1012.0,3.0,2.0,43.25,2,4325000.0,4273.715415019763
Super built-up  Area,19-Aug,Sathanur Gardens,3 BHK,1974.0,3.0,3.0,108.49,3,10849000.0,5495.947315096251
Super built-up  Area,Ready To Move,Jayanagar,2 BHK,1252.5,2.0,2.0,100.45,2,10045000.0,8019.960079840319
Super built-up  Area,19-May,Btm Layout,1 BHK,653.0,1.0,3.0,41.73,1,4172999.9999999995,6390.5053598774875
Super built-up  Area,18-Nov,Sathanur Gardens,4 BHK,2712.0,4.0,2.0,131.66,4,13166000.0,4854.719764011799
Super built-up  Area,Ready To Move,Vijayanagar,5 BHK,3289.0,5.0,3.0,208.04,5,20804000.0,6325.326847065978
Super built-up  Area,Ready To Move,Electronic City,4 BHK,2703.0,4.0,3.0,104.6,4,10460000.0,3869.774324824269
Plot  Area,19-May,Vijayanagar,4 BHK,2294.19,3.0,3.0,173.67,4,17367000.0,7569.992023328495
Plot  Area,Ready To Move,Koramangala,3 BHK,1761.0,3.0,1.0,227.64,3,22764000.0,12926.746166950596
Super built-up  Area,Ready To Move,Yeshwanthpur,4 BHK,1983.0,4.0,1.0,130.06,4,13006000.0,6558.749369641957
Built-up  Area,Ready To Move,Varthur,3 BHK,1858.0,2.0,0.0,81.08,3,8108000.0,4363.832077502691
Super built-up  Area,Ready To Move,Basavanagudi,2 Bedroom,1169.0,2.0,2.0,104.97,2,10497000.0,8979.469632164242
Built-up  Area,18-Jun,Bannerghatta Road,2 BHK,1270.85,2.0,0.0,66.58,2,6658000.0,5239.013258842508
Super built-up  Area,18-Nov,Malleshwaram,4 BHK,2237.0,5.0,0.0,186.44,4,18644000.0,8334.376396960215
Super built-up  Area,18-Dec,Bellandur,3 BHK,1924.0,3.0,0.0,127.1,3,12710000.0,6606.029106029106
Super built-up  Area,Ready To Move,Singasandra Main Road,2 BHK,1003.27,3.0,2.0,67.96,2,6795999.999999999,6773.849512095447
Super built-up  Area,19-Mar,Uttarahalli,1 Bedroom,792.0,1.0,1.0,34.64,1,3464000.0,4373.737373737374
Built-up  Area,Ready To Move,Yeshwanthpur,2 BHK,1070.0,2.0,3.0,84.28,2,8428000.0,7876.6355140186915
Built-up  Area,Ready To Move,Marathahalli,3 BHK,2148.0,3.0,0.0,140.06,3,14006000.0,6520.48417132216
Super built-up  Area,Ready To Move,Chandapura Extension,2 BHK,920.0,2.0,1.0,85.48,2,8548000.0,9291.304347826086
Super built-up  Area,Ready To Move,Koramangala,2 BHK,1186.0,2.0,0.0,161.22,2,16122000.0,13593.591905564925
Super built-up  Area,Ready To Move,Marathahalli,2 Bedroom,1296.0,2.0,2.0,73.76,2,7376000.000000001,5691.358024691359
Super built-up  Area,Ready To Move,Vijayanagar,3 BHK,1163.0520000000001,2.0,1.0,83.85,3,8384999.999999999,7209.479885680088
Super built-up  Area,Ready To Move,Talaghattapura Stage 2,2 BHK,1459.26,3.0,3.0,162.97,2,16297000.0,11167.98925482779
Super built-up  Area,Ready To Move,Bannerghatta Road,2 BHK,1255.53,3.0,1.0,58.45,2,5845000.0,4655.404490533878
Built-up  Area,Ready To Move,Whitefield Hope Farm Enclave,2 BHK,1051.21,2.0,2.0,57.91,2,5791000.0,5508.889755614958
Super built-up  Area,Ready To Move,Vijayanagar,4 Bedroom,2815.0,4.0,0.0,181.1,4,18110000.0,6433.392539964476
Plot  Area,Ready To Move,Koramangala,1 BHK,624.0,1.0,2.0,80.47,1,8047000.0,12895.833333333334
Super built-up  Area,Ready To Move,Kr Puram,4 BHK,1802.0,4.0,1.0,86.87,4,8687000.0,4820.754716981132
Carpet  Area,Ready To Move,Yelenahalli Layout,3 BHK,1598.652,3.0,1.0,87.79,3,8779000.0,5491.501590089651
Plot  Area,Ready To Move,Electronic City,2 BHK,1267.0,2.0,3.0,45.23,2,4523000.0,3569.8500394632993
Super built-up  Area,Ready To Move,Kanakapura Road,2 BHK,1371.0,2.0,2.0,65.48,2,6548000.0,4776.075857038658
Super built-up  Area,Ready To Move,Btm Layout,3 BHK,1476.0,3.0,3.0,91.08,3,9108000.0,6170.731707317073
Built-up  Area,Ready To Move,Btm Layout,4 Bedroom,2677.0,4.0,1.0,196.7,4,19670000.0,7347.777362719462
Super built-up  Area,Ready To Move,Bellandur,2 BHK,1318.0,3.0,3.0,77.43,2,7743000.000000001,5874.810318664644
Built-up  Area,Ready To Move,Sarjapur Road,2 BHK,1000.0,2.0,1.0,63.76,2,6376000.0,6376.0
Super built-up  Area,Ready To Move,Horamavu Nagar,3 BHK,1963.5,3.0,2.0,87.32,3,8732000.0,4447.1606824548
Super built-up  Area,Ready To Move,Indiranagar,3 BHK,2017.0,3.0,1.0,264.0,3,26400000.0,13088.74566187407
Super built-up  Area,Ready To Move,Thanisandra Phase 2,2 Bedroom,906.0,2.0,3.0,39.87,2,3986999.9999999995,4400.662251655629
Plot  Area,18-Nov,Cv Raman Nagar,2 BHK,1108.24,3.0,3.0,74.89,2,7489000.0,6757.56153901682
Super built-up  Area,19-Aug,Basavanagudi,2 BHK,1189.0,2.0,1.0,91.69,2,9169000.0,7711.52228763667
Super built-up  Area,Ready To Move,Banashankari,4 BHK,2404.72,4.0,1.0,172.96,4,17296000.0,7192.521374629895
Super built-up  Area,Ready To Move,Pattandur Agrahara Layout,4 BHK,2511.99,4.0,2.0,110.73,4,11073000.0,4408.058949279257
Super built-up  Area,Ready To Move,Koramangala,3 BHK,1567.0,3.0,2.0,191.19,3,19119000.0,12201.021059349074
Super built-up  Area,19-Mar,Varthur,4 Bedroom,2011.97,4.0,0.0,95.64,4,9564000.0,4753.5500032306645
Super built-up  Area,Ready To Move,Vijayanagar,2 BHK,907.0,1.0,1.0,58.13,2,5813000.0,6409.0407938257995
Super built-up  Area,18-Nov,Btm Layout,3 BHK,2059.5,3.0,3.0,149.23,3,14922999.999999998,7245.9334789997565
Super built-up  Area,Ready To Move,Vijayanagar,2 BHK,1246.905,3.0,1.0,80.23,2,8023000.0,6434.331404557685
Built-up  Area,18-Nov,Kr Puram,4 BHK,2148.0,3.0,2.0,94.12,4,9412000.0,4381.7504655493485
Super built-up  Area,Ready To Move,Whitefield,3 BHK,1826.0,4.0,0.0,114.95,3,11495000.0,6295.180722891566
Built-up  Area,Ready To Move,Malleshwaram,2 BHK,903.0,2.0,0.0,80.63,2,8063000.0,8929.125138427464
Plot  Area,Ready To Move,Indiranagar,4 BHK,2273.0,4.0,3.0,304.22,4,30422000.000000004,13384.073911130667
Super built-up  Area,Ready To Move,Haralur Road Colony,5 BHK,3207.51,5.0,3.0,301.69,5,30169000.0,9405.738407674487
Super built-up  Area,18-Jun,Indiranagar,3 Bedroom,1742.4,3.0,2.0,164.09,3,16409000.0,9417.47015610652
Super built-up  Area,Ready To Move,Domlur,2 BHK,1108.83,1.0,0.0,125.98,2,12598000.0,11361.525211258715
Super built-up  Area,Ready To Move,Marathahalli,2 Bedroom,1125.0,1.0,2.0,75.5,2,7550000.0,6711.111111111111
Built-up  Area,Ready To Move,Singasandra Main Road,4 BHK,2023.5,4.0,2.0,127.53,4,12753000.0,6302.446256486286
Super built-up  Area,Ready To Move,Ambalipura Extension,3 BHK,2207.53,2.0,0.0,116.25,3,11625000.0,5266.066599321413
Super built-up  Area,Ready To Move,Hennur,1 BHK,507.54,1.0,3.0,31.16,1,3116000.0,6139.417582850612
Plot  Area,Ready To Move,Malleshwaram,5 BHK,2982.12,6.0,3.0,279.65,5,27964999.999999996,9377.556905825386
Built-up  Area,Ready To Move,Btm Layout,2 BHK,1032.5,3.0,2.0,69.78,2,6978000.0,6758.353510895884
Super built-up  Area,Ready To Move,Koramangala,3 BHK,2197.0,2.0,0.0,274.99,3,27499000.0,12516.613563950843
Built-up  Area,19-Aug,Btm Layout,4 BHK,2917.17,4.0,3.0,176.04,4,17604000.0,6034.615740597908
Super built-up  Area,Ready To Move,Frazer Town,3 Bedroom,2040.0,3.0,1.0,214.28,3,21428000.0,10503.921568627451
Super built-up  Area,Ready To Move,Indiranagar,3 Bedroom,1518.0,3.0,1.0,149.65,3,14965000.0,9858.36627140975
Plot  Area,Ready To Move,Whitefield,1 BHK,533.61,2.0,2.0,37.86,1,3786000.0,7095.069432731771
Built-up  Area,18-Dec,Nagarbhavi Colony,1 BHK,466.0,1.0,2.0,21.68,1,2168000.0,4652.360515021459
Super built-up  Area,Ready To Move,Subramanyapura Gardens,3 BHK,1638.0,3.0,1.0,163.38,3,16338000.0,9974.358974358975
Built-up  Area,Ready To Move,Yelenahalli Layout,2 Bedroom,1234.0,1.0,0.0,57.43,2,5743000.0,4653.9708265802265
Built-up  Area,Ready To Move,Rajaji Nagar,4 BHK,2283.5,4.0,2.0,184.57,4,18457000.0,8082.767681191154
Super built-up  Area,18-Jun,Jp Nagar,3 BHK,2202.0,3.0,0.0,154.13,3,15413000.0,6999.545867393279
Super built-up  Area,Ready To Move,Yelahanka,2 BHK,860.0,2.0,1.0,36.34,2,3634000.0000000005,4225.581395348838
Super built-up  Area,Ready To Move,Yelenahalli Layout,3 BHK,1928.77,3.0,2.0,115.02,3,11502000.0,5963.385992108961
Super built-up  Area,Ready To Move,Uttarahalli,1 BHK,640.0,1.0,2.0,28.7,1,2870000.0,4484.375
Super built-up  Area,Ready To Move,Talaghattapura Main Road,2 BHK,1212.26,2.0,1.0,71.77,2,7177000.0,5920.347120254731
Built-up  Area,18-Dec,Jayanagar,3 BHK,1399.0,3.0,3.0,122.52,3,12252000.0,8757.684060042888
Built-up  Area,Ready To Move,Sarjapur Road,3 BHK,1487.5,3.0,0.0,77.75,3,7775000.0,5226.890756302521
Super built-up  Area,Ready To Move,Uttarahalli,2 Bedroom,1197.9,2.0,2.0,46.82,2,4682000.0,3908.506553134652
Super built-up  Area,18-Nov,Sathanur Gardens,4 BHK,2075.5,4.0,2.0,124.21,4,12421000.0,5984.582028426885
Built-up  Area,Ready To Move,Gottigere Township,2 BHK,998.0,1.0,0.0,102.24,2,10224000.0,10244.488977955913
Super built-up  Area,18-Jun,Indiranagar,2 BHK,1223.0,1.0,2.0,128.65,2,12865000.0,10519.215044971383
Super built-up  Area,Ready To Move,Whitefield,4 BHK,2134.44,4.0,0.0,112.4,4,11240000.0,5266.0182530312395
Built-up  Area,Ready To Move,Nagavara Enclave,4 Bedroom,2422.0,3.0,3.0,79.09,4,7909000.0,3265.4830718414532
Super built-up  Area,Ready To Move,Jp Nagar,1 BHK,644.0,1.0,1.0,36.37,1,3636999.9999999995,5647.51552795031
Super built-up  Area,Ready To Move,Whitefield,2 BHK,1468.0,2.0,0.0,74.91,2,7491000.0,5102.861035422344
Super built-up  Area,Ready To Move,Btm Layout,3 BHK,1483.0,3.0,2.0,106.5,3,10650000.0,7181.389076196898
Super built-up  Area,Ready To Move,Varthur,3 BHK,1784.0,3.0,2.0,69.64,3,6964000.0,3903.587443946188
Built-up  Area,Ready To Move,Electronic City,2 Bedroom,1448.3700000000001,2.0,1.0,57.39,2,5739000.0,3962.3853020982206
Plot  Area,Ready To Move,Bellandur,2 Bedroom,1187.0,2.0,0.0,75.95,2,7595000.0,6398.483572030328
Super built-up  Area,Ready To Move,Attibele Phase 1,2 BHK,973.0,2.0,3.0,95.52,2,9552000.0,9817.060637204522
Built-up  Area,19-Aug,Varthur,3 BHK,1844.23,3.0,0.0,88.96,3,8896000.0,4823.693357119231
Super built-up  Area,Ready To Move,Horamavu Nagar,3 BHK,1472.0,3.0,0.0,65.65,3,6565000.000000001,4459.91847826087
Carpet  Area,Ready To Move,Jp Nagar,1 BHK,707.0,2.0,0.0,55.93,1,5593000.0,7910.891089108911
Built-up  Area,18-Dec,Kanakapura Road,2 BHK,1060.0,1.0,0.0,50.01,2,5001000.0,4717.924528301887
Carpet  Area,Ready To Move,Haralur Road Block,4 BHK,2262.0,4.0,0.0,215.84,4,21584000.0,9541.998231653404
Super built-up  Area,Ready To Move,Uttarahalli,2 Bedroom,1086.2775000000001,2.0,1.0,49.78,2,4978000.0,4582.6227644409455
Super built-up  Area,18-Nov,Koramangala,3 BHK,1999.404,3.0,1.0,286.29,3,28629000.000000004,14318.766992563786
Carpet  Area,Ready To Move,Chandapura Stage 2,2 BHK,965.0,3.0,2.0,101.71,2,10171000.0,10539.896373056994
Super built-up  Area,Ready To Move,Hebbal,2 BHK,1197.0,2.0,0.0,91.27,2,9127000.0,7624.895572263993
Carpet  Area,Ready To Move,Varthur,1 BHK,501.36,1.0,0.0,23.04,1,2304000.0,4595.50023934897
Super built-up  Area,Ready To Move,Kadugodi Colony,2 BHK,1078.11,1.0,0.0,55.42,2,5542000.0,5140.4773167858575
Super built-up  Area,Ready To Move,Koramangala,2 BHK,1371.5,3.0,0.0,173.06,2,17306000.0,12618.301130149472
Super built-up  Area,Ready To Move,Sarjapur Road,2 BHK,831.5,2.0,3.0,50.58,2,5058000.0,6082.982561635598
Super built-up  Area,18-Nov,Sarjapur Stage 2,5 BHK,2580.9300000000003,5.0,1.0,165.26,5,16526000.0,6403.118255822513
Super built-up  Area,18-Dec,Hennur,5 Bedroom,2496.0,5.0,1.0,162.91,5,16291000.0,6526.842948717948
Built-up  Area,Ready To Move,Kumaraswamy Layout Layout,4 BHK,2596.0,5.0,2.0,121.4,4,12140000.0,4676.425269645609
Super built-up  Area,Ready To Move,Yeshwanthpur,1 Bedroom,623.0,1.0,1.0,44.85,1,4485000.0,7199.036918138042
Super built-up  Area,Ready To Move,Sarjapur Road,2 BHK,1368.27,1.0,2.0,69.55,2,6955000.0,5083.061091743589
Super built-up  Area,Ready To Move,Vijayanagar,2 BHK,1227.0,2.0,0.0,81.6,2,8159999.999999999,6650.366748166259
Super built-up  Area,18-Nov,Whitefield,2 BHK,978.0,3.0,1.0,66.72,2,6672000.0,6822.085889570552
Super built-up  Area,Ready To Move,Vidyaranyapura Phase 2,1 BHK,622.0,1.0,1.0,66.34,1,6634000.0,10665.594855305466
Plot  Area,Ready To Move,Yelahanka,3 BHK,1475.0,2.0,2.0,69.04,3,6904000.000000001,4680.677966101695
Built-up  Area,Ready To Move,Singasandra Nagar,3 Bedroom,1530.0,4.0,2.0,151.78,3,15178000.0,9920.261437908497
Super built-up  Area,Ready To Move,Hsr Layout,2 BHK,1109.0,2.0,2.0,75.89,2,7589000.0,6843.101893597835
Built-up  Area,Ready To Move,Mahadevapura Stage 2,1 BHK,604.5,1.0,3.0,55.86,1,5586000.0,9240.694789081886
Super built-up  Area,Ready To Move,Yelahanka,2 BHK,1068.25,2.0,1.0,47.12,2,4712000.0,4410.952492394103
Built-up  Area,18-Dec,Koramangala,2 BHK,976.76,1.0,2.0,124.08,2,12408000.0,12703.222900200664
Super built-up  Area,19-Aug,Jp Nagar,2 Bedroom,1242.22,1.0,0.0,77.03,2,7703000.0,6200.994992835407
Built-up  Area,Ready To Move,Hebbal,2 BHK,958.0,3.0,1.0,64.43,2,6443000.000000001,6725.469728601253
Super built-up  Area,19-Aug,Bellandur,3 Bedroom,1837.0,3.0,2.0,118.15,3,11815000.0,6431.682090364725
Super built-up  Area,Ready To Move,Hebbal,4 BHK,1629.1440000000002,4.0,1.0,121.23,4,12123000.0,7441.331153047244
Built-up  Area,Ready To Move,Bannerghatta Road,2 BHK,1121.0,2.0,2.0,56.43,2,5643000.0,5033.8983050847455
Super built-up  Area,Ready To Move,Bannerghatta Road,3 BHK,2060.52,3.0,3.0,107.8,3,10780000.0,5231.6890881913305
Super built-up  Area,Ready To Move,Kr Puram,2 BHK,1135.0,2.0,2.0,53.05,2,5305000.0,4674.008810572687
Carpet  Area,18-Jun,Varthur,3 BHK,1278.27,3.0,0.0,53.24,3,5324000.0,4165.004263574988
Built-up  Area,Ready To Move,Yeshwanthpur,1 BHK,481.5,1.0,0.0,27.46,1,2746000.0,5703.011422637591
Built-up  Area,Ready To Move,Talaghattapura Stage 2,2 BHK,869.0,2.0,2.0,96.49,2,9649000.0,11103.567318757192
Built-up  Area,Ready To Move,Rt Nagar,2 BHK,1255.53,3.0,1.0,70.02,2,7002000.0,5576.927671979164
Super built-up  Area,Ready To Move,Talaghattapura Stage 2,3 BHK,1647.69,3.0,3.0,163.94,3,16394000.0,9949.687137750427
Super built-up  Area,Ready To Move,Yelenahalli Layout,2 BHK,1083.0,2.0,2.0,64.48,2,6448000.0,5953.831948291782
Super built-up  Area,19-May,Attibele Cross,3 BHK,1668.0,4.0,0.0,61.62,3,6162000.0,3694.244604316547
Built-up  Area,19-May,Indiranagar,1 BHK,664.29,2.0,2.0,72.4,1,7240000.000000001,10898.854415993017
Plot  Area,18-Dec,Koramangala,1 Bedroom,437.0,1.0,1.0,60.5,1,6050000.0,13844.393592677345
Built-up  Area,19-Aug,Sarjapur Road,5 BHK,3404.191014,6.0,1.0,200.54,5,20054000.0,5890.973778359195
Super built-up  Area,18-Nov,Chandapura Stage 2,2 BHK,1400.0,2.0,1.0,139.1,2,13910000.0,9935.714285714286
Plot  Area,Ready To Move,Hennur,1 BHK,670.5,1.0,1.0,38.71,1,3871000.0,5773.303504847129
Super built-up  Area,Ready To Move,Yelahanka,2 BHK,1045.0,2.0,3.0,49.48,2,4948000.0,4734.928229665072
Super built-up  Area,19-Mar,Hebbal,1 BHK,532.0,1.0,0.0,38.36,1,3836000.0,7210.526315789473
Super built-up  Area,Ready To Move,Yelenahalli Extension,2 BHK,931.0,2.0,0.0,49.05,2,4905000.0,5268.528464017186
Super built-up  Area,19-Mar,Attibele Phase 2,1 BHK,546.5,1.0,2.0,45.3,1,4530000.0,8289.11253430924
Super built-up  Area,Ready To Move,Jalahalli Gardens,4 BHK,2957.65,4.0,2.0,215.39,4,21539000.0,7282.470880597772
Built-up  Area,18-Dec,Subramanyapura Stage 2,4 BHK,1938.0,4.0,3.0,86.43,4,8643000.0,4459.752321981424
Super built-up  Area,Ready To Move,Jayanagar,3 BHK,1642.140584,3.0,2.0,128.18,3,12818000.0,7805.665437472679
Plot  Area,Ready To Move,Electronic City,1 Bedroom,670.0,2.0,3.0,27.03,1,2703000.0,4034.3283582089553
Super built-up  Area,Ready To Move,Jp Nagar,3 BHK,1788.0,3.0,3.0,135.76,3,13576000.0,7592.841163310962
Super built-up  Area,Ready To Move,Banashankari,2 BHK,1342.0,3.0,0.0,85.15,2,8515000.0,6345.007451564828
Built-up  Area,Ready To Move,Kanakapura Road,1 BHK,646.0,2.0,2.0,24.3,1,2430000.0,3761.609907120743
Super built-up  Area,Ready To Move,Jp Nagar,4 Bedroom,2106.0,4.0,2.0,142.65,4,14265000.0,6773.504273504273
Super built-up  Area,19-Aug,Subramanyapura Main Road,3 BHK,1568.0,3.0,3.0,105.12,3,10512000.0,6704.081632653061
Built-up  Area,Ready To Move,Other,4 BHK,2419.07,4.0,2.0,161.14,4,16113999.999999998,6661.237583038109
Carpet  Area,Ready To Move,Jayanagar,3 BHK,1899.0,2.0,1.0,152.54,3,15254000.0,8032.648762506582
Super built-up  Area,Ready To Move,Hsr Layout,3 Bedroom,1377.0,3.0,2.0,110.49,3,11049000.0,8023.965141612201
Super built-up  Area,Ready To Move,Vijayanagar,2 BHK,1242.9075329999998,3.0,0.0,73.14,2,7314000.0,5884.5890026478755
Carpet  Area,Ready To Move,Attibele Phase 2,2 BHK,1055.0,2.0,2.0,90.82,2,9082000.0,8608.530805687204
Super built-up  Area,Ready To Move,Nallurhalli Township,1 BHK,594.0596409999999,2.0,1.0,28.59,1,2859000.0,4812.64809571536
Super built-up  Area,Ready To Move,Uttarahalli,2 BHK,1132.56,1.0,0.0,38.9,2,3890000.0,3434.6966165147983
Super built-up  Area,18-Jun,Kanakapura Road,3 BHK,1923.939486,3.0,0.0,93.71,3,9371000.0,4870.735315840386
Super built-up  Area,Ready To Move,Varthur,3 BHK,1458.5,3.0,2.0,55.37,3,5537000.0,3796.3661295851903
Super built-up  Area,Ready To Move,Thanisandra Phase 1,3 BHK,2106.5,3.0,0.0,66.79,3,6679000.000000001,3170.662235936388
Super built-up  Area,Ready To Move,Hsr Layout,2 Bedroom,1356.0,2.0,3.0,110.01,2,11001000.0,8112.831858407079
Super built-up  Area,Ready To Move,Indiranagar,3 BHK,1601.5,3.0,2.0,190.84,3,19084000.0,11916.328442085545
Super built-up  Area,Ready To Move,Marathahalli,1 Bedroom,656.5,1.0,2.0,40.92,1,4092000.0,6233.054074638233
Super built-up  Area,Ready To Move,Varthur,2 BHK,1313.82,1.0,1.0,58.76,2,5876000.0,4472.454369700568
Carpet  Area,18-Jun,Dodballapur Road Phase 2,1 BHK,525.32,2.0,0.0,52.42,1,5242000.0,9978.679661920352
Super built-up  Area,19-Aug,Ambalipura Phase 2,2 BHK,1260.0,2.0,1.0,130.09,2,13009000.0,10324.603174603175
Built-up  Area,Ready To Move,Sarjapur Road,2 BHK,855.0,2.0,2.0,52.75,2,5275000.0,6169.590643274853
Super built-up  Area,Ready To Move,Btm Layout,2 Bedroom,911.43,2.0,0.0,73.56,2,7356000.0,8070.833744774695
Built-up  Area,19-May,Varthur,3 BHK,1748.34,3.0,1.0,71.48,3,7148000.0,4088.449615063432
Plot  Area,Ready To Move,Vijayanagar,2 Bedroom,1264.44,2.0,1.0,83.51,2,8351000.000000001,6604.504761000918
Super built-up  Area,Ready To Move,Whitefield,1 BHK,563.0,2.0,1.0,36.44,1,3644000.0,6472.46891651865
Built-up  Area,Ready To Move,Sarjapur Road,2 Bedroom,913.5,2.0,1.0,40.97,2,4097000.0,4484.948002189381
Super built-up  Area,19-Mar,Banashankari,1 BHK,481.0,1.0,2.0,27.7,1,2770000.0,5758.8357588357585
Carpet  Area,Ready To Move,Marathahalli,1 BHK,450.0,2.0,0.0,32.52,1,3252000.0000000005,7226.666666666668
Plot  Area,Ready To Move,Sarjapur Road,4 BHK,1931.0,4.0,3.0,107.12,4,10712000.0,5547.38477472812
Carpet  Area,Ready To Move,Varthur,4 BHK,2296.5,3.0,0.0,109.29,4,10929000.0,4758.98105813194
Super built-up  Area,Ready To Move,Electronic City,4 BHK,2218.0,4.0,0.0,71.51,4,7151000.000000001,3224.075743913436
Super built-up  Area,Ready To Move,Indiranagar,2 BHK,1054.29,2.0,2.0,112.9,2,11290000.0,10708.628555710478
Super built-up  Area,Ready To Move,Yelenahalli Township,3 BHK,1838.46,2.0,0.0,65.91,3,6591000.0,3585.0657615613068
Plot  Area,Ready To Move,Jayanagar,1 BHK,507.0,1.0,2.0,51.0,1,5100000.0,10059.171597633136
Built-up  Area,Ready To Move,Whitefield,3 BHK,1961.35,4.0,2.0,120.32,3,12032000.0,6134.5501822724145
Super built-up  Area,Ready To Move,Sarjapur Road,2 Bedroom,1113.848372,3.0,1.0,59.86,2,5986000.0,5374.160568418913
Super built-up  Area,Ready To Move,Koramangala,2 Bedroom,1144.69,2.0,0.0,127.42,2,12742000.0,11131.398020424744
Super built-up  Area,Ready To Move,Yeshwanthpur,2 Bedroom,1285.747855,2.0,0.0,92.86,2,9286000.0,7222.255875355903
Built-up  Area,18-Jun,Electronic City,4 BHK,2466.41,4.0,3.0,101.13,4,10113000.0,4100.291516819993
Plot  Area,Ready To Move,Btm Layout,5 BHK,2526.48,6.0,2.0,159.86,5,15986000.000000002,6327.380386941516
Super built-up  Area,Ready To Move,Sathanur Enclave,3 BHK,1579.05,4.0,1.0,108.62,3,10862000.0,6878.8195433963465
Built-up  Area,18-Dec,Bellandur,5 Bedroom,2511.85,5.0,3.0,166.72,5,16672000.0,6637.339013078011
Super built-up  Area,Ready To Move,Chandapura Extension,3 BHK,1891.0,3.0,0.0,213.42,3,21342000.0,11286.09201480698
Super built-up  Area,18-Jun,Electronic City,4 BHK,2399.5,4.0,1.0,109.4,4,10940000.0,4559.283183996666
Super built-up  Area,Ready To Move,Sompura Main Road,4 BHK,2031.5,4.0,1.0,134.23,4,13422999.999999998,6607.4329313315275
Super built-up  Area,Ready To Move,Pattandur Agrahara Layout,1 Bedroom,683.3475,2.0,1.0,27.87,1,2787000.0,4078.452032092018
Built-up  Area,19-Mar,Uttarahalli,3 Bedroom,1949.31,3.0,0.0,85.04,3,8504000.0,4362.569319400198
Super built-up  Area,Ready To Move,Sathanur Enclave,3 BHK,1539.0,4.0,3.0,104.79,3,10479000.0,6808.96686159844
Super built-up  Area,Ready To Move,Other,3 BHK,1461.9825,3.0,3.0,140.55,3,14055000.000000002,9613.65816622292
Built-up  Area,Ready To Move,Vasanthapura Nagar,4 BHK,2613.6,4.0,3.0,139.29,4,13929000.0,5329.4306703397615
Carpet  Area,Ready To Move,Kr Puram,3 Bedroom,1789.49,3.0,2.0,69.7,3,6970000.0,3894.9644870885
Built-up  Area,19-May,Rajaji Nagar,2 BHK,1367.5,2.0,1.0,119.35,2,11935000.0,8727.605118829983
Super built-up  Area,19-May,Dodballapur Road Phase 2,5 Bedroom,3269.0,5.0,2.0,334.82,5,33482000.0,10242.275925359438
Built-up  Area,Ready To Move,Subramanyapura Main Road,2 BHK,928.1,2.0,2.0,56.54,2,5654000.0,6092.0159465574825
Super built-up  Area,18-Jun,Jayanagar,4 BHK,2582.4,4.0,0.0,266.39,4,26639000.0,10315.597893432465
Super built-up  Area,Ready To Move,Vijayanagar,1 BHK,540.96,1.0,1.0,33.47,1,3347000.0,6187.1487725524985
Super built-up  Area,Ready To Move,Attibele Cross,2 BHK,890.0,3.0,0.0,30.82,2,3082000.0,3462.921348314607
Super built-up  Area,Ready To Move,Kalyan Nagar Block,1 Bedroom,504.0,1.0,0.0,44.37,1,4437000.0,8803.57142857143
Built-up  Area,19-Mar,Kr Puram,2 BHK,1016.0,2.0,0.0,49.91,2,4991000.0,4912.40157480315
Super built-up  Area,Ready To Move,Basavanagudi,2 BHK,1221.5950109999999,3.0,0.0,133.83,2,13383000.000000002,10955.349260181289
Super built-up  Area,Ready To Move,Subramanyapura Stage 2,1 BHK,770.0,1.0,1.0,32.68,1,3268000.0,4244.1558441558445
Super built-up  Area,Ready To Move,Domlur,2 BHK,1212.0,3.0,2.0,143.89,2,14388999.999999998,11872.112211221121
Super built-up  Area,19-Mar,Banashankari,3 Bedroom,2023.0,4.0,0.0,137.93,3,13793000.0,6818.091942659416
Super built-up  Area,Ready To Move,Hsr Layout,3 BHK,2115.0,3.0,1.0,177.96,3,17796000.0,8414.18439716312
Built-up  Area,Ready To Move,Kr Puram,3 Bedroom,1801.33,3.0,3.0,83.99,3,8399000.0,4662.665919070909
Super built-up  Area,Ready To Move,Electronic City,2 BHK,883.03,2.0,3.0,42.74,2,4274000.0,4840.152656195147
Super built-up  Area,Ready To Move,Ramamurthy Nagar Extension,3 Bedroom,2003.0,2.0,2.0,80.92,3,8092000.0,4039.940089865202
Super built-up  Area,Ready To Move,Subramanyapura Main Road,3 BHK,1947.0,3.0,2.0,115.69,3,11569000.0,5941.961992809451
Super built-up  Area,Ready To Move,Electronic City,2 BHK,1321.0,2.0,2.0,52.76,2,5276000.0,3993.9439818319456
Built-up  Area,Ready To Move,Subramanyapura Main Road,2 BHK,1175.740797,2.0,1.0,75.73,2,7573000.0,6441.045525785222
Built-up  Area,Ready To Move,Hebbal,3 BHK,2178.0,2.0,2.0,151.72,3,15172000.0,6966.0238751147845
Built-up  Area,Ready To Move,Kr Puram,3 BHK,1377.0,2.0,2.0,60.68,3,6068000.0,4406.6811909949165
Super built-up  Area,Ready To Move,Nagarbhavi Gardens,3 BHK,1544.0,4.0,3.0,163.1,3,16310000.0,10563.471502590673
Super built-up  Area,Ready To Move,Gottigere Phase 2,2 BHK,866.844,1.0,1.0,83.85,2,8384999.999999999,9673.02075113861
Super built-up  Area,18-Jun,Yeshwanthpur,1 Bedroom,520.0,2.0,0.0,35.4,1,3540000.0,6807.692307692308
Super built-up  Area,Ready To Move,Other,3 BHK,1743.36,3.0,2.0,145.34,3,14534000.0,8336.774963289281
Built-up  Area,Ready To Move,Nagarbhavi Gardens,3 BHK,2101.0,3.0,1.0,214.09,3,21409000.0,10189.909566872917
Built-up  Area,Ready To Move,Domlur,3 BHK,1353.668064,4.0,0.0,140.19,3,14019000.0,10356.305487901353
Super built-up  Area,Ready To Move,Old Airport Road Colony,3 BHK,1755.01,3.0,3.0,91.55,3,9155000.0,5216.494492908872
Built-up  Area,Ready To Move,Nagarbhavi Gardens,2 BHK,1290.4650000000001,3.0,1.0,142.93,2,14293000.0,11075.852502780004
Super built-up  Area,Ready To Move,Jayanagar,5 BHK,3031.0,5.0,3.0,295.82,5,29582000.0,9759.815242494225
Built-up  Area,Ready To Move,Banashankari,2 BHK,1127.0,2.0,3.0,70.95,2,7095000.0,6295.4747116237795
Super built-up  Area,Ready To Move,Kengeri,2 BHK,1045.0,3.0,1.0,40.72,2,4072000.0,3896.650717703349
Built-up  Area,18-Nov,Banashankari,1 BHK,416.0,1.0,1.0,26.82,1,2682000.0,6447.115384615385
Super built-up  Area,Ready To Move,Indiranagar,2 BHK,1226.0,2.0,2.0,133.7,2,13369999.999999998,10905.38336052202
Super built-up  Area,Ready To Move,Mahadevapura Nagar,3 BHK,1698.8,3.0,1.0,65.81,3,6581000.0,3873.9109959971747
Built-up  Area,Ready To Move,Malleshwaram,2 Bedroom,1146.0,1.0,1.0,112.89,2,11289000.0,9850.785340314136
Built-up  Area,18-Nov,Banashankari,2 BHK,1062.0,2.0,0.0,57.33,2,5733000.0,5398.3050847457625
Plot  Area,18-Nov,Sarjapur Road,2 BHK,1204.81,2.0,3.0,65.99,2,6598999.999999999,5477.212174533744
Super built-up  Area,Ready To Move,Frazer Town,3 BHK,1979.0,3.0,0.0,172.56,3,17256000.0,8719.55533097524
Built-up  Area,Ready To Move,Whitefield,1 BHK,657.43,2.0,3.0,36.79,1,3679000.0,5596.033037737859
Super built-up  Area,19-Aug,Uttarahalli,1 BHK,472.37,1.0,0.0,16.09,1,1609000.0,3406.228168596651
Built-up  Area,Ready To Move,Bellandur,3 BHK,2024.0,3.0,2.0,135.26,3,13526000.0,6682.806324110672
Super built-up  Area,19-May,Whitefield,3 BHK,2179.23,2.0,1.0,123.97,3,12397000.0,5688.706561491903
Plot  Area,19-May,Anekal Stage 2,2 BHK,1261.5,3.0,3.0,59.4,2,5940000.0,4708.680142687277
Super built-up  Area,Ready To Move,Haralur Road Block,5 BHK,3301.5,5.0,2.0,374.53,5,37453000.0,11344.237467817658
Carpet  Area,Ready To Move,Dodballapur Road Phase 1,3 BHK,1918.0,2.0,0.0,70.27,3,7027000.0,3663.7122002085507
Super built-up  Area,Ready To Move,Bellandur,2 Bedroom,1141.0,1.0,2.0,82.63,2,8263000.0,7241.893076248904
Built-up  Area,Ready To Move,Talaghattapura Main Road,2 BHK,1007.0,2.0,3.0,51.2,2,5120000.0,5084.409136047666
Super built-up  Area,18-Dec,Rt Nagar,2 BHK,1014.0,2.0,0.0,55.02,2,5502000.0,5426.03550295858
Super built-up  Area,Ready To Move,Banashankari,2 BHK,1329.0,3.0,2.0,67.35,2,6734999.999999999,5067.720090293453
Super built-up  Area,Ready To Move,Kr Puram,3 Bedroom,1814.16,4.0,2.0,88.53,3,8853000.0,4879.944437094854
Super built-up  Area,Ready To Move,Banashankari,3 BHK,1902.16,3.0,1.0,109.14,3,10914000.0,5737.687681372755
Super built-up  Area,19-May,Btm Layout,3 BHK,1747.5,3.0,1.0,101.31,3,10131000.0,5797.4248927038625
Built-up  Area,Ready To Move,Kanakapura Road,2 BHK,1257.0,1.0,2.0,56.38,2,5638000.0,4485.2824184566425
Super built-up  Area,Ready To Move,Vijayanagar,2 BHK,1154.5,2.0,1.0,80.67,2,8067000.0,6987.440450411434
Built-up  Area,Ready To Move,Btm Layout,2 Bedroom,1158.0,1.0,1.0,83.26,2,8326000.000000001,7189.982728842833
Built-up  Area,19-May,Whitefield,4 Bedroom,2286.0,4.0,3.0,141.07,4,14107000.0,6171.041119860018
Super built-up  Area,Ready To Move,Varthur,2 Bedroom,1306.8,2.0,1.0,54.15,2,5415000.0,4143.709825528007
Super built-up  Area,18-Nov,Jalahalli Gardens,1 BHK,637.0,1.0,0.0,52.8,1,5280000.0,8288.854003139717
Super built-up  Area,Ready To Move,Whitefield,2 BHK,871.2,3.0,2.0,51.34,2,5134000.0,5893.021120293847
Super built-up  Area,Ready To Move,Domlur,2 BHK,907.0,2.0,2.0,93.52,2,9352000.0,10310.915104740903
Super built-up  Area,Ready To Move,Banashankari,3 BHK,1979.5,4.0,2.0,121.28,3,12128000.0,6126.799696893155
Built-up  Area,Ready To Move,Hennur,1 BHK,581.5,1.0,1.0,38.61,1,3861000.0,6639.724849527085
Super built-up  Area,18-Dec,Varthur,2 BHK,1152.06,3.0,2.0,45.57,2,4557000.0,3955.5231498359462
Built-up  Area,Ready To Move,Vijayanagar,2 BHK,1325.0,2.0,1.0,94.59,2,9459000.0,7138.867924528302
Super built-up  Area,Ready To Move,Horamavu Block,4 Bedroom,2664.0,4.0,1.0,308.11,4,30811000.0,11565.690690690692
Super built-up  Area,19-Mar,Kr Puram,3 BHK,2088.0,3.0,3.0,89.68,3,8968000.0,4295.0191570881225
Built-up  Area,Ready To Move,Electronic City,3 BHK,1566.0,2.0,2.0,67.46,3,6745999.999999999,4307.790549169859
Carpet  Area,Ready To Move,Jalahalli Block,3 BHK,1404.0,3.0,1.0,99.91,3,9991000.0,7116.0968660968665
Built-up  Area,Ready To Move,Frazer Town,2 Bedroom,1167.9525,2.0,0.0,106.7,2,10670000.0,9135.645499281862
Super built-up  Area,Ready To Move,Koramangala,1 Bedroom,384.0,1.0,0.0,51.46,1,5146000.0,13401.041666666666
Built-up  Area,Ready To Move,Attibele Cross,3 BHK,1915.0,3.0,1.0,62.49,3,6249000.0,3263.1853785900785
Plot  Area,18-Nov,Kr Puram,2 BHK,1226.0,2.0,0.0,58.72,2,5872000.0,4789.559543230016
Super built-up  Area,Ready To Move,Hebbal,4 Bedroom,2179.76,4.0,2.0,148.44,4,14844000.0,6809.924028333394
Super built-up  Area,Ready To Move,Kengeri,4 BHK,2683.0,4.0,3.0,110.14,4,11014000.0,4105.106224375699
Super built-up  Area,Ready To Move,Indiranagar,3 BHK,1410.0,3.0,1.0,193.98,3,19398000.0,13757.446808510638
Built-up  Area,Ready To Move,Bellandur,2 BHK,930.0,2.0,0.0,59.4,2,5940000.0,6387.096774193548
Super built-up  Area,19-Aug,Sarjapur Road,4 Bedroom,2558.5,4.0,2.0,139.92,4,13991999.999999998,5468.829392222005
Super built-up  Area,18-Dec,Munnekollal Extension,2 Bedroom,1065.77,2.0,3.0,39.08,2,3908000.0,3666.83243101232
Super built-up  Area,Ready To Move,Sarjapur Road,2 BHK,1133.0,1.0,3.0,58.7,2,5870000.0,5180.935569285084
Super built-up  Area,Ready To Move,Domlur,2 BHK,1300.5,3.0,1.0,118.02,2,11802000.0,9074.971164936564
Super built-up  Area,Ready To Move,Malleshwaram,3 Bedroom,1457.0,3.0,2.0,137.93,3,13793000.0,9466.712422786548
Built-up  Area,Ready To Move,Jp Nagar,1 BHK,629.72,1.0,0.0,44.26,1,4426000.0,7028.520612335641
Built-up  Area,Ready To Move,Sarjapur Road,2 BHK,1283.76,1.0,0.0,74.13,2,7413000.0,5774.443821275005
Super built-up  Area,Ready To Move,Electronic City,3 BHK,1840.0,2.0,2.0,77.97,3,7797000.0,4237.5
Super built-up  Area,Ready To Move,Domlur,2 BHK,1349.13,1.0,1.0,122.13,2,12213000.0,9052.500500322429
Super built-up  Area,Ready To Move,Yelenahalli Township,2 BHK,1281.51,1.0,2.0,52.11,2,5211000.0,4066.2967905049513
Carpet  Area,Ready To Move,Hebbal,2 BHK,1464.5,2.0,2.0,111.52,2,11152000.0,7614.885626493684
Carpet  Area,Ready To Move,Vidyaranyapura Township,2 Bedroom,1402.25,2.0,2.0,94.07,2,9407000.0,6708.5041896951325
Built-up  Area,Ready To Move,Marathahalli,3 BHK,1641.26,3.0,0.0,82.33,3,8233000.0,5016.267989227788
Super built-up  Area,Ready To Move,Electronic City,2 BHK,1514.0,2.0,3.0,66.63,2,6663000.0,4400.9247027741085
Built-up  Area,Ready To Move,Marathahalli,3 Bedroom,1910.0,2.0,1.0,115.11,3,11511000.0,6026.701570680629
Super built-up  Area,19-Aug,Hennur,2 BHK,1003.0,3.0,2.0,59.51,2,5951000.0,5933.200398803589
Built-up  Area,19-Aug,Koramangala,3 BHK,1944.0,3.0,1.0,237.35,3,23735000.0,12209.362139917695
Super built-up  Area,Ready To Move,Sarjapur Road,2 Bedroom,1176.0,2.0,3.0,59.35,2,5935000.0,5046.768707482993
Built-up  Area,Ready To Move,Nallurhalli Nagar,4 BHK,2844.0,4.0,2.0,92.35,4,9235000.0,3247.1870604782
Super built-up  Area,18-Nov,Banashankari,2 BHK,1157.0,1.0,0.0,59.74,2,5974000.0,5163.353500432152
Plot  Area,Ready To Move,Kadugodi Gardens,3 BHK,2046.0,3.0,2.0,87.42,3,8742000.0,4272.727272727273
Super built-up  Area,Ready To Move,Electronic City,3 Bedroom,1968.0,3.0,3.0,83.9,3,8390000.0,4263.211382113821
Super built-up  Area,18-Dec,Gunjur Colony,2 BHK,1461.17,2.0,1.0,70.44,2,7044000.0,4820.7942949827875
Super built-up  Area,Ready To Move,Marathahalli,2 BHK,1288.91,1.0,3.0,60.9,2,6090000.0,4724.922609026231
Built-up  Area,Ready To Move,Indiranagar,2 BHK,1245.0,2.0,1.0,156.75,2,15675000.0,12590.361445783132
Built-up  Area,Ready To Move,Hebbal,1 BHK,599.0,1.0,2.0,41.73,1,4172999.9999999995,6966.611018363939
Plot  Area,Ready To Move,Kengeri,4 BHK,2816.0,4.0,0.0,116.8,4,11680000.0,4147.727272727273
Super built-up  Area,Ready To Move,Kengeri,3 BHK,1398.0,3.0,1.0,62.46,3,6246000.0,4467.811158798283
Super built-up  Area,Ready To Move,Kengeri,2 BHK,974.655,2.0,0.0,32.63,2,3263000.0000000005,3347.8512909696256
Built-up  Area,Ready To Move,Sarjapur Road,1 BHK,443.0,1.0,2.0,28.59,1,2859000.0,6453.72460496614
Super built-up  Area,18-Dec,Thanisandra Phase 2,2 BHK,1377.72,3.0,2.0,57.99,2,5799000.0,4209.128124727811
Super built-up  Area,18-Jun,Cv Raman Nagar,2 BHK,1290.5,2.0,0.0,89.41,2,8941000.0,6928.322355676095
Carpet  Area,Ready To Move,Malleshwaram,3 BHK,1971.68,3.0,1.0,183.82,3,18382000.0,9323.013876491113
Built-up  Area,Ready To Move,Jp Nagar,3 BHK,2004.0,3.0,2.0,143.15,3,14315000.0,7143.213572854292
Carpet  Area,Ready To Move,Indiranagar,5 Bedroom,3389.5,5.0,1.0,388.9,5,38890000.0,11473.668682696563
Super built-up  Area,Ready To Move,Frazer Town,3 BHK,2202.0,2.0,1.0,218.23,3,21823000.0,9910.535876475931
Super built-up  Area,Ready To Move,Yelahanka,2 BHK,1199.0,2.0,1.0,51.1,2,5110000.0,4261.884904086739
Super built-up  Area,Ready To Move,Malleshwaram,3 BHK,2087.0,3.0,1.0,217.05,3,21705000.0,10400.095831336846
Super built-up  Area,18-Dec,Hennur,4 BHK,2365.308,4.0,3.0,139.47,4,13947000.0,5896.483671471115
Super built-up  Area,Ready To Move,Koramangala,3 BHK,1627.75,3.0,0.0,246.67,3,24667000.0,15154.046997389034
Super built-up  Area,Ready To Move,Yeshwanthpur,4 Bedroom,2457.75,4.0,0.0,169.99,4,16999000.0,6916.488658325705
Super built-up  Area,18-Nov,Gunjur Gardens,2 BHK,1254.0,2.0,1.0,45.21,2,4521000.0,3605.2631578947367
Plot  Area,18-Nov,Yelahanka,2 Bedroom,1345.94,2.0,2.0,66.76,2,6676000.000000001,4960.102233383361
Super built-up  Area,Ready To Move,Chikkabanavara Enclave,3 Bedroom,1669.0,3.0,2.0,155.64,3,15563999.999999998,9325.344517675254
Super built-up  Area,18-Jun,Pattandur Agrahara Phase 2,2 BHK,980.1,2.0,1.0,52.08,2,5208000.0,5313.743495561677
Super built-up  Area,Ready To Move,Bannerghatta Road,3 Bedroom,1978.0,2.0,0.0,94.63,3,9463000.0,4784.12537917088
Built-up  Area,18-Nov,Kanakapura Road,2 Bedroom,888.0,2.0,1.0,41.32,2,4132000.0,4653.153153153153
Plot  Area,Ready To Move,Ramamurthy Nagar Cross,3 BHK,1811.0,2.0,1.0,113.06,3,11306000.0,6242.959690778575
Super built-up  Area,Ready To Move,Bellandur,1 BHK,558.0,1.0,1.0,36.04,1,3604000.0,6458.781362007168
Carpet  Area,Ready To Move,Bellandur,2 Bedroom,975.0,1.0,3.0,65.26,2,6526000.000000001,6693.333333333334
Super built-up  Area,Ready To Move,Doddakannelli Enclave,3 BHK,1571.0,3.0,3.0,149.53,3,14953000.0,9518.141311266709
Built-up  Area,Ready To Move,Hebbal,4 BHK,2485.0,3.0,1.0,177.04,4,17704000.0,7124.346076458753
Super built-up  Area,Ready To Move,Anekal Phase 1,4 BHK,2435.1,4.0,0.0,246.03,4,24603000.0,10103.48650979426
Super built-up  Area,Ready To Move,Sarjapur Road,3 BHK,2056.0,3.0,0.0,116.02,3,11602000.0,5642.996108949416
Built-up  Area,19-Mar,Domlur,2 BHK,1428.5,1.0,3.0,168.31,2,16831000.0,11782.289114455723
Super built-up  Area,Ready To Move,Kr Puram,2 BHK,1049.12,2.0,1.0,55.39,2,5539000.0,5279.662955619949
Carpet  Area,Ready To Move,Mahadevapura Nagar,2 Bedroom,1219.68,2.0,0.0,62.17,2,6217000.0,5097.238619965892
Super built-up  Area,19-Mar,Yeshwanthpur,4 BHK,2613.6,5.0,3.0,200.98,4,20098000.0,7689.776553412918
Built-up  Area,Ready To Move,Koramangala,2 Bedroom,1004.0,2.0,2.0,125.66,2,12566000.0,12515.936254980079
Super built-up  Area,18-Jun,Bellandur,1 BHK,688.248,1.0,1.0,41.19,1,4119000.0,5984.761306970743
Super built-up  Area,18-Dec,Domlur,1 BHK,604.0,2.0,1.0,74.53,1,7453000.0,12339.403973509934
Carpet  Area,Ready To Move,Yeshwanthpur,4 BHK,2442.8,3.0,2.0,150.66,4,15066000.0,6167.512690355329
Super built-up  Area,Ready To Move,Hebbal,3 BHK,1486.52,3.0,2.0,113.11,3,11311000.0,7609.046632403197
Super built-up  Area,Ready To Move,Kengeri,2 Bedroom,949.0,2.0,3.0,36.63,2,3663000.0000000005,3859.852476290833
Super built-up  Area,Ready To Move,Other,2 Bedroom,1189.0,2.0,2.0,98.69,2,9869000.0,8300.252312867957
Built-up  Area,Ready To Move,Yeshwanthpur,3 BHK,1396.0,2.0,2.0,85.79,3,8579000.0,6145.415472779369
Super built-up  Area,Ready To Move,Marathahalli,2 BHK,1072.0,2.0,1.0,55.15,2,5515000.0,5144.589552238806
Built-up  Area,Ready To Move,Electronic City,3 BHK,2225.04,3.0,1.0,102.55,3,10255000.0,4608.905907309531
Super built-up  Area,Ready To Move,Marathahalli,2 BHK,1306.8,2.0,1.0,73.96,2,7395999.999999999,5659.626568717477
Super built-up  Area,Ready To Move,Singasandra Nagar,3 BHK,1467.75,3.0,0.0,150.41,3,15041000.0,10247.657979901209
Super built-up  Area,Ready To Move,Kaggadasapura Block,2 BHK,1381.0,2.0,1.0,88.85,2,8885000.0,6433.743664011586
Plot  Area,18-Dec,Uttarahalli,3 BHK,1469.0,3.0,3.0,58.46,3,5846000.0,3979.577944179714
Super built-up  Area,Ready To Move,Doddakannelli Enclave,2 BHK,998.0,3.0,1.0,95.09,2,9509000.0,9528.056112224449
Super built-up  Area,Ready To Move,Hebbal,2 Bedroom,1388.0,2.0,2.0,101.59,2,10159000.0,7319.164265129683
Built-up  Area,Ready To Move,Whitefield,2 BHK,891.0,3.0,1.0,56.47,2,5647000.0,6337.822671156005
Super built-up  Area,Ready To Move,Yelahanka,2 BHK,1091.0,2.0,2.0,43.66,2,4366000.0,4001.833180568286
Super built-up  Area,Ready To Move,Varthur,2 BHK,1375.78,3.0,0.0,64.65,2,6465000.000000001,4699.152480774544
Built-up  Area,18-Jun,Electronic City,3 BHK,1757.0,2.0,3.0,68.83,3,6883000.0,3917.47296528173
Carpet  Area,Ready To Move,Koramangala,3 BHK,1897.0,2.0,2.0,184.55,3,18455000.0,9728.518713758565
Built-up  Area,Ready To Move,Hennur,4 BHK,2828.29,3.0,0.0,182.46,4,18246000.0,6451.247927192756
Super built-up  Area,Ready To Move,Pattandur Agrahara Colony,1 BHK,673.11,1.0,2.0,38.56,1,3856000.0,5728.632764332724
Super built-up  Area,Ready To Move,Other,3 BHK,2120.8275,3.0,1.0,108.64,3,10864000.0,5122.52882424431
Super built-up  Area,Ready To Move,Rt Nagar,3 BHK,1655.28,3.0,2.0,90.18,3,9018000.0,5448.020878642888
Built-up  Area,Ready To Move,Sarjapur Road,3 Bedroom,1951.06,3.0,0.0,100.71,3,10071000.0,5161.80947792482
Carpet  Area,Ready To Move,Malleshwaram,2 Bedroom,1293.0,2.0,1.0,142.77,2,14277000.000000002,11041.763341067286
Built-up  Area,Ready To Move,Rajaji Nagar,3 Bedroom,1497.375,3.0,2.0,121.2,3,12120000.0,8094.164788379664
Carpet  Area,18-Nov,Kanakapura Road,2 BHK,1309.0,1.0,2.0,51.44,2,5144000.0,3929.7173414820472
Super built-up  Area,18-Jun,Yeshwanthpur,2 BHK,982.16,2.0,3.0,73.21,2,7320999.999999999,7453.978985094078
Super built-up  Area,19-Mar,Sarjapur Road,1 BHK,753.0,2.0,2.0,41.29,1,4129000.0,5483.399734395751
Super built-up  Area,Ready To Move,Malleshwaram,4 BHK,2778.8084240000003,4.0,0.0,316.18,4,31618000.0,11378.258294786283
Built-up  Area,Ready To Move,Marathahalli,1 BHK,654.0,1.0,1.0,36.99,1,3699000.0,5655.963302752293
Built-up  Area,Ready To Move,Electronic City,2 BHK,1121.67,1.0,2.0,40.64,2,4064000.0,3623.169024757727
Built-up  Area,Ready To Move,Haralur Road Block,5 BHK,2338.0,5.0,1.0,243.88,5,24388000.0,10431.137724550897
Super built-up  Area,Ready To Move,Electronic City,6 Bedroom,4305.0,6.0,1.0,166.77,6,16677000.000000002,3873.867595818816
Super built-up  Area,Ready To Move,Kanakapura Road,5 Bedroom,3106.09,5.0,1.0,156.15,5,15615000.0,5027.220718008814
Built-up  Area,Ready To Move,Hsr Layout,2 BHK,960.15,2.0,2.0,74.46,2,7445999.999999999,7755.038275269489
Super built-up  Area,Ready To Move,Bellandur,2 BHK,1370.0,2.0,2.0,84.67,2,8467000.0,6180.291970802919
Built-up  Area,19-May,Domlur,3 BHK,2234.0,4.0,1.0,210.96,3,21096000.0,9443.151298119965
Built-up  Area,Ready To Move,Ramamurthy Nagar Cross,1 BHK,617.0,1.0,1.0,39.51,1,3951000.0,6403.56564019449
Super built-up  Area,18-Jun,Sarjapur Road,2 BHK,1206.5,2.0,1.0,53.13,2,5313000.0,4403.646912556983
Super built-up  Area,Ready To Move,Gunjur Gardens,3 BHK,1453.0,3.0,2.0,52.3,3,5230000.0,3599.449415003441
Super built-up  Area,Ready To Move,Electronic City,3 BHK,1988.21,2.0,0.0,90.98,3,9098000.0,4575.97537483465
Carpet  Area,Ready To Move,Bellandur,2 BHK,1176.0,2.0,2.0,79.34,2,7934000.0,6746.598639455782
Super built-up  Area,Ready To Move,Jp Nagar,2 Bedroom,913.99,2.0,1.0,70.88,2,7088000.0,7755.00826048425
Super built-up  Area,Ready To Move,Kr Puram,1 Bedroom,602.0,1.0,0.0,28.44,1,2844000.0,4724.252491694352
Carpet  Area,19-Aug,Electronic City,3 BHK,1649.99,2.0,2.0,85.49,3,8549000.0,5181.243522688016
Super built-up  Area,Ready To Move,Indiranagar,1 BHK,431.0,1.0,2.0,46.4,1,4640000.0,10765.661252900232
Plot  Area,Ready To Move,Kr Puram,4 BHK,2617.0,4.0,2.0,112.35,4,11235000.0,4293.083683607184
Plot  Area,Ready To Move,Frazer Town,2 BHK,1280.0,3.0,2.0,111.48,2,11148000.0,8709.375
Super built-up  Area,Ready To Move,Jp Nagar,2 BHK,1331.8,2.0,3.0,85.9,2,8590000.0,6449.917405015768
Plot  Area,18-Nov,Ramamurthy Nagar Cross,3 Bedroom,2008.7,2.0,3.0,125.39,3,12539000.0,6242.345795788321
Built-up  Area,18-Jun,Basavanagudi,2 BHK,1128.5,2.0,2.0,110.98,2,11098000.0,9834.293309703145
Super built-up  Area,Ready To Move,Devanahalli Stage 2,2 BHK,1057.0,2.0,2.0,57.35,2,5735000.0,5425.733207190161
Super built-up  Area,Ready To Move,Electronic City,2 Bedroom,1063.0,1.0,0.0,44.2,2,4420000.0,4158.0432737535275
Super built-up  Area,Ready To Move,Indiranagar,2 BHK,1206.21,2.0,1.0,155.66,2,15566000.0,12904.883892522861
Super built-up  Area,Ready To Move,Doddakannelli Enclave,2 BHK,1184.0,2.0,1.0,107.68,2,10768000.0,9094.594594594595
Super built-up  Area,Ready To Move,Electronic City,3 BHK,1854.0224999999998,2.0,2.0,90.84,3,9084000.0,4899.616914034215
Super built-up  Area,Ready To Move,Yeshwanthpur,2 Bedroom,871.2,2.0,1.0,72.27,2,7227000.0,8295.454545454544
Plot  Area,Ready To Move,Horamavu Nagar,4 BHK,2604.0,4.0,2.0,114.67,4,11467000.0,4403.609831029185
Built-up  Area,Ready To Move,Varthur,4 BHK,2204.0,4.0,1.0,92.93,4,9293000.0,4216.424682395645
Super built-up  Area,Ready To Move,Malleshwaram,5 BHK,3607.5,6.0,2.0,372.9,5,37290000.0,10336.798336798336
Super built-up  Area,Ready To Move,Vijayanagar,3 Bedroom,1373.0,4.0,1.0,89.02,3,8902000.0,6483.612527312454
Super built-up  Area,Ready To Move,Whitefield,2 BHK,973.0,2.0,1.0,46.15,2,4615000.0,4743.062692702981
Super built-up  Area,Ready To Move,Banashankari,2 BHK,1153.81,2.0,2.0,68.65,2,6865000.000000001,5949.85309539699
Built-up  Area,Ready To Move,Subramanyapura Gardens,2 BHK,1055.49,2.0,0.0,96.75,2,9675000.0,9166.358752806753
Super built-up  Area,Ready To Move,Vasanthapura Phase 1,5 BHK,2364.5,5.0,1.0,234.88,5,23488000.0,9933.601184182702
Built-up  Area,Ready To Move,Bellandur,3 BHK,1956.0,4.0,1.0,125.91,3,12591000.0,6437.116564417178
Plot  Area,Ready To Move,Yelahanka,4 BHK,2372.0,3.0,0.0,104.15,4,10415000.0,4390.809443507588
Plot  Area,Ready To Move,Btm Layout,3 BHK,1388.0,3.0,3.0,101.3,3,10130000.0,7298.270893371758
Carpet  Area,Ready To Move,Frazer Town,2 BHK,1304.92,2.0,1.0,106.92,2,10692000.0,8193.605738282806
Super built-up  Area,Ready To Move,Hsr Layout,3 BHK,1983.5,3.0,2.0,169.39,3,16939000.0,8539.954625661709
Super built-up  Area,Ready To Move,Cv Raman Nagar,3 Bedroom,1948.5,4.0,1.0,140.2,3,14019999.999999998,7195.278419296894
Super built-up  Area,Ready To Move,Vasanthapura Nagar,2 BHK,969.83,1.0,2.0,46.78,2,4678000.0,4823.525772558077
Super built-up  Area,19-Aug,Marathahalli,2 BHK,1256.48,3.0,0.0,73.67,2,7367000.0,5863.2051445307525
Built-up  Area,Ready To Move,Jayanagar,1 BHK,653.0,1.0,2.0,58.78,1,5878000.0,9001.531393568148
Super built-up  Area,19-Mar,Singasandra Nagar,4 BHK,1985.05,4.0,0.0,188.19,4,18819000.0,9480.365733860608
Super built-up  Area,18-Jun,Sarjapur Road,3 BHK,1702.01,3.0,2.0,86.77,3,8677000.0,5098.089905464715
Built-up  Area,Ready To Move,Ambalipura Extension,3 BHK,1468.84,3.0,1.0,85.5,3,8550000.0,5820.919909588519
Super built-up  Area,Ready To Move,Thanisandra Phase 1,2 BHK,776.0,1.0,1.0,27.38,2,2738000.0,3528.3505154639174
Super built-up  Area,Ready To Move,Yelenahalli Enclave,3 Bedroom,1552.0,4.0,3.0,97.24,3,9724000.0,6265.4639175257735
Super built-up  Area,18-Dec,Gottigere Phase 2,2 BHK,971.9325,2.0,2.0,84.68,2,8468000.0,8712.539193822617
Carpet  Area,Ready To Move,Indiranagar,2 BHK,1387.0,2.0,0.0,137.16,2,13716000.0,9888.968997837059
Super built-up  Area,Ready To Move,Rajarajeshwari Nagar Gardens,4 BHK,1982.0,4.0,0.0,103.91,4,10391000.0,5242.684157416751
Super built-up  Area,18-Jun,Jp Nagar,4 BHK,2328.0,4.0,1.0,172.65,4,17265000.0,7416.237113402062
Carpet  Area,Ready To Move,Kr Puram,3 BHK,1865.0,3.0,1.0,94.75,3,9475000.0,5080.428954423593
Built-up  Area,Ready To Move,Bellandur,3 BHK,1830.0,2.0,2.0,104.63,3,10463000.0,5717.486338797814
Plot  Area,Ready To Move,Sarjapur Enclave,1 BHK,363.0,1.0,2.0,12.82,1,1282000.0,3531.68044077135
Built-up  Area,Ready To Move,Singasandra Nagar,2 BHK,1133.42,1.0,1.0,102.58,2,10258000.0,9050.484374724285
Built-up  Area,Ready To Move,Kanakapura Road,4 BHK,2678.0,4.0,3.0,120.79,4,12079000.0,4510.455563853622
Super built-up  Area,19-Aug,Bannerghatta Road,3 BHK,1630.26,3.0,2.0,71.58,3,7158000.0,4390.710684185345
Built-up  Area,Ready To Move,Yelahanka,2 BHK,1225.0,2.0,2.0,61.34,2,6134000.0,5007.34693877551
Carpet  Area,Ready To Move,Malleshwaram,2 Bedroom,958.7,2.0,0.0,112.6,2,11260000.0,11745.071450923124
Plot  Area,19-Mar,Bellandur,3 BHK,1877.0,2.0,1.0,113.98,3,11398000.0,6072.456046883324
Built-up  Area,Ready To Move,Chikkabanavara Enclave,2 Bedroom,1438.5,2.0,2.0,148.12,2,14812000.0,10296.83698296837
Carpet  Area,Ready To Move,Vijayanagar,1 BHK,551.0,2.0,1.0,37.27,1,3727000.0000000005,6764.065335753176
Built-up  Area,Ready To Move,Gottigere Phase 2,3 Bedroom,1862.0,2.0,2.0,171.31,3,17131000.0,9200.32223415682
Built-up  Area,Ready To Move,Electronic City,4 BHK,2708.0,3.0,2.0,127.05,4,12705000.0,4691.65435745938
Built-up  Area,Ready To Move,Uttarahalli,1 BHK,707.0,1.0,1.0,31.57,1,3157000.0,4465.346534653465
Super built-up  Area,Ready To Move,Kr Puram,3 BHK,1592.66,2.0,0.0,67.69,3,6769000.0,4250.122436678262
Super built-up  Area,18-Dec,Kanakapura Road,2 BHK,1106.0,1.0,2.0,45.74,2,4574000.0,4135.623869801085
Carpet  Area,Ready To Move,Nagavara Phase 2,3 BHK,2052.0,3.0,0.0,108.85,3,10885000.0,5304.58089668616
Built-up  Area,Ready To Move,Frazer Town,3 BHK,1734.94,3.0,2.0,138.56,3,13856000.0,7986.443335216203
Super built-up  Area,Ready To Move,Pattandur Agrahara Layout,3 Bedroom,1914.5,3.0,2.0,87.94,3,8794000.0,4593.366414207365
Built-up  Area,Ready To Move,Banashankari,2 BHK,1112.0,2.0,2.0,76.44,2,7644000.0,6874.10071942446
Carpet  Area,19-Aug,Mahadevapura Nagar,2 BHK,1134.0,1.0,1.0,43.11,2,4311000.0,3801.5873015873017
Plot  Area,Ready To Move,Cv Raman Nagar,1 BHK,476.0,1.0,2.0,29.9,1,2990000.0,6281.512605042017
Super built-up  Area,Ready To Move,Yelahanka,2 BHK,1280.0,2.0,1.0,56.33,2,5633000.0,4400.78125
Super built-up  Area,Ready To Move,Yeshwanthpur,2 BHK,1286.0,2.0,1.0,99.14,2,9914000.0,7709.175738724728
Super built-up  Area,Ready To Move,Kengeri,3 Bedroom,1844.0,3.0,1.0,67.94,3,6794000.0,3684.3817787418657
Super built-up  Area,Ready To Move,Btm Layout,3 BHK,1753.5,2.0,1.0,107.28,3,10728000.0,6118.049615055603
Super built-up  Area,Ready To Move,Kumaraswamy Layout Stage 2,5 BHK,2605.0,5.0,1.0,236.68,5,23668000.0,9085.604606525912
Super built-up  Area,Ready To Move,Koramangala,1 BHK,550.0,1.0,2.0,68.3,1,6830000.0,12418.181818181818
Carpet  Area,Ready To Move,Kengeri,3 BHK,1339.0,2.0,0.0,55.98,3,5598000.0,4180.731889469754
Super built-up  Area,18-Jun,Kanakapura Road,2 BHK,1159.0,1.0,3.0,54.72,2,5472000.0,4721.311475409836
Super built-up  Area,Ready To Move,Kanakapura Road,1 BHK,602.0,1.0,2.0,26.42,1,2642000.0,4388.704318936877
Carpet  Area,Ready To Move,Other,1 BHK,625.5,1.0,3.0,43.72,1,4372000.0,6989.60831334932
Super built-up  Area,Ready To Move,Electronic City,3 BHK,1804.0,3.0,1.0,71.86,3,7186000.0,3983.370288248337
Built-up  Area,Ready To Move,Yeshwanthpur,2 BHK,952.0,2.0,1.0,61.15,2,6115000.0,6423.319327731092
Super built-up  Area,Ready To Move,Indiranagar,2 BHK,1391.0,2.0,3.0,160.83,2,16083000.000000002,11562.18547807333
Super built-up  Area,Ready To Move,Rt Nagar,3 BHK,1752.0,3.0,2.0,105.69,3,10569000.0,6032.534246575343
Built-up  Area,Ready To Move,Electronic City,3 BHK,1440.0,2.0,2.0,52.6,3,5260000.0,3652.777777777778
Carpet  Area,Ready To Move,Indiranagar,2 BHK,1062.0,2.0,1.0,104.08,2,10408000.0,9800.376647834275
Super built-up  Area,19-May,Electronic City,5 BHK,2374.0,6.0,2.0,104.17,5,10417000.0,4387.9528222409435
Built-up  Area,Ready To Move,Kr Puram,4 BHK,2681.0,4.0,3.0,103.71,4,10371000.0,3868.332711674748
Built-up  Area,Ready To Move,Gottigere Phase 2,3 BHK,1988.9,3.0,1.0,174.36,3,17436000.0,8766.654934888631
Super built-up  Area,19-Aug,Kaggadasapura Layout,2 BHK,941.0,2.0,0.0,39.66,2,3965999.9999999995,4214.665249734325
Built-up  Area,Ready To Move,Horamavu Block,3 BHK,1381.0,2.0,3.0,156.1,3,15610000.0,11303.403330919624
Built-up  Area,Ready To Move,Yelahanka,2 BHK,989.0,3.0,2.0,50.13,2,5013000.0,5068.756319514661
Super built-up  Area,19-Aug,Other,2 BHK,1103.0,3.0,1.0,55.25,2,5525000.0,5009.0661831369
Super built-up  Area,Ready To Move,Thanisandra Phase 2,1 BHK,663.0,1.0,0.0,26.43,1,2643000.0,3986.425339366516
Super built-up  Area,Ready To Move,Whitefield,3 Bedroom,2178.0,2.0,2.0,125.95,3,12595000.0,5782.828282828283
Built-up  Area,Ready To Move,Munnekollal Phase 2,1 BHK,588.0600000000001,1.0,3.0,22.01,1,2201000.0,3742.815358976975
Built-up  Area,Ready To Move,Jp Nagar,1 BHK,511.26,1.0,1.0,34.47,1,3447000.0,6742.166412392911
Super built-up  Area,19-Aug,Jp Nagar,2 BHK,972.0,1.0,2.0,70.35,2,7034999.999999999,7237.654320987654
Built-up  Area,Ready To Move,Uttarahalli,2 BHK,1010.0,3.0,3.0,35.73,2,3572999.9999999995,3537.623762376237
Super built-up  Area,Ready To Move,Singasandra Nagar,3 Bedroom,1934.0,2.0,0.0,160.55,3,16055000.000000002,8301.44777662875
Plot  Area,Ready To Move,Btm Layout,2 BHK,1306.8,2.0,2.0,71.21,2,7120999.999999999,5449.1888582797665
Super built-up  Area,Ready To Move,Rajaji Nagar,3 BHK,1631.0,3.0,1.0,134.45,3,13444999.999999998,8243.408951563457
Carpet  Area,Ready To Move,Cv Raman Nagar,2 BHK,977.94,1.0,1.0,68.06,2,6806000.0,6959.527169355993
Super built-up  Area,Ready To Move,Attibele Phase 2,3 BHK,1592.0,2.0,3.0,135.3,3,13530000.000000002,8498.743718592967
Built-up  Area,Ready To Move,Whitefield,2 BHK,951.0,2.0,1.0,65.62,2,6562000.0,6900.105152471083
Built-up  Area,Ready To Move,Indiranagar,2 Bedroom,871.2,2.0,1.0,106.6,2,10660000.0,12235.996326905417
Super built-up  Area,Ready To Move,Banashankari,3 BHK,1562.0,3.0,1.0,106.52,3,10652000.0,6819.462227912933
Carpet  Area,Ready To Move,Bannerghatta Road,2 BHK,957.0,2.0,1.0,46.52,2,4652000.0,4861.024033437827
Built-up  Area,Ready To Move,Kaggadasapura Phase 2,4 BHK,2552.6160000000004,4.0,1.0,111.76,4,11176000.0,4378.253525011203
Super built-up  Area,Ready To Move,Mahadevapura Stage 2,3 BHK,1708.0,4.0,0.0,152.22,3,15222000.0,8912.177985948478
Super built-up  Area,Ready To Move,Koramangala,3 BHK,1983.0,2.0,2.0,260.36,3,26036000.0,13129.601613716592
Carpet  Area,Ready To Move,Kaggadasapura Cross,3 BHK,1815.0,3.0,2.0,127.81,3,12781000.0,7041.873278236914
Super built-up  Area,Ready To Move,Electronic City,3 BHK,1436.0,3.0,1.0,56.49,3,5649000.0,3933.8440111420614
Super built-up  Area,Ready To Move,Electronic City,5 BHK,3051.0,5.0,3.0,133.19,5,13319000.0,4365.453949524746
Super built-up  Area,Ready To Move,Vijayanagar,2 BHK,891.0,1.0,2.0,49.05,2,4905000.0,5505.050505050505
Super built-up  Area,Ready To Move,Sarjapur Road,2 Bedroom,1373.0,2.0,3.0,77.45,2,7745000.0,5640.932265112891
Plot  Area,Ready To Move,Kanakapura Road,4 Bedroom,2223.0,3.0,0.0,106.41,4,10641000.0,4786.774628879892
Super built-up  Area,Ready To Move,Kr Puram,2 BHK,1106.0,1.0,0.0,48.59,2,4859000.0,4393.309222423147
Plot  Area,Ready To Move,Whitefield,1 BHK,634.0,1.0,1.0,36.11,1,3611000.0,5695.583596214511
Super built-up  Area,18-Jun,Kr Puram,3 BHK,1949.31,3.0,1.0,96.69,3,9669000.0,4960.216692060268
Built-up  Area,19-Mar,Cv Raman Nagar,4 BHK,1860.0,3.0,1.0,144.14,4,14413999.999999998,7749.4623655913965
Super built-up  Area,Ready To Move,Bannerghatta Road,6 BHK,4308.084000000001,6.0,0.0,236.67,6,23667000.0,5493.625472483823
Carpet  Area,Ready To Move,Domlur,2 BHK,1216.5,1.0,1.0,125.56,2,12556000.0,10321.413892314016
Super built-up  Area,19-May,Cv Raman Nagar,1 BHK,685.0,1.0,1.0,48.97,1,4897000.0,7148.905109489051
Built-up  Area,19-Mar,Bannerghatta Road,3 BHK,1741.0,3.0,0.0,76.09,3,7609000.0,4370.47673750718
Plot  Area,19-Mar,Chikkabanavara Enclave,2 BHK,1112.0,2.0,2.0,109.31,2,10931000.0,9830.035971223022
Super built-up  Area,19-Aug,Electronic City,2 BHK,1209.0,3.0,2.0,53.88,2,5388000.0,4456.575682382134
Super built-up  Area,Ready To Move,Hennur,2 BHK,1176.0,2.0,1.0,71.57,2,7156999.999999999,6085.884353741496
Built-up  Area,Ready To Move,Bannerghatta Road,2 Bedroom,862.5,3.0,0.0,33.33,2,3333000.0,3864.3478260869565
Super built-up  Area,Ready To Move,Chandapura Extension,3 BHK,2054.0,4.0,0.0,235.01,3,23501000.0,11441.57740993184
Plot  Area,Ready To Move,Yelahanka,3 BHK,1834.0,3.0,3.0,82.83,3,8283000.0,4516.357688113413
Plot  Area,18-Jun,Jayanagar,3 BHK,1856.7450000000001,2.0,0.0,181.36,3,18136000.0,9767.630988638719
Built-up  Area,Ready To Move,Domlur,2 Bedroom,1056.0,3.0,0.0,110.03,2,11003000.0,10419.507575757576
Super built-up  Area,18-Nov,Nagavara Phase 1,2 BHK,1190.85,2.0,1.0,81.9,2,8190000.000000001,6877.440483688123
Super built-up  Area,Ready To Move,Kengeri,4 Bedroom,2102.0,4.0,2.0,74.34,4,7434000.0,3536.6317792578498
Built-up  Area,19-May,Btm Layout,1 BHK,386.28,1.0,2.0,22.09,1,2209000.0,5718.649684166926
Carpet  Area,Ready To Move,Rajaji Nagar,3 BHK,2051.676,3.0,2.0,184.72,3,18472000.0,9003.370902618153
Built-up  Area,Ready To Move,Sompura Main Road,3 BHK,1964.0,3.0,3.0,113.52,3,11352000.0,5780.040733197556
Super built-up  Area,Ready To Move,Sarjapur Road,3 BHK,1996.5,3.0,1.0,115.55,3,11555000.0,5787.62834961182
Super built-up  Area,Ready To Move,Frazer Town,1 Bedroom,481.0,1.0,1.0,46.15,1,4615000.0,9594.594594594595
Super built-up  Area,Ready To Move,Nallurhalli Nagar,2 BHK,1344.0,2.0,1.0,53.38,2,5338000.0,3971.7261904761904
Super built-up  Area,Ready To Move,Kr Puram,1 BHK,492.0,1.0,2.0,22.86,1,2286000.0,4646.341463414634
Plot  Area,Ready To Move,Uttarahalli,3 Bedroom,1692.0,3.0,0.0,65.76,3,6576000.000000001,3886.524822695036
Super built-up  Area,19-May,Horamavu Extension,2 Bedroom,1056.0,2.0,2.0,78.62,2,7862000.0,7445.075757575758
Built-up  Area,18-Nov,Yelenahalli Layout,4 BHK,2598.55,3.0,0.0,156.87,4,15687000.0,6036.828231128899
Carpet  Area,Ready To Move,Rajaji Nagar,4 Bedroom,2178.0,3.0,2.0,195.4,4,19540000.0,8971.533516988062
Built-up  Area,Ready To Move,Bannerghatta Road,2 BHK,820.0,2.0,1.0,33.39,2,3339000.0,4071.951219512195
Built-up  Area,18-Nov,Other,2 BHK,1449.0,2.0,2.0,126.11,2,12611000.0,8703.243616287094
Super built-up  Area,Ready To Move,Sarjapur Road,2 BHK,1233.6505789999999,2.0,2.0,62.24,2,6224000.0,5045.188731678941
Built-up  Area,18-Dec,Sonnenahalli Block,3 BHK,1378.0,3.0,3.0,84.72,3,8472000.0,6148.040638606676
Super built-up  Area,Ready To Move,Sarjapur Road,2 BHK,1015.4925,3.0,1.0,53.53,2,5353000.0,5271.333860171297
Super built-up  Area,Ready To Move,Kanakapura Road,3 BHK,1816.0,3.0,0.0,81.1,3,8109999.999999999,4465.859030837004
Carpet  Area,Ready To Move,Haralur Road Block,1 BHK,523.0,1.0,1.0,55.36,1,5536000.0,10585.08604206501
Super built-up  Area,Ready To Move,Jayanagar,1 BHK,425.5,2.0,1.0,35.84,1,3584000.0000000005,8423.031727379555
Built-up  Area,Ready To Move,Sathanur Extension,4 BHK,2033.0,4.0,1.0,95.81,4,9581000.0,4712.739793408756
Built-up  Area,Ready To Move,Kaggadasapura Layout,2 BHK,994.0,1.0,3.0,37.66,2,3765999.9999999995,3788.732394366197
Super built-up  Area,Ready To Move,Cv Raman Nagar,2 BHK,1103.43,2.0,1.0,62.87,2,6287000.0,5697.688117959453
Super built-up  Area,Ready To Move,Yelahanka,4 BHK,2578.0,4.0,0.0,117.61,4,11761000.0,4562.063615205586
Plot  Area,19-Mar,Rajaji Nagar,2 BHK,1276.3080000000002,2.0,1.0,111.32,2,11132000.0,8722.032612817595
Super built-up  Area,Ready To Move,Ramamurthy Nagar Stage 2,1 Bedroom,637.0,1.0,2.0,61.56,1,6156000.0,9664.050235478808
Super built-up  Area,19-Mar,Kengeri,5 BHK,2868.5,5.0,0.0,117.41,5,11741000.0,4093.080006972285
Super built-up  Area,Ready To Move,Anekal Stage 2,3 BHK,1822.5,2.0,1.0,99.75,3,9975000.0,5473.251028806584
Plot  Area,Ready To Move,Jp Nagar,3 BHK,1825.5,4.0,3.0,120.57,3,12057000.0,6604.765817584223
Super built-up  Area,Ready To Move,Kalyan Nagar Phase 1,1 BHK,538.0,1.0,2.0,56.75,1,5675000.0,10548.327137546468
Plot  Area,Ready To Move,Sathanur Gardens,4 BHK,2383.0,5.0,0.0,115.48,4,11548000.0,4845.992446496013
Built-up  Area,Ready To Move,Rajaji Nagar,2 BHK,1389.0,2.0,2.0,130.45,2,13044999.999999998,9391.64866810655
Super built-up  Area,Ready To Move,Hsr Layout,3 BHK,1805.5,2.0,0.0,146.4,3,14640000.0,8108.557186374966
Built-up  Area,18-Dec,Hebbal,5 BHK,3370.0,5.0,1.0,224.78,5,22478000.0,6670.029673590505
Super built-up  Area,Ready To Move,Kaggadasapura Block,2 BHK,1277.5,1.0,1.0,66.56,2,6656000.0,5210.176125244619
Built-up  Area,Ready To Move,Jalahalli Gardens,2 BHK,1393.92,2.0,3.0,133.09,2,13309000.0,9547.893709825528
Plot  Area,Ready To Move,Hennur,3 BHK,1983.0,3.0,2.0,107.56,3,10756000.0,5424.104891578417
Super built-up  Area,Ready To Move,Varthur,4 Bedroom,1839.0,5.0,2.0,84.19,4,8419000.0,4578.031538879826
Built-up  Area,Ready To Move,Banashankari,2 BHK,1391.66,2.0,2.0,88.71,2,8871000.0,6374.401793541526
Super built-up  Area,Ready To Move,Varthur,4 BHK,2573.0,4.0,2.0,115.95,4,11595000.0,4506.412747765255
Built-up  Area,Ready To Move,Attibele Phase 2,4 BHK,2720.0,4.0,0.0,185.9,4,18590000.0,6834.558823529412
Super built-up  Area,Ready To Move,Hennur,3 Bedroom,1500.0,3.0,2.0,84.11,3,8411000.0,5607.333333333333
Super built-up  Area,Ready To Move,Kalyan Nagar Phase 1,3 BHK,1415.7,3.0,3.0,149.61,3,14961000.000000002,10567.916931553296
Carpet  Area,18-Nov,Banashankari,5 Bedroom,2778.0,4.0,2.0,159.88,5,15988000.0,5755.219582433406
Super built-up  Area,19-May,Bannerghatta Road,4 Bedroom,2281.0,4.0,2.0,108.15,4,10815000.0,4741.341516878562
Built-up  Area,19-Aug,Hennur,1 BHK,581.0,1.0,1.0,35.36,1,3536000.0,6086.05851979346
Super built-up  Area,Ready To Move,Kalyan Nagar Block,3 Bedroom,1968.0,3.0,1.0,168.82,3,16882000.0,8578.252032520326
Super built-up  Area,Ready To Move,Uttarahalli,2 BHK,989.0,2.0,2.0,33.18,2,3318000.0,3354.9039433771486
Built-up  Area,19-May,Btm Layout,3 BHK,1976.0,3.0,3.0,141.47,3,14147000.0,7159.412955465587
Built-up  Area,Ready To Move,Jp Nagar,5 BHK,2376.0,5.0,1.0,173.13,5,17313000.0,7286.616161616162
Super built-up  Area,Ready To Move,Yeshwanthpur,3 BHK,1626.0,3.0,2.0,89.11,3,8911000.0,5480.319803198032
Built-up  Area,Ready To Move,Domlur,3 BHK,2119.16,3.0,2.0,179.25,3,17925000.0,8458.540176296268
Super built-up  Area,Ready To Move,Rt Nagar,4 BHK,1754.0,4.0,2.0,114.86,4,11486000.0,6548.460661345496
Super built-up  Area,Ready To Move,Jp Nagar,1 BHK,659.41,2.0,2.0,53.77,1,5377000.0,8154.259110416888
Super built-up  Area,18-Dec,Chandapura Extension,4 BHK,1899.0,4.0,1.0,197.11,4,19711000.0,10379.673512374935
Carpet  Area,Ready To Move,Bannerghatta Road,2 BHK,1066.0,2.0,2.0,41.95,2,4195000.0,3935.2720450281427
Super built-up  Area,Ready To Move,Whitefield,2 BHK,1217.0,2.0,0.0,63.28,2,6328000.0,5199.671322925226
Super built-up  Area,Ready To Move,Bellandur,2 BHK,901.0,2.0,0.0,56.2,2,5620000.0,6237.513873473918
Super built-up  Area,Ready To Move,Marathahalli,3 BHK,1628.02,3.0,2.0,105.23,3,10523000.0,6463.6798073733735
Super built-up  Area,Ready To Move,Malleshwaram,1 BHK,738.5,1.0,0.0,101.53,1,10153000.0,13748.138117806364
Built-up  Area,Ready To Move,Anekal Phase 1,4 BHK,2391.4440000000004,5.0,0.0,248.98,4,24898000.0,10411.282890170121
Plot  Area,Ready To Move,Sarjapur Road,3 BHK,2178.0,2.0,0.0,108.19,3,10819000.0,4967.401285583103
Carpet  Area,19-Mar,Domlur,2 BHK,1400.5,2.0,1.0,142.37,2,14237000.0,10165.655123170296
Built-up  Area,19-Aug,Banashankari,1 BHK,734.0,1.0,2.0,52.9,1,5290000.0,7207.08446866485
Super built-up  Area,Ready To Move,Chandapura Extension,3 BHK,1786.0,2.0,2.0,195.85,3,19585000.0,10965.845464725644
Super built-up  Area,Ready To Move,Dodballapur Road Phase 1,5 BHK,2494.0,5.0,0.0,81.64,5,8164000.0,3273.45629510826
Super built-up  Area,Ready To Move,Btm Layout,2 BHK,1344.0,2.0,1.0,101.0,2,10100000.0,7514.880952380952
Super built-up  Area,Ready To Move,Yelahanka,2 BHK,1410.78,2.0,1.0,64.3,2,6430000.0,4557.762372588214
Built-up  Area,Ready To Move,Hennur,3 BHK,1423.0,3.0,0.0,90.08,3,9008000.0,6330.288123682361
Plot  Area,Ready To Move,Uttarahalli,2 BHK,1290.0,3.0,0.0,57.46,2,5746000.0,4454.263565891473
Built-up  Area,Ready To Move,Vijayanagar,3 BHK,2024.0,2.0,3.0,130.59,3,13059000.0,6452.075098814229
Super built-up  Area,Ready To Move,Attibele Phase 1,2 BHK,1282.0,1.0,0.0,114.21,2,11421000.0,8908.736349453979
Super built-up  Area,19-Mar,Sompura Main Road,1 BHK,484.54,1.0,0.0,26.53,1,2653000.0,5475.296157180005
Super built-up  Area,Ready To Move,Hebbal,3 BHK,2054.79,3.0,2.0,149.88,3,14988000.0,7294.176047187304
Plot  Area,18-Nov,Kr Puram,3 BHK,2111.6,4.0,2.0,96.77,3,9677000.0,4582.780829702596
Plot  Area,Ready To Move,Basavanagudi,2 BHK,1159.96,3.0,1.0,103.65,2,10365000.0,8935.652953550121
Super built-up  Area,19-Mar,Domlur,2 BHK,1217.0,2.0,2.0,121.26,2,12126000.0,9963.845521774856
Super built-up  Area,Ready To Move,Kaggadasapura Phase 2,3 BHK,1639.0,4.0,3.0,85.21,3,8521000.0,5198.901769371568
Super built-up  Area,Ready To Move,Yeshwanthpur,2 BHK,1348.0,1.0,1.0,102.56,2,10256000.0,7608.308605341246
Built-up  Area,Ready To Move,Malleshwaram,2 BHK,1103.0,2.0,3.0,104.44,2,10444000.0,9468.721668177697
Plot  Area,Ready To Move,Hennur,1 BHK,389.5,1.0,1.0,25.49,1,2549000.0,6544.287548138639
Super built-up  Area,Ready To Move,Kanakapura Road,2 Bedroom,1217.0,3.0,1.0,57.48,2,5748000.0,4723.089564502876
Super built-up  Area,Ready To Move,Kr Puram,2 BHK,905.57,2.0,0.0,48.21,2,4821000.0,5323.718762768201
Plot  Area,Ready To Move,Gottigere Layout,2 BHK,942.0,1.0,1.0,95.63,2,9563000.0,10151.80467091295
Built-up  Area,Ready To Move,Harlur Nagar,2 BHK,1213.5,2.0,1.0,111.75,2,11175000.0,9208.899876390606
Super built-up  Area,19-Mar,Indiranagar,5 BHK,2742.06,5.0,1.0,346.46,5,34646000.0,12635.026221162192
Super built-up  Area,Ready To Move,Chandapura Stage 2,3 BHK,1547.78,4.0,0.0,177.86,3,17786000.0,11491.297212782178
Super built-up  Area,Ready To Move,Marathahalli,2 BHK,1173.0,2.0,1.0,60.87,2,6087000.0,5189.25831202046
Super built-up  Area,Ready To Move,Jp Nagar,1 BHK,622.908,2.0,2.0,46.41,1,4641000.0,7450.538442273979
Super built-up  Area,Ready To Move,Banashankari,3 BHK,1423.5,3.0,2.0,87.67,3,8767000.0,6158.763610818405
Carpet  Area,18-Dec,Whitefield,5 BHK,3459.29,5.0,1.0,195.89,5,19589000.0,5662.722697432132
Super built-up  Area,Ready To Move,Rt Nagar,1 BHK,648.0,1.0,1.0,34.97,1,3497000.0,5396.604938271605
Built-up  Area,Ready To Move,Domlur,2 BHK,1190.5,3.0,3.0,140.02,2,14002000.000000002,11761.44477110458
Super built-up  Area,18-Dec,Haralur Road Block,2 BHK,1035.0,2.0,2.0,101.92,2,10192000.0,9847.342995169081
Super built-up  Area,18-Dec,Kr Puram,2 BHK,1154.0,1.0,0.0,52.78,2,5278000.0,4573.6568457539
Carpet  Area,Ready To Move,Uttarahalli,1 BHK,500.0,2.0,1.0,15.63,1,1563000.0,3126.0
Super built-up  Area,Ready To Move,Malleshwaram,1 BHK,584.0,1.0,1.0,57.23,1,5723000.0,9799.657534246575
Super built-up  Area,Ready To Move,Domlur,1 BHK,790.54,1.0,2.0,77.76,1,7776000.000000001,9836.314417992766
Super built-up  Area,19-Mar,Whitefield,5 BHK,3111.0,5.0,0.0,167.48,5,16747999.999999998,5383.477981356476
Carpet  Area,Ready To Move,Varthur,4 BHK,2145.568187,5.0,1.0,83.96,4,8396000.0,3913.1825550319836
Built-up  Area,19-Aug,Sarjapur Road,3 BHK,1559.0,3.0,3.0,108.35,3,10835000.0,6949.967928159076
Super built-up  Area,Ready To Move,Indiranagar,4 BHK,2492.0,4.0,3.0,250.75,4,25075000.0,10062.199036918139
Super built-up  Area,Ready To Move,Uttarahalli,3 Bedroom,1788.36,3.0,1.0,73.95,3,7395000.0,4135.073475139234
Super built-up  Area,19-Aug,Uttarahalli,3 BHK,1476.0,3.0,1.0,61.49,3,6149000.0,4165.989159891599
Super built-up  Area,Ready To Move,Varthur,4 Bedroom,2063.0,4.0,1.0,96.0,4,9600000.0,4653.41735336888
Built-up  Area,19-May,Gottigere Layout,3 BHK,1683.5,3.0,3.0,166.95,3,16694999.999999998,9916.839916839916
Super built-up  Area,Ready To Move,Jalahalli Block,2 BHK,1161.0,3.0,2.0,89.36,2,8936000.0,7696.8130921619295
Super built-up  Area,18-Dec,Marathahalli,2 BHK,973.77,3.0,1.0,60.73,2,6073000.0,6236.58564137322
Built-up  Area,Ready To Move,Kanakapura Road,2 BHK,935.0,2.0,0.0,40.42,2,4042000.0,4322.994652406417
Built-up  Area,Ready To Move,Domlur,3 BHK,1476.76,2.0,0.0,151.35,3,15135000.0,10248.787886995857
Carpet  Area,Ready To Move,Yeshwanthpur,4 BHK,2805.0,3.0,2.0,197.09,4,19709000.0,7026.381461675579
Built-up  Area,Ready To Move,Subramanyapura Gardens,3 BHK,1456.0,2.0,0.0,117.45,3,11745000.0,8066.620879120879
Super built-up  Area,19-Aug,Whitefield,1 Bedroom,624.0,1.0,2.0,35.11,1,3511000.0,5626.602564102564
Super built-up  Area,18-Nov,Rajaji Nagar,1 BHK,435.6,1.0,1.0,42.15,1,4215000.0,9676.308539944903
Super built-up  Area,19-May,Yeshwanthpur,3 BHK,2219.946736,3.0,0.0,121.02,3,12102000.0,5451.482147632933
Built-up  Area,Ready To Move,Kadugodi Gardens,2 BHK,1074.26,2.0,1.0,38.8,2,3879999.9999999995,3611.7885800457984
Super built-up  Area,Ready To Move,Koramangala,1 BHK,462.825,2.0,1.0,60.29,1,6029000.0,13026.521903527251
Super built-up  Area,Ready To Move,Yeshwanthpur,2 BHK,1061.0,2.0,2.0,69.04,2,6904000.000000001,6507.068803016024
Super built-up  Area,Ready To Move,Kanakapura Road,3 BHK,1479.78,4.0,0.0,57.05,3,5705000.0,3855.302815283353
Carpet  Area,18-Nov,Btm Layout,3 BHK,1541.89,3.0,1.0,96.88,3,9688000.0,6283.197893494347
Built-up  Area,Ready To Move,Subramanyapura Gardens,2 BHK,1519.0,2.0,3.0,130.9,2,13090000.0,8617.511520737327
Super built-up  Area,Ready To Move,Kengeri,2 Bedroom,1363.81,2.0,0.0,53.0,2,5300000.0,3886.171827453971
Super built-up  Area,Ready To Move,Varthur,4 BHK,2646.27,4.0,1.0,91.43,4,9143000.0,3455.0518276668668
Carpet  Area,18-Jun,Marathahalli,5 BHK,2880.0,5.0,2.0,203.12,5,20312000.0,7052.777777777777
Super built-up  Area,Ready To Move,Bannerghatta Road,2 BHK,1439.0,1.0,2.0,69.6,2,6959999.999999999,4836.69214732453
Super built-up  Area,Ready To Move,Vidyaranyapura Phase 2,1 BHK,711.5,2.0,2.0,74.17,1,7417000.0,10424.455375966269
Super built-up  Area,Ready To Move,Sonnenahalli Block,6 BHK,2941.0,6.0,0.0,207.2,6,20720000.0,7045.222713362802
Built-up  Area,Ready To Move,Banashankari,3 BHK,2139.0,3.0,1.0,133.38,3,13338000.0,6235.62412342216
Super built-up  Area,Ready To Move,Vidyaranyapura Extension,1 BHK,725.0,1.0,2.0,43.7,1,4370000.0,6027.586206896552
Super built-up  Area,Ready To Move,Kumaraswamy Layout Phase 1,2 BHK,1266.0,3.0,0.0,64.05,2,6405000.0,5059.241706161138
Super built-up  Area,Ready To Move,Kadugodi Colony,3 BHK,2153.0,2.0,0.0,122.7,3,12270000.0,5699.024616813748
Built-up  Area,18-Nov,Malleshwaram,3 Bedroom,1437.48,3.0,1.0,145.48,3,14547999.999999998,10120.488632885326
Super built-up  Area,19-Mar,Hebbal,2 BHK,1329.0,2.0,0.0,78.8,2,7880000.0,5929.270127915726
Plot  Area,18-Dec,Domlur,4 BHK,2346.3,4.0,0.0,235.74,4,23574000.0,10047.308528321186
Super built-up  Area,18-Dec,Anekal Phase 1,4 Bedroom,1827.0,4.0,2.0,176.26,4,17626000.0,9647.50957854406
Super built-up  Area,18-Nov,Domlur,2 BHK,943.0,3.0,0.0,106.38,2,10638000.0,11281.01802757158
Super built-up  Area,19-Mar,Yeshwanthpur,2 BHK,1057.0,2.0,1.0,84.51,2,8451000.0,7995.26963103122
Super built-up  Area,Ready To Move,Bannerghatta Road,2 BHK,1212.01514,2.0,1.0,63.74,2,6374000.0,5259.010213354266
Super built-up  Area,19-Mar,Hebbal,3 Bedroom,1934.0,3.0,1.0,130.02,3,13002000.000000002,6722.854188210963
Super built-up  Area,Ready To Move,Kaggadasapura Cross,3 BHK,1755.0,2.0,2.0,115.76,3,11576000.0,6596.011396011396
Carpet  Area,19-Aug,Vidyaranyapura Phase 2,4 BHK,2594.05,3.0,3.0,227.8,4,22780000.0,8781.634895241032
Super built-up  Area,Ready To Move,Btm Layout,1 BHK,396.5,1.0,3.0,23.17,1,2317000.0,5843.6317780580075
Super built-up  Area,Ready To Move,Cv Raman Nagar,2 BHK,1096.0,3.0,0.0,70.82,2,7081999.999999999,6461.678832116788
Super built-up  Area,Ready To Move,Malleshwaram,3 BHK,2095.65,4.0,1.0,187.99,3,18799000.0,8970.48648390714
Built-up  Area,Ready To Move,Dodballapur Road Phase 2,5 BHK,3446.0,4.0,2.0,314.77,5,31477000.0,9134.358676726639
Built-up  Area,Ready To Move,Hebbal,2 BHK,1011.0,3.0,0.0,68.01,2,6801000.000000001,6727.002967359052
Super built-up  Area,Ready To Move,Marathahalli,2 BHK,1388.0,1.0,2.0,88.48,2,8848000.0,6374.639769452449
Super built-up  Area,Ready To Move,Jp Nagar,2 BHK,1113.0,2.0,1.0,73.21,2,7320999.999999999,6577.717879604671
Built-up  Area,Ready To Move,Jp Nagar,1 BHK,604.0,1.0,0.0,39.38,1,3938000.0000000005,6519.867549668875
Carpet  Area,Ready To Move,Yelenahalli Township,1 BHK,454.8,1.0,0.0,18.43,1,1843000.0,4052.3306948109057
Plot  Area,Ready To Move,Yelahanka,2 BHK,792.0,1.0,1.0,29.88,2,2988000.0,3772.7272727272725
Super built-up  Area,Ready To Move,Electronic City,5 BHK,2915.0,6.0,2.0,145.98,5,14597999.999999998,5007.890222984562
Plot  Area,Ready To Move,Yelahanka,2 BHK,933.26,2.0,2.0,38.74,2,3874000.0,4151.040438891628
Super built-up  Area,Ready To Move,Varthur,3 BHK,1752.0,2.0,1.0,64.49,3,6448999.999999999,3680.9360730593603
Built-up  Area,Ready To Move,Banashankari,3 Bedroom,2068.0,2.0,2.0,147.21,3,14721000.0,7118.471953578337
Super built-up  Area,Ready To Move,Ramamurthy Nagar Extension,3 Bedroom,1680.5,4.0,3.0,54.75,3,5475000.0,3257.958940791431
Super built-up  Area,19-Mar,Ambalipura Extension,3 Bedroom,1987.41,3.0,1.0,111.7,3,11170000.0,5620.380293950418
Super built-up  Area,Ready To Move,Kalyan Nagar Phase 1,1 BHK,734.57,2.0,2.0,71.83,1,7183000.0,9778.509876526403
Super built-up  Area,19-Mar,Btm Layout,3 BHK,1742.4,2.0,0.0,114.84,3,11484000.0,6590.909090909091
Super built-up  Area,Ready To Move,Domlur,4 BHK,2137.818179,4.0,1.0,224.03,4,22403000.0,10479.375757988631
Built-up  Area,Ready To Move,Rajaji Nagar,3 BHK,2018.85,3.0,2.0,172.94,3,17294000.0,8566.262971493672
Super built-up  Area,Ready To Move,Kr Puram,3 BHK,2192.0,3.0,1.0,114.71,3,11471000.0,5233.120437956204
Built-up  Area,Ready To Move,Vijayanagar,2 BHK,969.21,1.0,0.0,49.08,2,4908000.0,5063.918036338874
Super built-up  Area,Ready To Move,Btm Layout,2 Bedroom,1040.5,3.0,1.0,81.78,2,8178000.0,7859.682844786161
Super built-up  Area,Ready To Move,Electronic City,3 BHK,1742.4,3.0,0.0,69.91,3,6991000.0,4012.2819100091824
Built-up  Area,18-Nov,Bellandur,2 BHK,1126.49,2.0,1.0,77.24,2,7723999.999999999,6856.696464238475
Super built-up  Area,Ready To Move,Varthur,2 Bedroom,962.0,1.0,0.0,46.23,2,4623000.0,4805.613305613306
Built-up  Area,Ready To Move,Bannerghatta Road,4 BHK,2121.0,4.0,0.0,95.34,4,9534000.0,4495.049504950495
Plot  Area,18-Nov,Cv Raman Nagar,3 BHK,1448.14,3.0,2.0,109.85,3,10985000.0,7585.592553206181
Plot  Area,Ready To Move,Kengeri,2 BHK,976.0,2.0,1.0,36.98,2,3697999.9999999995,3788.9344262295076
Super built-up  Area,18-Nov,Hebbal,2 BHK,1219.0,1.0,1.0,91.37,2,9137000.0,7495.488105004101
Super built-up  Area,Ready To Move,Ambalipura Phase 2,3 BHK,1889.37,3.0,0.0,208.58,3,20858000.0,11039.658722219576
Super built-up  Area,Ready To Move,Varthur,2 Bedroom,1213.1,1.0,2.0,55.55,2,5555000.0,4579.177314318688
Built-up  Area,Ready To Move,Nagarbhavi Extension,2 Bedroom,1199.0,3.0,3.0,104.84,2,10484000.0,8743.95329441201
Super built-up  Area,Ready To Move,Yeshwanthpur,3 Bedroom,1742.4,3.0,1.0,115.55,3,11555000.0,6631.657483930211
Super built-up  Area,Ready To Move,Vidyaranyapura Phase 2,2 BHK,1317.69,1.0,0.0,129.29,2,12929000.0,9811.867738238887
Super built-up  Area,Ready To Move,Btm Layout,2 BHK,1103.0,1.0,1.0,77.27,2,7727000.0,7005.43970988214
Super built-up  Area,Ready To Move,Yeshwanthpur,3 BHK,2096.0,3.0,0.0,153.99,3,15399000.0,7346.8511450381675
Super built-up  Area,Ready To Move,Kumaraswamy Layout Stage 2,4 Bedroom,2699.99,4.0,3.0,212.99,4,21299000.0,7888.5477353619835
Super built-up  Area,Ready To Move,Rajaji Nagar,1 BHK,440.0,1.0,0.0,41.14,1,4114000.0,9350.0
Carpet  Area,Ready To Move,Kanakapura Road,3 BHK,1496.99,3.0,0.0,64.66,3,6466000.0,4319.334130488513
Super built-up  Area,Ready To Move,Hebbal,1 BHK,555.0,1.0,2.0,34.85,1,3485000.0,6279.279279279279
Super built-up  Area,Ready To Move,Electronic City,2 BHK,1009.0,2.0,3.0,43.76,2,4376000.0,4336.967294350842
Super built-up  Area,Ready To Move,Btm Layout,2 BHK,1344.1958319999999,2.0,2.0,88.85,2,8885000.0,6609.899977728841
Carpet  Area,Ready To Move,Banashankari,2 BHK,1325.74,3.0,0.0,73.65,2,7365000.000000001,5555.387934285758
Super built-up  Area,Ready To Move,Kaggadasapura Cross,3 BHK,1497.0,3.0,3.0,108.62,3,10862000.0,7255.845023380093
Built-up  Area,Ready To Move,Koramangala,3 Bedroom,1763.5,3.0,3.0,219.79,3,21979000.0,12463.283243549758
Plot  Area,Ready To Move,Attibele Phase 2,4 Bedroom,2039.0,3.0,2.0,193.07,4,19307000.0,9468.857282981853
Super built-up  Area,Ready To Move,Kanakapura Road,2 BHK,1201.54,3.0,2.0,58.4,2,5840000.0,4860.429115967841
Super built-up  Area,Ready To Move,Kaggadasapura Block,4 BHK,2519.0,4.0,3.0,164.18,4,16418000.0,6517.665740373164
Built-up  Area,18-Nov,Btm Layout,3 Bedroom,1546.0,3.0,3.0,115.59,3,11559000.0,7476.714100905563
Carpet  Area,Ready To Move,Vijayanagar,2 BHK,1152.0,2.0,2.0,62.99,2,6299000.0,5467.881944444444
Built-up  Area,Ready To Move,Koramangala,1 BHK,534.0,1.0,2.0,53.91,1,5391000.0,10095.505617977527
Super built-up  Area,19-May,Hennur,4 BHK,2336.5,4.0,2.0,122.68,4,12268000.0,5250.588487053285
Super built-up  Area,Ready To Move,Sarjapur Road,3 BHK,1896.5,4.0,1.0,91.9,3,9190000.0,4845.768520959663
Built-up  Area,Ready To Move,Jp Nagar,3 BHK,1496.0,3.0,1.0,105.89,3,10589000.0,7078.208556149732
Carpet  Area,Ready To Move,Munnekollal Extension,2 Bedroom,1349.3,3.0,0.0,54.81,2,5481000.0,4062.1062773289855
Super built-up  Area,Ready To Move,Uttarahalli,3 BHK,1287.0,2.0,3.0,49.08,3,4908000.0,3813.5198135198134
Super built-up  Area,Ready To Move,Vijayanagar,3 BHK,1618.0,3.0,0.0,82.75,3,8275000.0,5114.338689740421
Plot  Area,18-Nov,Marathahalli,3 BHK,1514.82,4.0,3.0,80.02,3,8002000.0,5282.475805706289
Built-up  Area,Ready To Move,Yelenahalli Enclave,2 BHK,1316.0,1.0,0.0,87.71,2,8771000.0,6664.893617021276
Built-up  Area,18-Nov,Harlur Colony,2 BHK,886.7,3.0,2.0,74.61,2,7461000.0,8414.345325363707
Super built-up  Area,Ready To Move,Hennur,1 Bedroom,659.0,1.0,3.0,43.83,1,4383000.0,6650.986342943855
Built-up  Area,Ready To Move,Sarjapur Road,2 BHK,831.0,3.0,0.0,48.12,2,4812000.0,5790.613718411552
Plot  Area,19-May,Marathahalli,2 Bedroom,1074.0,1.0,3.0,81.26,2,8126000.000000001,7566.108007448791
Super built-up  Area,Ready To Move,Marathahalli,2 BHK,1010.0,2.0,1.0,55.96,2,5596000.0,5540.59405940594
Built-up  Area,Ready To Move,Basavanagudi,2 Bedroom,1430.22,2.0,1.0,139.85,2,13985000.0,9778.215938806617
Super built-up  Area,18-Jun,Kr Puram,1 BHK,456.77,1.0,1.0,22.06,1,2206000.0,4829.564113229853
Super built-up  Area,Ready To Move,Cv Raman Nagar,3 Bedroom,2054.19,4.0,2.0,157.66,3,15766000.0,7675.044664807053
Super built-up  Area,Ready To Move,Kanakapura Road,1 BHK,664.29,1.0,1.0,27.57,1,2757000.0,4150.295804543197
Carpet  Area,Ready To Move,Yelenahalli Layout,3 BHK,1431.0,4.0,1.0,84.73,3,8473000.0,5921.034241788959
Built-up  Area,Ready To Move,Bellandur,2 BHK,1188.21,1.0,1.0,74.72,2,7472000.0,6288.450694742512
Built-up  Area,Ready To Move,Electronic City,5 BHK,3490.12,6.0,1.0,135.32,5,13532000.0,3877.2305823295474
Built-up  Area,Ready To Move,Koramangala,2 BHK,1110.78,2.0,1.0,151.52,2,15152000.000000002,13640.864977763376
Super built-up  Area,19-Aug,Kr Puram,3 BHK,1350.36,3.0,3.0,60.73,3,6073000.0,4497.319233389615
Built-up  Area,Ready To Move,Yelenahalli Township,2 BHK,978.0,3.0,1.0,35.7,2,3570000.0000000005,3650.3067484662583
Super built-up  Area,Ready To Move,Indiranagar,1 BHK,596.0,1.0,1.0,74.26,1,7426000.000000001,12459.731543624162
Built-up  Area,Ready To Move,Rajaji Nagar,2 BHK,1292.0,2.0,3.0,113.45,2,11345000.0,8780.959752321982
Super built-up  Area,Ready To Move,Jayanagar,2 BHK,1241.79,2.0,1.0,126.09,2,12609000.0,10153.890754475395
Super built-up  Area,Ready To Move,Dodballapur Road Phase 2,4 Bedroom,2712.0,3.0,1.0,235.96,4,23596000.0,8700.589970501474
Super built-up  Area,Ready To Move,Hennur,2 BHK,911.0,2.0,2.0,56.32,2,5632000.0,6182.217343578485
Carpet  Area,18-Nov,Talaghattapura Stage 2,3 BHK,1417.5,4.0,0.0,168.75,3,16875000.0,11904.761904761905
Built-up  Area,Ready To Move,Jayanagar,5 BHK,3608.0,5.0,2.0,379.23,5,37923000.0,10510.809312638581
Built-up  Area,19-Aug,Kengeri,1 BHK,462.0,1.0,2.0,19.38,1,1938000.0,4194.805194805195
Super built-up  Area,19-Mar,Banashankari,1 BHK,773.1899999999999,2.0,2.0,53.15,1,5315000.0,6874.118909970383
Built-up  Area,Ready To Move,Sathanur Extension,2 Bedroom,829.73,1.0,1.0,36.55,2,3654999.9999999995,4405.0474250659845
Built-up  Area,Ready To Move,Singasandra Extension,3 BHK,1910.0,3.0,2.0,155.05,3,15505000.000000002,8117.80104712042
Super built-up  Area,Ready To Move,Jp Nagar,2 BHK,1236.44,3.0,2.0,97.36,2,9736000.0,7874.219533499401
Super built-up  Area,Ready To Move,Hsr Layout,4 BHK,2043.0,3.0,2.0,175.78,4,17578000.0,8604.013705335292
Super built-up  Area,Ready To Move,Rajaji Nagar,3 BHK,1440.0,3.0,3.0,124.26,3,12426000.0,8629.166666666666
Super built-up  Area,Ready To Move,Indiranagar,5 Bedroom,2763.08,5.0,0.0,281.22,5,28122000.000000004,10177.77263054273
Super built-up  Area,Ready To Move,Hennur,2 BHK,1106.0,3.0,1.0,54.64,2,5464000.0,4940.325497287523
Built-up  Area,Ready To Move,Varthur,2 BHK,1335.0,3.0,3.0,56.61,2,5661000.0,4240.449438202248
Super built-up  Area,Ready To Move,Rajaji Nagar,2 BHK,990.0,1.0,1.0,88.81,2,8881000.0,8970.70707070707
Super built-up  Area,18-Nov,Btm Layout,4 BHK,1980.73,4.0,1.0,160.69,4,16069000.0,8112.66553240472
Super built-up  Area,18-Dec,Domlur,3 BHK,1809.0,2.0,3.0,207.25,3,20725000.0,11456.605859590934
Super built-up  Area,Ready To Move,Bellandur,2 Bedroom,1001.88,3.0,3.0,58.73,2,5873000.0,5861.979478580269
Super built-up  Area,Ready To Move,Devanahalli Nagar,2 BHK,1423.0,2.0,1.0,86.36,2,8636000.0,6068.868587491215
Super built-up  Area,Ready To Move,Gunjur Gardens,5 BHK,3309.0,5.0,2.0,102.04,5,10204000.0,3083.7110909640373
Super built-up  Area,Ready To Move,Kaggadasapura Block,2 BHK,1306.8,2.0,3.0,91.42,2,9142000.0,6995.714722987451
Super built-up  Area,Ready To Move,Basavanagudi,2 Bedroom,1399.85,1.0,2.0,129.69,2,12969000.0,9264.564060435046
Super built-up  Area,Ready To Move,Bellandur,5 BHK,2926.0,5.0,1.0,180.71,5,18071000.0,6176.008202323992
Super built-up  Area,18-Nov,Koramangala,3 BHK,1601.0,2.0,0.0,197.99,3,19799000.0,12366.645846346033
Super built-up  Area,Ready To Move,Kr Puram,3 BHK,1871.0,3.0,0.0,74.14,3,7414000.0,3962.5868519508285
Super built-up  Area,19-May,Ramamurthy Nagar Cross,3 BHK,1624.0,4.0,2.0,103.14,3,10314000.0,6350.985221674877
Built-up  Area,Ready To Move,Hsr Layout,4 Bedroom,2613.6,3.0,0.0,220.1,4,22010000.0,8421.334557698194
Built-up  Area,Ready To Move,Kr Puram,2 BHK,1148.5,3.0,0.0,50.3,2,5030000.0,4379.625598606878
Plot  Area,Ready To Move,Bannerghatta Road,2 BHK,1003.0,3.0,2.0,49.07,2,4907000.0,4892.323030907278
Built-up  Area,Ready To Move,Chandapura Extension,2 BHK,1254.0,1.0,1.0,146.23,2,14622999.999999998,11661.08452950558
Super built-up  Area,Ready To Move,Anekal Stage 2,4 BHK,2467.0,4.0,0.0,135.6,4,13560000.0,5496.554519659506
Built-up  Area,Ready To Move,Uttarahalli,1 BHK,475.0,1.0,1.0,22.1,1,2210000.0,4652.631578947368
Carpet  Area,Ready To Move,Talaghattapura Main Road,2 BHK,927.828,1.0,3.0,60.62,2,6062000.0,6533.538543781822
Built-up  Area,Ready To Move,Jayanagar,3 BHK,2003.76,3.0,1.0,173.59,3,17359000.0,8663.21315926059
Built-up  Area,Ready To Move,Kr Puram,4 Bedroom,2727.0,4.0,0.0,116.97,4,11697000.0,4289.32893289329
Built-up  Area,Ready To Move,Cv Raman Nagar,2 BHK,964.0,2.0,3.0,64.44,2,6444000.0,6684.647302904565
Built-up  Area,19-Mar,Marathahalli,2 BHK,1260.0,1.0,2.0,81.73,2,8173000.0,6486.507936507936
Super built-up  Area,Ready To Move,Horamavu Block,2 BHK,1137.32,2.0,0.0,127.65,2,12765000.0,11223.75408855907
Super built-up  Area,Ready To Move,Sompura Main Road,4 Bedroom,2869.0,4.0,1.0,175.81,4,17581000.0,6127.919135587313
Super built-up  Area,Ready To Move,Malleshwaram,4 BHK,2691.5,4.0,3.0,272.45,4,27245000.0,10122.60821103474
Carpet  Area,Ready To Move,Hsr Layout,3 BHK,1269.51,4.0,1.0,89.11,3,8911000.0,7019.243645185938
Built-up  Area,Ready To Move,Dodballapur Road Phase 1,3 BHK,1433.0,2.0,1.0,54.46,3,5446000.0,3800.4187020237264
Carpet  Area,19-Mar,Uttarahalli,3 Bedroom,1611.0,3.0,2.0,68.15,3,6815000.000000001,4230.291744258226
Built-up  Area,Ready To Move,Sarjapur Stage 2,3 BHK,2020.91,2.0,3.0,147.39,3,14738999.999999998,7293.249080859611
Super built-up  Area,Ready To Move,Domlur,1 Bedroom,871.2,1.0,3.0,76.94,1,7694000.0,8831.49678604224
Super built-up  Area,Ready To Move,Kanakapura Road,3 BHK,1398.276,2.0,1.0,68.35,3,6834999.999999999,4888.162279836026
Super built-up  Area,Ready To Move,Bellandur,2 BHK,1050.0,3.0,1.0,74.14,2,7414000.0,7060.952380952381
Carpet  Area,Ready To Move,Electronic City,2 BHK,1188.0,1.0,1.0,46.76,2,4676000.0,3936.026936026936
Plot  Area,18-Dec,Yelenahalli Extension,3 BHK,1372.13,4.0,0.0,71.71,3,7170999.999999999,5226.181192744127
Super built-up  Area,Ready To Move,Bellandur,2 BHK,1272.62,1.0,2.0,88.71,2,8871000.0,6970.658955540539
Built-up  Area,Ready To Move,Hennur,3 Bedroom,1338.0,3.0,0.0,74.81,3,7481000.0,5591.18086696562
Built-up  Area,Ready To Move,Electronic City,3 BHK,1408.0,4.0,0.0,56.24,3,5624000.0,3994.318181818182
Plot  Area,Ready To Move,Whitefield,2 BHK,984.0,1.0,1.0,51.81,2,5181000.0,5265.243902439024
Plot  Area,Ready To Move,Harlur Colony,3 BHK,1968.5,3.0,0.0,171.68,3,17168000.0,8721.361442722886
Plot  Area,Ready To Move,Attibele Cross,2 BHK,1068.5,2.0,2.0,41.47,2,4147000.0,3881.141787552644
Built-up  Area,Ready To Move,Kengeri,2 Bedroom,1332.0,1.0,0.0,43.29,2,4329000.0,3250.0
Plot  Area,19-May,Gunjur Gardens,4 BHK,2870.0,4.0,2.0,102.74,4,10274000.0,3579.7909407665506
Carpet  Area,Ready To Move,Btm Layout,2 BHK,1136.0,1.0,3.0,69.86,2,6986000.0,6149.647887323944
Carpet  Area,Ready To Move,Yelahanka,1 BHK,531.0,1.0,3.0,27.27,1,2727000.0,5135.593220338983
Super built-up  Area,Ready To Move,Yelahanka,1 BHK,576.0,1.0,0.0,25.88,1,2588000.0,4493.055555555556
Plot  Area,Ready To Move,Doddakannelli Gardens,3 BHK,1847.0,2.0,1.0,89.42,3,8942000.0,4841.3643746616135
Plot  Area,Ready To Move,Kengeri,4 BHK,2765.5,3.0,2.0,111.46,4,11146000.0,4030.3742542035798
Carpet  Area,Ready To Move,Uttarahalli,4 BHK,2248.88,5.0,1.0,86.94,4,8694000.0,3865.9243712425737
Plot  Area,Ready To Move,Yelahanka,4 BHK,2967.0,3.0,1.0,147.1,4,14710000.0,4957.869902258173
Super built-up  Area,19-May,Dodballapur Road Phase 1,3 BHK,1903.5720000000001,4.0,0.0,59.83,3,5983000.0,3143.03845612354
Super built-up  Area,Ready To Move,Jalahalli Block,1 Bedroom,534.5,2.0,1.0,35.99,1,3599000.0,6733.395696913003
Super built-up  Area,19-May,Nagarbhavi Gardens,1 BHK,605.484,1.0,1.0,58.37,1,5837000.0,9640.221706931974
Built-up  Area,19-May,Basavanagudi,3 Bedroom,2081.0,2.0,0.0,186.45,3,18645000.0,8959.634790965882
Built-up  Area,Ready To Move,Uttarahalli,2 BHK,1130.0,2.0,3.0,53.91,2,5391000.0,4770.796460176991
Built-up  Area,Ready To Move,Varthur,1 BHK,584.0,1.0,2.0,24.95,1,2495000.0,4272.260273972603
Carpet  Area,Ready To Move,Kr Puram,2 BHK,1412.0,2.0,2.0,54.56,2,5456000.0,3864.0226628895184
Plot  Area,18-Nov,Kengeri,3 BHK,1987.0,3.0,2.0,76.3,3,7630000.0,3839.959738298943
Built-up  Area,19-May,Kr Puram,6 BHK,3574.0,6.0,0.0,162.94,6,16294000.0,4559.037493005037
Super built-up  Area,19-May,Whitefield,3 BHK,1899.0,3.0,2.0,108.07,3,10807000.0,5690.889942074777
Carpet  Area,Ready To Move,Vidyaranyapura Phase 2,2 BHK,1300.0,2.0,2.0,136.71,2,13671000.0,10516.153846153846
Super built-up  Area,Ready To Move,Electronic City,2 Bedroom,1386.0,2.0,3.0,60.2,2,6020000.0,4343.434343434344
Super built-up  Area,Ready To Move,Sonnenahalli Block,2 BHK,979.0,2.0,1.0,71.32,2,7131999.999999999,7284.984678243104
Super built-up  Area,Ready To Move,Kengeri,2 BHK,861.99,2.0,2.0,35.78,2,3578000.0,4150.860218796041
Super built-up  Area,Ready To Move,Indiranagar,1 BHK,729.0,1.0,1.0,69.1,1,6909999.999999999,9478.737997256514
Super built-up  Area,Ready To Move,Kr Puram,2 BHK,986.0,3.0,2.0,51.02,2,5102000.0,5174.4421906693715
Super built-up  Area,18-Dec,Devanahalli Nagar,3 BHK,1482.0,4.0,0.0,98.8,3,9880000.0,6666.666666666667
Super built-up  Area,Ready To Move,Yeshwanthpur,4 BHK,2140.0,5.0,1.0,120.82,4,12082000.0,5645.794392523365
Built-up  Area,Ready To Move,Malleshwaram,2 BHK,1047.0,2.0,2.0,126.67,2,12667000.0,12098.376313276027
Built-up  Area,18-Dec,Other,2 Bedroom,1197.06,1.0,1.0,60.23,2,6023000.0,5031.493826541694
Super built-up  Area,Ready To Move,Rajaji Nagar,1 BHK,527.0,1.0,1.0,45.74,1,4574000.0,8679.316888045541
Built-up  Area,Ready To Move,Haralur Road Block,3 BHK,2035.0,3.0,1.0,219.77,3,21977000.0,10799.5085995086
Carpet  Area,Ready To Move,Jayanagar,3 Bedroom,1825.0,4.0,2.0,182.84,3,18284000.0,10018.630136986301
Built-up  Area,Ready To Move,Hennur,2 BHK,1317.0,3.0,1.0,70.56,2,7056000.0,5357.630979498861
Super built-up  Area,Ready To Move,Kr Puram,3 BHK,1631.0,3.0,0.0,71.56,3,7156000.0,4387.49233599019
Built-up  Area,Ready To Move,Basavanagudi,2 Bedroom,1345.0,2.0,2.0,127.7,2,12770000.0,9494.423791821562
Plot  Area,19-May,Sarjapur Road,1 BHK,559.0,1.0,0.0,33.94,1,3394000.0,6071.556350626118
Super built-up  Area,Ready To Move,Haralur Road Block,2 Bedroom,1274.1299999999999,2.0,3.0,126.18,2,12618000.0,9903.228085046268
Built-up  Area,Ready To Move,Bellandur,2 Bedroom,960.0,3.0,0.0,53.11,2,5311000.0,5532.291666666667
Built-up  Area,Ready To Move,Jalahalli Block,3 BHK,2121.0,4.0,0.0,135.39,3,13538999.999999998,6383.309759547383
Built-up  Area,Ready To Move,Yelahanka,3 Bedroom,1280.0,2.0,1.0,59.25,3,5925000.0,4628.90625
Super built-up  Area,19-Aug,Nagavara Phase 2,2 BHK,763.7,2.0,0.0,49.2,2,4920000.0,6442.320282833573
Super built-up  Area,Ready To Move,Banashankari,2 BHK,1336.015268,3.0,3.0,61.39,2,6139000.0,4595.007367834961
Super built-up  Area,Ready To Move,Koramangala,3 Bedroom,1336.0,4.0,3.0,167.27,3,16727000.000000002,12520.209580838326
Carpet  Area,Ready To Move,Yelahanka,5 BHK,2699.58612,5.0,1.0,138.7,5,13869999.999999998,5137.824608462573
Built-up  Area,19-Mar,Electronic City,4 BHK,2870.0,4.0,1.0,137.2,4,13719999.999999998,4780.487804878048
Super built-up  Area,19-Mar,Hsr Layout,2 BHK,1256.0,2.0,0.0,94.11,2,9411000.0,7492.834394904458
Super built-up  Area,Ready To Move,Nagavara Phase 1,3 BHK,2117.0,4.0,1.0,148.98,3,14897999.999999998,7037.316957959376
Super built-up  Area,Ready To Move,Mahadevapura Phase 2,3 BHK,2112.0,2.0,1.0,92.38,3,9238000.0,4374.05303030303
Super built-up  Area,18-Nov,Jalahalli Block,3 BHK,2012.0,2.0,1.0,141.73,3,14172999.999999998,7044.2345924453275
Built-up  Area,Ready To Move,Koramangala,2 BHK,1219.68,2.0,2.0,149.94,2,14994000.0,12293.388429752065
Carpet  Area,Ready To Move,Uttarahalli,4 BHK,2201.5,4.0,1.0,87.32,4,8732000.0,3966.3865546218485
Super built-up  Area,19-May,Doddakannelli Gardens,3 BHK,1768.0,2.0,2.0,83.53,3,8353000.0,4724.5475113122175
Super built-up  Area,Ready To Move,Chikkabanavara Enclave,5 BHK,3518.0,4.0,1.0,296.91,5,29691000.000000004,8439.738487777147
Super built-up  Area,19-Mar,Indiranagar,1 BHK,706.0,2.0,2.0,77.46,1,7745999.999999999,10971.671388101982
Super built-up  Area,19-Mar,Btm Layout,3 Bedroom,1820.808,3.0,2.0,118.73,3,11873000.0,6520.731455485697
Super built-up  Area,Ready To Move,Ambalipura Extension,2 BHK,1264.0,3.0,0.0,75.75,2,7575000.0,5992.879746835443
Super built-up  Area,18-Jun,Vasanthapura Phase 1,3 BHK,1806.0,3.0,1.0,154.15,3,15415000.0,8535.437430786267
Super built-up  Area,19-May,Indiranagar,3 BHK,1899.0,3.0,1.0,205.44,3,20544000.0,10818.325434439179
Carpet  Area,Ready To Move,Nagavara Main Road,4 Bedroom,2788.5,5.0,0.0,112.85,4,11285000.0,4046.9786623632776
Plot  Area,18-Jun,Hennur,2 BHK,1039.41,2.0,1.0,54.21,2,5421000.0,5215.458769879066
Carpet  Area,Ready To Move,Electronic City,2 BHK,1052.0,2.0,2.0,39.01,2,3901000.0,3708.174904942966
Super built-up  Area,Ready To Move,Subramanyapura Gardens,1 BHK,644.0,2.0,0.0,48.97,1,4897000.0,7604.037267080746
Super built-up  Area,19-Mar,Nagavara Phase 1,3 Bedroom,1652.0,3.0,3.0,104.68,3,10468000.0,6336.5617433414045
Built-up  Area,18-Jun,Kengeri,2 BHK,1083.0,2.0,2.0,45.32,2,4532000.0,4184.672206832872
Super built-up  Area,Ready To Move,Yelahanka,3 Bedroom,1308.16,2.0,3.0,62.51,3,6251000.0,4778.467465753424
Carpet  Area,Ready To Move,Hennur,2 BHK,1367.0,2.0,1.0,82.23,2,8223000.0,6015.362106803219
Super built-up  Area,Ready To Move,Basavanagudi,1 Bedroom,522.1,1.0,0.0,47.78,1,4778000.0,9151.503543382494
Built-up  Area,Ready To Move,Thanisandra Phase 1,5 BHK,3571.9199999999996,5.0,0.0,130.49,5,13049000.0,3653.21731729714
Built-up  Area,Ready To Move,Varthur,4 BHK,2202.0,5.0,2.0,103.28,4,10328000.0,4690.281562216167
Built-up  Area,Ready To Move,Koramangala,3 BHK,1446.5,2.0,0.0,148.45,3,14844999.999999998,10262.703076391288
Plot  Area,Ready To Move,Vasanthapura Extension,1 BHK,581.0,1.0,0.0,51.78,1,5178000.0,8912.220309810671
Super built-up  Area,Ready To Move,Kaggadasapura Block,4 BHK,1875.0,5.0,1.0,121.98,4,12198000.0,6505.6
Super built-up  Area,18-Nov,Yelenahalli Enclave,3 BHK,1568.18,3.0,2.0,121.99,3,12199000.0,7779.081482993023
Built-up  Area,Ready To Move,Dodballapur Road Phase 1,3 Bedroom,2086.0,3.0,1.0,67.45,3,6745000.0,3233.4611697027804
Plot  Area,Ready To Move,Whitefield,4 Bedroom,2715.0,4.0,3.0,160.01,4,16001000.0,5893.5543278084715
Built-up  Area,18-Jun,Harlur Colony,2 BHK,1319.32,3.0,0.0,138.27,2,13827000.000000002,10480.398993420855
Super built-up  Area,Ready To Move,Horamavu Stage 2,3 BHK,2088.57,3.0,1.0,197.54,3,19754000.0,9458.146004203832
Super built-up  Area,18-Nov,Kr Puram,2 BHK,1014.9480000000001,2.0,2.0,47.28,2,4728000.0,4658.366734059281
Carpet  Area,Ready To Move,Rajaji Nagar,3 BHK,1434.0,4.0,2.0,118.49,3,11849000.0,8262.900976290097
Plot  Area,19-May,Koramangala,3 BHK,1740.5,2.0,2.0,232.56,3,23256000.0,13361.677678827922
Super built-up  Area,Ready To Move,Marathahalli,2 BHK,1108.0,2.0,2.0,67.42,2,6742000.0,6084.837545126354
Built-up  Area,Ready To Move,Dodballapur Road Phase 1,2 BHK,1049.0,2.0,0.0,42.73,2,4273000.0,4073.403241182078
Carpet  Area,18-Jun,Indiranagar,2 BHK,1273.0,3.0,1.0,120.05,2,12005000.0,9430.479183032206
Built-up  Area,Ready To Move,Banashankari,2 BHK,951.0,3.0,0.0,48.74,2,4874000.0,5125.131440588854
Super built-up  Area,Ready To Move,Bellandur,2 BHK,868.75,3.0,3.0,58.18,2,5818000.0,6696.978417266187
Plot  Area,18-Nov,Horamavu Nagar,3 BHK,1731.0,4.0,1.0,81.89,3,8189000.0,4730.791450028885
Carpet  Area,Ready To Move,Basavanagudi,2 BHK,1135.0,2.0,3.0,105.22,2,10522000.0,9270.484581497798
Super built-up  Area,Ready To Move,Electronic City,2 BHK,932.0,2.0,1.0,43.23,2,4323000.0,4638.412017167382
Super built-up  Area,Ready To Move,Koramangala,3 BHK,1690.0,3.0,1.0,165.14,3,16513999.999999998,9771.597633136094
Super built-up  Area,Ready To Move,Gunjur Gardens,4 BHK,2177.0,5.0,0.0,65.8,4,6580000.0,3022.508038585209
Carpet  Area,18-Nov,Mahadevapura Stage 2,4 BHK,2322.0,4.0,1.0,239.05,4,23905000.0,10295.004306632214
Super built-up  Area,Ready To Move,Rt Nagar,3 BHK,1894.11,3.0,2.0,119.98,3,11998000.0,6334.373399644161
Super built-up  Area,Ready To Move,Jp Nagar,3 BHK,1942.776,3.0,0.0,142.61,3,14261000.000000002,7340.527163193287
Super built-up  Area,Ready To Move,Kanakapura Road,3 BHK,1776.0,3.0,2.0,89.75,3,8975000.0,5053.490990990991
Super built-up  Area,Ready To Move,Pattandur Agrahara Layout,3 BHK,2047.0,3.0,2.0,95.78,3,9578000.0,4679.042501221299
Built-up  Area,18-Dec,Ambalipura Phase 2,1 BHK,507.5,1.0,3.0,63.61,1,6361000.0,12533.990147783252
Super built-up  Area,19-Mar,Hebbal,2 BHK,948.0,1.0,3.0,71.36,2,7136000.0,7527.426160337553
Plot  Area,Ready To Move,Gunjur Nagar,3 Bedroom,1533.0,3.0,0.0,84.59,3,8459000.0,5517.938682322244
Super built-up  Area,19-Aug,Other,2 Bedroom,955.5,2.0,2.0,89.19,2,8919000.0,9334.379905808477
Built-up  Area,Ready To Move,Koramangala,2 BHK,1224.8,2.0,3.0,164.24,2,16424000.0,13409.53625081646
Plot  Area,Ready To Move,Sarjapur Road,3 BHK,2062.0,3.0,2.0,115.26,3,11526000.0,5589.718719689622
Carpet  Area,Ready To Move,Kr Puram,1 BHK,745.0,1.0,3.0,36.43,1,3643000.0,4889.932885906041
Super built-up  Area,Ready To Move,Vijayanagar,3 BHK,1484.0,3.0,2.0,98.77,3,9877000.0,6655.66037735849
Super built-up  Area,19-Aug,Sarjapur Road,2 BHK,930.0,3.0,1.0,52.07,2,5207000.0,5598.924731182796
Carpet  Area,Ready To Move,Kaggadasapura Layout,3 BHK,2085.0,4.0,0.0,83.93,3,8393000.0,4025.419664268585
Built-up  Area,18-Dec,Electronic City,1 BHK,570.14,1.0,1.0,23.47,1,2347000.0,4116.532781422107
Built-up  Area,19-Mar,Indiranagar,3 Bedroom,1605.71,4.0,2.0,170.21,3,17021000.0,10600.295196517429
Super built-up  Area,Ready To Move,Dodballapur Road Phase 1,3 BHK,2148.0,3.0,0.0,72.29,3,7229000.000000001,3365.4562383612665
Built-up  Area,Ready To Move,Hebbal,2 BHK,1067.0,2.0,2.0,83.53,2,8353000.0,7828.491096532333
Super built-up  Area,Ready To Move,Btm Layout,1 BHK,472.0,1.0,2.0,34.48,1,3447999.9999999995,7305.084745762711
Super built-up  Area,Ready To Move,Rt Nagar,2 BHK,1124.3925,2.0,0.0,59.18,2,5918000.0,5263.286619218823
Super built-up  Area,Ready To Move,Bannerghatta Road,2 BHK,1236.0,2.0,1.0,63.65,2,6365000.0,5149.6763754045305
Super built-up  Area,Ready To Move,Chikkabanavara Enclave,2 BHK,1288.0,1.0,1.0,122.75,2,12275000.0,9530.27950310559
Super built-up  Area,Ready To Move,Whitefield,2 BHK,1334.0,2.0,3.0,89.46,2,8946000.0,6706.146926536731
Built-up  Area,Ready To Move,Marathahalli,2 BHK,1090.0,3.0,0.0,76.48,2,7648000.0,7016.51376146789
Carpet  Area,Ready To Move,Sathanur Gardens,4 BHK,2632.86,4.0,1.0,119.78,4,11978000.0,4549.425339744612
Super built-up  Area,Ready To Move,Malleshwaram,1 BHK,585.0,1.0,1.0,54.9,1,5490000.0,9384.615384615385
Built-up  Area,18-Jun,Kengeri,3 BHK,1579.59,3.0,2.0,50.7,3,5070000.0,3209.6936546825445
Super built-up  Area,18-Nov,Varthur,2 BHK,1099.0,1.0,2.0,48.7,2,4870000.0,4431.30118289354
Super built-up  Area,Ready To Move,Malleshwaram,2 BHK,1064.0,2.0,2.0,98.28,2,9828000.0,9236.842105263158
Super built-up  Area,Ready To Move,Marathahalli,2 BHK,901.0,2.0,3.0,45.44,2,4544000.0,5043.285238623751
Super built-up  Area,18-Dec,Kr Puram,2 BHK,1300.0,3.0,2.0,52.22,2,5222000.0,4016.923076923077
Super built-up  Area,Ready To Move,Electronic City,3 BHK,1901.61,3.0,2.0,82.49,3,8248999.999999999,4337.9031452295685
Carpet  Area,Ready To Move,Banashankari,3 Bedroom,1964.55,3.0,2.0,107.43,3,10743000.0,5468.427884248301
Carpet  Area,19-May,Marathahalli,3 BHK,1488.0,4.0,3.0,87.4,3,8740000.0,5873.655913978495
Super built-up  Area,Ready To Move,Whitefield,5 BHK,2789.12,5.0,3.0,197.66,5,19766000.0,7086.823083983479
Built-up  Area,Ready To Move,Banashankari,2 BHK,948.0,1.0,2.0,60.44,2,6044000.0,6375.527426160337
Super built-up  Area,Ready To Move,Hebbal,1 Bedroom,758.35,1.0,1.0,61.37,1,6137000.0,8092.569394079251
Super built-up  Area,Ready To Move,Sarjapur Road,4 BHK,2525.0,4.0,0.0,145.86,4,14586000.000000002,5776.633663366338
Built-up  Area,18-Dec,Kr Puram,1 BHK,598.95,1.0,2.0,28.77,1,2877000.0,4803.405960430753
Super built-up  Area,Ready To Move,Jayanagar,4 BHK,2176.0,4.0,0.0,196.5,4,19650000.0,9030.33088235294
Built-up  Area,Ready To Move,Varthur,3 BHK,2046.0,4.0,2.0,81.96,3,8195999.999999999,4005.865102639296
Carpet  Area,Ready To Move,Whitefield,3 BHK,1740.0,4.0,0.0,100.44,3,10044000.0,5772.413793103448
Built-up  Area,18-Nov,Haralur Road Block,2 BHK,1175.0,3.0,1.0,125.4,2,12540000.0,10672.340425531915
Super built-up  Area,Ready To Move,Ramamurthy Nagar Stage 2,3 BHK,2231.15,2.0,2.0,208.64,3,20864000.0,9351.231427739058
Super built-up  Area,Ready To Move,Hennur,4 BHK,2042.87,3.0,2.0,128.07,4,12807000.0,6269.1213831521345
Super built-up  Area,Ready To Move,Uttarahalli,5 BHK,3375.61,4.0,2.0,130.4,5,13040000.0,3863.0055012279263
Plot  Area,Ready To Move,Malleshwaram,2 BHK,1132.56,1.0,1.0,121.14,2,12114000.0,10696.122059758423
Super built-up  Area,19-Aug,Nagarbhavi Extension,1 Bedroom,580.64,1.0,0.0,49.1,1,4910000.0,8456.186277211353
Carpet  Area,Ready To Move,Banashankari,2 Bedroom,1261.67,2.0,3.0,86.79,2,8679000.0,6878.9778626740745
Super built-up  Area,Ready To Move,Jayanagar,6 BHK,3338.0,6.0,0.0,340.34,6,34034000.0,10195.92570401438
Super built-up  Area,18-Dec,Kanakapura Road,2 BHK,892.99,2.0,1.0,35.91,2,3590999.9999999995,4021.321627341851
Super built-up  Area,Ready To Move,Rajaji Nagar,2 BHK,1128.487276,2.0,0.0,111.22,2,11122000.0,9855.671602627799
Super built-up  Area,Ready To Move,Rt Nagar,3 BHK,1365.0,3.0,1.0,84.29,3,8429000.0,6175.091575091575
Built-up  Area,Ready To Move,Whitefield,3 BHK,2009.0,2.0,2.0,129.39,3,12938999.999999998,6440.517670482826
Super built-up  Area,Ready To Move,Nagavara Main Road,2 BHK,1359.0,2.0,0.0,49.85,2,4985000.0,3668.138337012509
Built-up  Area,19-Aug,Ambalipura Extension,3 BHK,1623.55,4.0,3.0,93.73,3,9373000.0,5773.1514274275505
Super built-up  Area,19-May,Rajaji Nagar,1 BHK,606.5,1.0,1.0,60.18,1,6018000.0,9922.506183017313
Super built-up  Area,Ready To Move,Kaggadasapura Block,1 Bedroom,718.0,1.0,1.0,48.88,1,4888000.0,6807.799442896936
Carpet  Area,Ready To Move,Kanakapura Road,2 BHK,1118.0,2.0,3.0,43.16,2,4316000.0,3860.4651162790697
Built-up  Area,Ready To Move,Varthur,2 BHK,1302.04,2.0,0.0,57.5,2,5750000.0,4416.146969371141
Super built-up  Area,Ready To Move,Domlur,2 BHK,961.58,2.0,2.0,116.16,2,11616000.0,12080.1181388964
Built-up  Area,19-May,Sarjapur Road,3 BHK,2140.5,3.0,0.0,99.36,3,9936000.0,4641.906096706377
Built-up  Area,Ready To Move,Hennur,3 BHK,1415.99,2.0,2.0,85.0,3,8500000.0,6002.867251887372
Super built-up  Area,Ready To Move,Akshaya Nagar Layout,1 BHK,454.0,1.0,0.0,40.98,1,4097999.9999999995,9026.431718061673
Super built-up  Area,Ready To Move,Gunjur Gardens,2 BHK,1058.0,2.0,2.0,39.91,2,3990999.9999999995,3772.2117202268428
Carpet  Area,Ready To Move,Haralur Road Block,2 BHK,950.0,2.0,1.0,104.86,2,10486000.0,11037.894736842105
Carpet  Area,Ready To Move,Vijayanagar,3 BHK,2089.0,4.0,3.0,117.58,3,11758000.0,5628.530397319291
Super built-up  Area,Ready To Move,Other,1 BHK,646.0,1.0,3.0,50.72,1,5072000.0,7851.393188854489
Super built-up  Area,Ready To Move,Anekal Stage 2,5 Bedroom,2658.74,6.0,1.0,120.82,5,12082000.0,4544.257806329314
Super built-up  Area,Ready To Move,Btm Layout,1 BHK,621.76,1.0,1.0,37.01,1,3701000.0,5952.457539886773
Super built-up  Area,19-May,Haralur Road Colony,3 Bedroom,1470.5,2.0,2.0,133.87,3,13387000.0,9103.706222373343
Super built-up  Area,Ready To Move,Hennur,2 BHK,1424.0,1.0,3.0,71.98,2,7198000.0,5054.775280898876
Super built-up  Area,Ready To Move,Malleshwaram,2 BHK,1250.88,3.0,2.0,123.32,2,12332000.0,9858.659503709388
Plot  Area,Ready To Move,Kaggadasapura Cross,2 Bedroom,1246.0,2.0,2.0,81.64,2,8164000.0,6552.166934189406
Super built-up  Area,19-Mar,Electronic City,2 Bedroom,1452.0,3.0,3.0,68.31,2,6831000.0,4704.545454545455
Super built-up  Area,19-May,Electronic City,4 Bedroom,1991.0,4.0,2.0,77.54,4,7754000.000000001,3894.5253641386244
Carpet  Area,Ready To Move,Anekal Phase 1,5 Bedroom,2801.0,6.0,3.0,263.83,5,26383000.0,9419.136022848983
Built-up  Area,Ready To Move,Yeshwanthpur,2 Bedroom,1360.0,2.0,2.0,93.35,2,9335000.0,6863.970588235294
Built-up  Area,Ready To Move,Btm Layout,3 Bedroom,1534.82,3.0,2.0,101.85,3,10185000.0,6635.957310955031
Built-up  Area,Ready To Move,Other,3 BHK,1908.0,3.0,2.0,158.34,3,15834000.0,8298.74213836478
Built-up  Area,Ready To Move,Btm Layout,3 BHK,1553.0,2.0,1.0,90.17,3,9017000.0,5806.181584030908
Super built-up  Area,Ready To Move,Hsr Layout,4 BHK,2462.0,4.0,3.0,215.82,4,21582000.0,8766.04386677498
Built-up  Area,Ready To Move,Ramamurthy Nagar Cross,4 BHK,2248.13,4.0,0.0,137.46,4,13746000.0,6114.415091653952
Super built-up  Area,Ready To Move,Frazer Town,2 BHK,829.5,3.0,2.0,80.59,2,8059000.0,9715.491259795057
Built-up  Area,Ready To Move,Nagarbhavi Colony,5 BHK,2656.0,5.0,3.0,127.89,5,12789000.0,4815.135542168675
Built-up  Area,Ready To Move,Koramangala,3 BHK,2148.84,3.0,3.0,250.88,3,25088000.0,11675.136352636771
Super built-up  Area,19-May,Bannerghatta Road,1 BHK,423.0,1.0,1.0,22.0,1,2200000.0,5200.945626477542
Super built-up  Area,Ready To Move,Sarjapur Road,2 BHK,1365.0,2.0,0.0,70.75,2,7075000.0,5183.150183150183
Built-up  Area,Ready To Move,Mahadevapura Stage 2,2 BHK,992.5,2.0,1.0,97.09,2,9709000.0,9782.367758186398
Super built-up  Area,18-Nov,Sarjapur Road,1 BHK,584.0,1.0,0.0,27.66,1,2766000.0,4736.301369863014
Plot  Area,Ready To Move,Hebbal,2 BHK,1404.0,2.0,0.0,112.81,2,11281000.0,8034.9002849002845
Plot  Area,Ready To Move,Subramanyapura Gardens,1 BHK,640.0,2.0,2.0,56.34,1,5634000.0,8803.125
Carpet  Area,18-Nov,Whitefield,2 BHK,1298.0,2.0,0.0,77.63,2,7763000.0,5980.739599383667
Built-up  Area,Ready To Move,Kr Puram,2 BHK,1138.0,3.0,2.0,48.28,2,4828000.0,4242.530755711775
Built-up  Area,18-Dec,Electronic City,1 BHK,753.0,2.0,2.0,36.29,1,3629000.0,4819.389110225764
Built-up  Area,Ready To Move,Rajaji Nagar,3 BHK,1982.0,2.0,0.0,178.16,3,17816000.0,8988.900100908173
Super built-up  Area,18-Nov,Koramangala,2 BHK,1376.5,3.0,0.0,158.48,2,15847999.999999998,11513.258263712312
Built-up  Area,Ready To Move,Attibele Phase 1,2 BHK,1382.0,2.0,2.0,116.26,2,11626000.0,8412.445730824891
Super built-up  Area,Ready To Move,Nallurhalli Nagar,3 BHK,1655.0,3.0,0.0,61.52,3,6152000.0,3717.2205438066467
Plot  Area,Ready To Move,Banashankari,6 BHK,2553.0,6.0,2.0,180.7,6,18070000.0,7077.947512730121
Built-up  Area,Ready To Move,Dodballapur Road Gardens,2 BHK,1138.0,3.0,0.0,69.72,2,6972000.0,6126.537785588752
Super built-up  Area,Ready To Move,Ramamurthy Nagar Stage 2,3 BHK,1311.0,3.0,1.0,137.38,3,13738000.0,10479.0236460717
Super built-up  Area,Ready To Move,Jp Nagar,3 Bedroom,1885.0,2.0,1.0,122.32,3,12232000.0,6489.1246684350135
Plot  Area,Ready To Move,Sarjapur Stage 2,3 Bedroom,1530.0,2.0,2.0,105.8,3,10580000.0,6915.032679738562
Super built-up  Area,Ready To Move,Banashankari,4 BHK,2291.11,5.0,3.0,161.35,4,16135000.0,7042.437944926258
Carpet  Area,Ready To Move,Hennur,2 Bedroom,1042.0,2.0,0.0,70.44,2,7044000.0,6760.076775431862
Plot  Area,Ready To Move,Harlur Colony,2 Bedroom,1363.428,2.0,2.0,115.77,2,11577000.0,8491.097439688783
Super built-up  Area,Ready To Move,Whitefield,2 Bedroom,889.6,2.0,3.0,56.2,2,5620000.0,6317.446043165467
Super built-up  Area,Ready To Move,Jayanagar,4 BHK,2750.35,4.0,1.0,267.32,4,26732000.0,9719.490246695876
Carpet  Area,18-Nov,Talaghattapura Main Road,3 BHK,2103.0,3.0,2.0,146.36,3,14636000.000000002,6959.58155016643
Super built-up  Area,Ready To Move,Domlur,3 Bedroom,1685.2275000000002,4.0,0.0,169.59,3,16959000.0,10063.329728478795
Super built-up  Area,Ready To Move,Kanakapura Road,1 BHK,644.0,1.0,0.0,31.0,1,3100000.0,4813.664596273292
Plot  Area,Ready To Move,Subramanyapura Main Road,3 Bedroom,1408.5,3.0,1.0,88.96,3,8896000.0,6315.938942137025
Built-up  Area,Ready To Move,Jp Nagar,2 BHK,882.96,2.0,2.0,56.52,2,5652000.0,6401.195977167708
Super built-up  Area,Ready To Move,Domlur,2 BHK,1405.0,2.0,2.0,164.34,2,16434000.0,11696.79715302491
Carpet  Area,Ready To Move,Mahadevapura Phase 2,2 Bedroom,1014.0,2.0,1.0,45.97,2,4597000.0,4533.530571992111
Carpet  Area,Ready To Move,Btm Layout,2 BHK,1295.9099999999999,2.0,3.0,79.76,2,7976000.000000001,6154.748400737707
Built-up  Area,Ready To Move,Jalahalli Gardens,2 BHK,1439.5,3.0,0.0,99.37,2,9937000.0,6903.091351163598
Super built-up  Area,Ready To Move,Yelenahalli Layout,2 BHK,1353.84,2.0,1.0,90.78,2,9078000.0,6705.371388051764
Carpet  Area,Ready To Move,Bannerghatta Road,2 BHK,1145.66,2.0,0.0,57.73,2,5773000.0,5039.016811270359
Super built-up  Area,Ready To Move,Vijayanagar,4 BHK,2784.12,3.0,2.0,167.39,4,16738999.999999998,6012.312687671508
Super built-up  Area,Ready To Move,Hebbal,4 Bedroom,2548.2599999999998,3.0,0.0,165.03,4,16503000.0,6476.183748911022
Super built-up  Area,Ready To Move,Btm Layout,4 BHK,2177.0,4.0,0.0,156.26,4,15626000.0,7177.767570050528
Built-up  Area,Ready To Move,Frazer Town,3 Bedroom,1248.0,3.0,2.0,116.05,3,11605000.0,9298.878205128205
Super built-up  Area,Ready To Move,Rt Nagar,3 BHK,1720.6,3.0,0.0,112.96,3,11296000.0,6565.151691270487
Super built-up  Area,Ready To Move,Domlur,3 BHK,1721.02,2.0,1.0,174.36,3,17436000.0,10131.20126436648
Plot  Area,18-Nov,Jayanagar,3 BHK,1528.5,4.0,2.0,140.88,3,14088000.0,9216.879293424927
Built-up  Area,19-May,Sonnenahalli Main Road,3 BHK,1363.0,3.0,1.0,144.05,3,14405000.000000002,10568.598679383715
Plot  Area,19-Mar,Hsr Layout,2 BHK,983.0,2.0,0.0,71.74,2,7173999.999999999,7298.067141403865
Super built-up  Area,Ready To Move,Varthur,2 BHK,827.0,2.0,2.0,35.19,2,3519000.0,4255.139056831923
Built-up  Area,19-May,Electronic City,2 BHK,1282.0,1.0,2.0,62.19,2,6219000.0,4851.014040561622
Plot  Area,19-Aug,Jayanagar,2 BHK,1134.0,1.0,0.0,118.74,2,11874000.0,10470.89947089947
Super built-up  Area,Ready To Move,Hennur,2 BHK,1057.5,2.0,2.0,67.55,2,6755000.0,6387.706855791962
Built-up  Area,Ready To Move,Sonnenahalli Block,1 BHK,726.63,1.0,1.0,45.08,1,4508000.0,6203.982769772787
Super built-up  Area,Ready To Move,Singasandra Main Road,2 BHK,1394.29,2.0,1.0,89.37,2,8937000.0,6409.713904567917
Super built-up  Area,Ready To Move,Btm Layout,2 BHK,1283.0,1.0,2.0,77.15,2,7715000.000000001,6013.250194855807
Super built-up  Area,Ready To Move,Horamavu Stage 2,3 BHK,2113.5,2.0,3.0,196.99,3,19699000.0,9320.558315590253
Super built-up  Area,Ready To Move,Koramangala,3 BHK,1762.0,3.0,2.0,259.53,3,25952999.999999996,14729.284903518726
Carpet  Area,Ready To Move,Hsr Layout,3 BHK,1857.43,3.0,1.0,147.67,3,14766999.999999998,7950.232310235108
Built-up  Area,18-Nov,Subramanyapura Main Road,4 BHK,2523.5,3.0,0.0,158.59,4,15859000.0,6284.525460669704
Super built-up  Area,Ready To Move,Btm Layout,2 BHK,1275.0,3.0,1.0,75.57,2,7556999.999999999,5927.058823529411
Super built-up  Area,19-Aug,Hennur,1 BHK,704.74,1.0,0.0,48.07,1,4807000.0,6820.955245906292
Built-up  Area,18-Dec,Singasandra Nagar,1 Bedroom,594.0,1.0,1.0,58.52,1,5852000.0,9851.851851851852
Super built-up  Area,Ready To Move,Electronic City,4 Bedroom,2869.0,4.0,3.0,132.19,4,13219000.0,4607.528755663994
Super built-up  Area,Ready To Move,Electronic City,3 Bedroom,1860.0,3.0,0.0,73.72,3,7372000.0,3963.440860215054
Built-up  Area,Ready To Move,Chikkabanavara Enclave,1 Bedroom,719.0,1.0,1.0,63.8,1,6380000.0,8873.435326842837
Super built-up  Area,Ready To Move,Domlur,3 BHK,1966.5,3.0,0.0,244.9,3,24490000.0,12453.597762522248
Built-up  Area,Ready To Move,Bannerghatta Road,3 Bedroom,2076.0,4.0,1.0,99.12,3,9912000.0,4774.56647398844
Plot  Area,Ready To Move,Harlur Nagar,3 Bedroom,2189.5,2.0,1.0,197.37,3,19737000.0,9014.386846311943
Plot  Area,Ready To Move,Jp Nagar,2 BHK,871.2,1.0,1.0,57.76,2,5776000.0,6629.935720844812
Super built-up  Area,Ready To Move,Kanakapura Road,2 BHK,1412.5,2.0,2.0,69.07,2,6906999.999999999,4889.911504424778
Super built-up  Area,Ready To Move,Yelenahalli Township,2 BHK,1396.0,3.0,3.0,56.72,2,5672000.0,4063.0372492836677
Carpet  Area,19-Aug,Basavanagudi,2 BHK,1164.54,1.0,1.0,121.94,2,12194000.0,10471.08729627149
Built-up  Area,Ready To Move,Thanisandra Phase 1,2 BHK,1395.0,2.0,1.0,48.47,2,4847000.0,3474.5519713261647
Super built-up  Area,Ready To Move,Rajaji Nagar,3 BHK,2008.5,3.0,3.0,195.07,3,19507000.0,9712.223052028878
Super built-up  Area,Ready To Move,Marathahalli,2 Bedroom,1387.0,2.0,3.0,88.41,2,8841000.0,6374.188896899784
Super built-up  Area,Ready To Move,Kr Puram,4 BHK,2326.0,4.0,2.0,117.98,4,11798000.0,5072.2269991401545
Built-up  Area,Ready To Move,Whitefield,4 BHK,2321.0,3.0,0.0,142.18,4,14218000.0,6125.807841447652
Plot  Area,18-Dec,Hsr Layout,2 Bedroom,1018.0,2.0,0.0,81.32,2,8131999.999999999,7988.212180746561
Super built-up  Area,18-Jun,Koramangala,4 BHK,2484.0,4.0,0.0,290.02,4,29002000.0,11675.523349436393
Super built-up  Area,Ready To Move,Indiranagar,3 BHK,1316.07,4.0,2.0,154.96,3,15496000.0,11774.449687326662
Super built-up  Area,19-May,Whitefield Hope Farm Extension,2 BHK,1290.0,1.0,2.0,59.31,2,5931000.0,4597.674418604651
Plot  Area,Ready To Move,Hebbal,3 BHK,1917.0,4.0,2.0,133.83,3,13383000.000000002,6981.2206572769965
Built-up  Area,19-Aug,Uttarahalli,2 BHK,1103.1,2.0,1.0,40.85,2,4085000.0,3703.2000725228904
Super built-up  Area,19-May,Subramanyapura Stage 2,3 BHK,1815.0,2.0,0.0,84.86,3,8486000.0,4675.482093663912
Super built-up  Area,Ready To Move,Anekal Phase 1,1 BHK,570.0,1.0,2.0,53.71,1,5371000.0,9422.807017543859
Carpet  Area,18-Nov,Talaghattapura Stage 2,2 BHK,1306.8,2.0,2.0,148.01,2,14801000.0,11326.140189776554
Super built-up  Area,Ready To Move,Kr Puram,5 BHK,3268.99,5.0,3.0,161.12,5,16112000.0,4928.739457753007
Super built-up  Area,18-Nov,Hennur,3 BHK,1272.0,4.0,0.0,74.58,3,7458000.0,5863.207547169812
Carpet  Area,Ready To Move,Jayanagar,4 BHK,1904.0,4.0,0.0,186.39,4,18639000.0,9789.39075630252
Built-up  Area,Ready To Move,Varthur,4 BHK,2413.0,4.0,0.0,112.64,4,11264000.0,4668.048072938251
Plot  Area,Ready To Move,Kr Puram,2 BHK,1123.0,1.0,1.0,52.64,2,5264000.0,4687.444345503117
Built-up  Area,Ready To Move,Frazer Town,2 BHK,856.35,2.0,2.0,75.2,2,7520000.0,8781.45618030011
Super built-up  Area,19-May,Kanakapura Road,2 BHK,1046.39,3.0,1.0,46.92,2,4692000.0,4483.987805693861
Carpet  Area,Ready To Move,Marathahalli,3 BHK,1503.0,3.0,3.0,87.41,3,8741000.0,5815.701929474385
Built-up  Area,Ready To Move,Gunjur Colony,1 Bedroom,686.81,1.0,2.0,29.7,1,2970000.0,4324.340064937902
Built-up  Area,Ready To Move,Electronic City,3 BHK,1388.66,2.0,3.0,65.09,3,6509000.0,4687.252459205277
Built-up  Area,Ready To Move,Harlur Nagar,4 BHK,2321.0,3.0,1.0,183.91,4,18391000.0,7923.739767341663
Carpet  Area,Ready To Move,Banashankari,4 BHK,2637.0,4.0,0.0,166.57,4,16657000.0,6316.647705726204
Built-up  Area,19-Aug,Kengeri,2 BHK,1238.0,2.0,1.0,55.96,2,5596000.0,4520.1938610662355
Super built-up  Area,19-Aug,Whitefield,2 BHK,1063.65,2.0,2.0,55.78,2,5578000.0,5244.206270859775
Super built-up  Area,Ready To Move,Bannerghatta Road,2 BHK,1482.0,3.0,2.0,71.57,2,7156999.999999999,4829.284750337381
Super built-up  Area,Ready To Move,Nagarbhavi Extension,2 BHK,783.0,3.0,2.0,62.91,2,6291000.0,8034.482758620689
Super built-up  Area,19-May,Chandapura Extension,3 BHK,1778.0,4.0,1.0,194.5,3,19450000.0,10939.2575928009
Carpet  Area,18-Nov,Jp Nagar,2 BHK,1368.0,2.0,2.0,94.3,2,9430000.0,6893.274853801169
Built-up  Area,18-Jun,Koramangala,1 BHK,569.0,2.0,1.0,78.44,1,7844000.0,13785.588752196836
Super built-up  Area,Ready To Move,Vijayanagar,1 Bedroom,598.95,2.0,1.0,37.74,1,3774000.0,6301.026796894565
Super built-up  Area,18-Nov,Kr Puram,4 Bedroom,1948.5,4.0,1.0,87.71,4,8771000.0,4501.411342057993
Plot  Area,Ready To Move,Sompura Colony,3 BHK,1833.876,3.0,2.0,61.94,3,6194000.0,3377.5457010179534
Super built-up  Area,Ready To Move,Marathahalli,2 BHK,1234.5,2.0,2.0,75.44,2,7544000.0,6110.976103685703
Super built-up  Area,18-Nov,Uttarahalli,3 BHK,2060.0,3.0,2.0,96.27,3,9627000.0,4673.300970873786
Carpet  Area,Ready To Move,Thanisandra Phase 1,3 Bedroom,1892.5,3.0,1.0,70.47,3,7047000.0,3723.645970937913
Plot  Area,Ready To Move,Nagarbhavi Colony,2 BHK,1012.0,2.0,2.0,44.57,2,4457000.0,4404.150197628458
Built-up  Area,Ready To Move,Basavanagudi,1 BHK,772.0,1.0,2.0,89.36,1,8936000.0,11575.129533678757
Super built-up  Area,Ready To Move,Horamavu Nagar,1 BHK,670.0,1.0,2.0,26.36,1,2636000.0,3934.3283582089553
Super built-up  Area,Ready To Move,Yeshwanthpur,3 BHK,1833.876,3.0,0.0,110.62,3,11062000.0,6032.0327001389405
Super built-up  Area,18-Dec,Sonnenahalli Main Road,3 BHK,2011.9275,3.0,1.0,188.04,3,18804000.0,9346.261234562378
Carpet  Area,19-May,Yelenahalli Layout,2 Bedroom,1143.86,2.0,2.0,71.95,2,7195000.0,6290.105432482997
Super built-up  Area,Ready To Move,Hennur,3 Bedroom,1628.0,2.0,0.0,92.46,3,9246000.0,5679.361179361179
Super built-up  Area,Ready To Move,Singasandra Nagar,3 BHK,1954.0,3.0,3.0,177.67,3,17767000.0,9092.630501535312
Super built-up  Area,Ready To Move,Rajaji Nagar,1 BHK,451.0,1.0,2.0,42.79,1,4279000.0,9487.80487804878
Carpet  Area,18-Dec,Nagavara Enclave,3 BHK,2156.96,3.0,2.0,76.12,3,7612000.0,3529.0408723388473
Super built-up  Area,Ready To Move,Sarjapur Road,4 BHK,2571.0,4.0,2.0,153.54,4,15354000.0,5971.995332555426
Plot  Area,Ready To Move,Nagarbhavi Gardens,1 BHK,435.5,1.0,2.0,42.62,1,4262000.0,9786.452353616532
Super built-up  Area,18-Dec,Bannerghatta Road,2 Bedroom,1339.52,1.0,2.0,60.06,2,6006000.0,4483.695652173913
Super built-up  Area,18-Nov,Sarjapur Road,1 BHK,733.0,1.0,1.0,36.07,1,3607000.0,4920.87312414734
Built-up  Area,19-May,Rajarajeshwari Nagar Gardens,1 BHK,590.0,1.0,3.0,25.87,1,2587000.0,4384.745762711865
Built-up  Area,19-Mar,Chikkabanavara Enclave,2 BHK,943.0,2.0,0.0,95.15,2,9515000.0,10090.137857900318
Super built-up  Area,Ready To Move,Banashankari,2 BHK,996.5,1.0,1.0,64.49,2,6448999.999999999,6471.650777722026
Super built-up  Area,Ready To Move,Jayanagar,1 BHK,633.778432,1.0,2.0,54.04,1,5404000.0,8526.639164647371
Built-up  Area,18-Nov,Jayanagar,3 BHK,1720.0,2.0,1.0,139.23,3,13922999.999999998,8094.767441860464
Super built-up  Area,Ready To Move,Subramanyapura Main Road,6 Bedroom,4183.53,6.0,1.0,280.21,6,28020999.999999996,6697.932129087158
Super built-up  Area,Ready To Move,Attibele Phase 1,5 Bedroom,3243.0,6.0,0.0,271.88,5,27188000.0,8383.59543632439
Carpet  Area,Ready To Move,Uttarahalli,2 BHK,1171.5,2.0,0.0,60.49,2,6049000.0,5163.4656423388815
Super built-up  Area,Ready To Move,Uttarahalli,4 BHK,2412.5,5.0,2.0,76.86,4,7686000.0,3185.9067357512954
Super built-up  Area,Ready To Move,Kanakapura Road,2 BHK,1297.69,2.0,0.0,57.8,2,5780000.0,4454.068383049881
Super built-up  Area,Ready To Move,Electronic City,1 BHK,538.5,1.0,0.0,19.28,1,1928000.0,3580.3156917363044
Carpet  Area,Ready To Move,Bellandur,4 BHK,2753.12,5.0,2.0,197.18,4,19718000.0,7162.056139943047
Built-up  Area,18-Jun,Hennur,1 Bedroom,771.0,1.0,2.0,43.22,1,4322000.0,5605.7068741893645
Super built-up  Area,Ready To Move,Koramangala,2 BHK,933.0,2.0,3.0,112.97,2,11297000.0,12108.252947481244
Super built-up  Area,Ready To Move,Electronic City,2 BHK,966.68,2.0,1.0,41.25,2,4125000.0,4267.1825216203915
Carpet  Area,Ready To Move,Yeshwanthpur,3 BHK,1890.0,3.0,0.0,104.61,3,10461000.0,5534.920634920635
Plot  Area,Ready To Move,Whitefield,3 Bedroom,1345.0,3.0,2.0,67.43,3,6743000.000000001,5013.382899628254
Super built-up  Area,Ready To Move,Hebbal,3 BHK,1263.0,3.0,1.0,82.07,3,8206999.999999999,6498.020585906571
Built-up  Area,Ready To Move,Jayanagar,3 BHK,1522.5,3.0,3.0,126.61,3,12661000.0,8315.927750410508
Super built-up  Area,18-Jun,Koramangala,5 BHK,2424.0,6.0,1.0,309.25,5,30925000.0,12757.838283828383
Built-up  Area,Ready To Move,Harlur Nagar,1 BHK,533.0,1.0,0.0,41.87,1,4186999.9999999995,7855.534709193244
Carpet  Area,Ready To Move,Thanisandra Phase 1,2 BHK,1063.38,2.0,2.0,33.36,2,3336000.0,3137.1663939513624
Plot  Area,Ready To Move,Cv Raman Nagar,2 BHK,1308.0,2.0,1.0,85.3,2,8530000.0,6521.406727828747
Super built-up  Area,Ready To Move,Frazer Town,4 BHK,1878.0,5.0,0.0,188.44,4,18844000.0,10034.078807241747
Super built-up  Area,Ready To Move,Subramanyapura Gardens,3 BHK,1527.0,4.0,1.0,136.31,3,13631000.0,8926.653569089718
Super built-up  Area,Ready To Move,Kr Puram,1 BHK,532.0,2.0,0.0,23.96,1,2396000.0,4503.7593984962405
Super built-up  Area,Ready To Move,Kanakapura Road,2 Bedroom,992.5,3.0,1.0,44.05,2,4405000.0,4438.287153652393
Super built-up  Area,19-Mar,Ambalipura Extension,3 BHK,1851.3,2.0,1.0,109.06,3,10906000.0,5890.995516663966
Super built-up  Area,Ready To Move,Rt Nagar,4 BHK,1890.13,5.0,2.0,118.92,4,11892000.0,6291.630734393931
Carpet  Area,Ready To Move,Mahadevapura Nagar,3 BHK,1615.0,3.0,1.0,64.58,3,6458000.0,3998.7616099071206
Plot  Area,Ready To Move,Kumaraswamy Layout Phase 1,4 BHK,2402.0,3.0,3.0,118.57,4,11857000.0,4936.303080766028
Super built-up  Area,Ready To Move,Doddakannelli Enclave,2 Bedroom,863.0,2.0,0.0,92.79,2,9279000.0,10752.027809965237
Built-up  Area,Ready To Move,Marathahalli,3 Bedroom,1941.5,2.0,0.0,116.51,3,11651000.0,6001.030131341746
Super built-up  Area,Ready To Move,Bannerghatta Road,2 Bedroom,974.655,2.0,0.0,51.94,2,5194000.0,5329.065156388671
Super built-up  Area,Ready To Move,Kanakapura Road,2 Bedroom,1365.7,3.0,2.0,55.41,2,5541000.0,4057.260013180054
Super built-up  Area,Ready To Move,Jalahalli Gardens,1 BHK,639.0,2.0,1.0,50.73,1,5073000.0,7938.967136150235
Carpet  Area,18-Jun,Sarjapur Road,2 BHK,927.93,2.0,3.0,40.87,2,4086999.9999999995,4404.427058075501
Super built-up  Area,Ready To Move,Marathahalli,2 Bedroom,1076.0,2.0,2.0,59.06,2,5906000.0,5488.847583643123
Super built-up  Area,19-May,Kengeri,3 BHK,1651.04,2.0,1.0,64.71,3,6470999.999999999,3919.347805019866
Built-up  Area,Ready To Move,Rt Nagar,2 BHK,1230.57,2.0,1.0,65.79,2,6579000.000000001,5346.302932787246
Built-up  Area,19-Aug,Domlur,4 BHK,2275.0,5.0,0.0,238.14,4,23814000.0,10467.692307692309
Super built-up  Area,Ready To Move,Malleshwaram,1 Bedroom,384.5,1.0,2.0,33.44,1,3344000.0,8697.009102730819
Built-up  Area,Ready To Move,Btm Layout,3 BHK,1412.35,3.0,2.0,98.41,3,9841000.0,6967.819591461041
Carpet  Area,19-Mar,Marathahalli,3 BHK,1572.175234,3.0,3.0,97.58,3,9758000.0,6206.687262954302
Carpet  Area,Ready To Move,Singasandra Nagar,3 BHK,1595.21,3.0,0.0,149.47,3,14947000.0,9369.926216610978
Super built-up  Area,Ready To Move,Yeshwanthpur,3 BHK,1903.0,3.0,1.0,140.0,3,14000000.0,7356.8050446663165
Carpet  Area,Ready To Move,Frazer Town,2 BHK,1085.91,1.0,0.0,112.19,2,11219000.0,10331.427098009963
Carpet  Area,18-Jun,Talaghattapura Stage 2,3 BHK,1945.0,3.0,1.0,174.47,3,17447000.0,8970.179948586117
Super built-up  Area,Ready To Move,Jayanagar,2 BHK,1182.0,2.0,3.0,99.88,2,9988000.0,8450.084602368866
Super built-up  Area,Ready To Move,Electronic City,4 Bedroom,2559.15,4.0,2.0,115.95,4,11595000.0,4530.801242600082
Super built-up  Area,Ready To Move,Munnekollal Phase 2,2 BHK,1306.8,1.0,3.0,51.14,2,5114000.0,3913.376186103459
Built-up  Area,19-Aug,Sarjapur Road,3 BHK,1804.0,3.0,2.0,108.08,3,10808000.0,5991.130820399113
Super built-up  Area,Ready To Move,Kengeri,4 BHK,2254.0,5.0,3.0,80.68,4,8068000.000000001,3579.414374445431
Super built-up  Area,18-Nov,Vijayanagar,3 BHK,1893.0,3.0,2.0,114.26,3,11426000.0,6035.921817221341
Plot  Area,Ready To Move,Banashankari,2 BHK,956.0,2.0,0.0,61.58,2,6158000.0,6441.422594142259
Carpet  Area,Ready To Move,Sarjapur Road,3 BHK,1655.5,3.0,3.0,100.14,3,10014000.0,6048.927816369677
Built-up  Area,18-Dec,Kanakapura Road,4 BHK,2127.47,5.0,0.0,81.79,4,8179000.000000001,3844.472542503538
Built-up  Area,Ready To Move,Whitefield,2 BHK,1099.0,2.0,1.0,55.8,2,5580000.0,5077.343039126478
Carpet  Area,19-Aug,Bannerghatta Road,2 BHK,883.0,2.0,2.0,48.25,2,4825000.0,5464.326160815402
Super built-up  Area,18-Nov,Uttarahalli,3 BHK,1391.0,2.0,1.0,52.99,3,5299000.0,3809.489575844716
Plot  Area,18-Jun,Kalyan Nagar Phase 1,1 BHK,417.5,1.0,0.0,45.74,1,4574000.0,10955.688622754491
Super built-up  Area,18-Dec,Kaggadasapura Phase 2,1 BHK,507.0,2.0,1.0,26.72,1,2672000.0,5270.216962524655
Carpet  Area,Ready To Move,Yeshwanthpur,3 BHK,1306.8,3.0,1.0,98.16,3,9816000.0,7511.4784205693295
Super built-up  Area,19-May,Whitefield,2 BHK,1234.9,2.0,1.0,85.65,2,8565000.0,6935.784274030285
Super built-up  Area,Ready To Move,Sarjapur Road,3 BHK,1394.0,3.0,1.0,82.88,3,8288000.0,5945.480631276901
Super built-up  Area,19-May,Hennur,2 BHK,877.0,2.0,2.0,50.3,2,5030000.0,5735.4618015963515
Super built-up  Area,Ready To Move,Horamavu Nagar,4 BHK,2821.0,5.0,0.0,131.59,4,13159000.0,4664.657922722439
Built-up  Area,18-Dec,Anekal Phase 1,1 BHK,779.0,1.0,3.0,83.34,1,8334000.0,10698.331193838254
Built-up  Area,Ready To Move,Whitefield,4 Bedroom,2541.85,4.0,1.0,141.53,4,14153000.0,5567.991816983693
Built-up  Area,Ready To Move,Yeshwanthpur,2 BHK,925.0,2.0,3.0,52.19,2,5219000.0,5642.1621621621625
Super built-up  Area,19-May,Varthur,2 BHK,1398.02,2.0,1.0,54.56,2,5456000.0,3902.66233673338
Super built-up  Area,Ready To Move,Rt Nagar,4 Bedroom,2807.5,3.0,0.0,161.48,4,16147999.999999998,5751.73642030276
Plot  Area,18-Dec,Marathahalli,4 Bedroom,2892.5,4.0,2.0,193.17,4,19317000.0,6678.305963699222
Built-up  Area,Ready To Move,Uttarahalli,3 Bedroom,1619.0,3.0,2.0,73.0,3,7300000.0,4508.956145768993
Super built-up  Area,Ready To Move,Yelahanka,2 BHK,1113.0,3.0,1.0,47.84,2,4784000.0,4298.292902066487
Super built-up  Area,Ready To Move,Yelenahalli Enclave,2 BHK,1251.32,2.0,0.0,89.94,2,8994000.0,7187.609883962536
Super built-up  Area,19-May,Marathahalli,2 BHK,1118.0,2.0,2.0,81.1,2,8109999.999999999,7254.025044722718
Carpet  Area,Ready To Move,Varthur,4 BHK,1920.83,5.0,2.0,86.1,4,8610000.0,4482.437279717622
Super built-up  Area,Ready To Move,Domlur,2 BHK,1379.0,2.0,2.0,117.65,2,11765000.0,8531.544597534445
Super built-up  Area,Ready To Move,Whitefield,3 BHK,1700.0,3.0,0.0,120.01,3,12001000.0,7059.411764705882
Super built-up  Area,Ready To Move,Haralur Road Block,4 BHK,2532.0,3.0,1.0,276.86,4,27686000.0,10934.439178515007
Super built-up  Area,18-Dec,Electronic City,4 BHK,1847.0,4.0,1.0,77.16,4,7716000.0,4177.585273416351
Super built-up  Area,Ready To Move,Basavanagudi,3 BHK,1793.0,2.0,1.0,178.82,3,17882000.0,9973.229224762967
Super built-up  Area,19-May,Kanakapura Road,1 BHK,582.0,1.0,2.0,23.98,1,2398000.0,4120.2749140893475
Super built-up  Area,Ready To Move,Koramangala,4 Bedroom,2114.31,4.0,1.0,289.71,4,28970999.999999996,13702.342608226796
Plot  Area,19-Aug,Sompura Main Road,4 BHK,2816.0,4.0,2.0,165.34,4,16534000.0,5871.448863636364
Super built-up  Area,Ready To Move,Kaggadasapura Phase 2,3 Bedroom,1517.0,4.0,2.0,67.41,3,6741000.0,4443.638760711931
Carpet  Area,18-Dec,Whitefield,2 BHK,968.0,3.0,2.0,59.34,2,5934000.0,6130.165289256199
Carpet  Area,Ready To Move,Rt Nagar,2 BHK,1012.7700000000001,3.0,3.0,60.33,2,6033000.0,5956.9300038508245
Super built-up  Area,Ready To Move,Whitefield Hope Farm Extension,1 BHK,499.0,1.0,0.0,24.04,1,2404000.0,4817.635270541082
Super built-up  Area,Ready To Move,Varthur,1 BHK,431.0,1.0,3.0,16.78,1,1678000.0,3893.271461716937
Super built-up  Area,Ready To Move,Chandapura Main Road,1 Bedroom,441.24,1.0,3.0,42.45,1,4245000.0,9620.614631493065
Super built-up  Area,Ready To Move,Varthur,3 BHK,1517.16,3.0,2.0,82.29,3,8229000.000000001,5423.950011864273
Super built-up  Area,Ready To Move,Gunjur Gardens,1 BHK,765.0,1.0,1.0,25.47,1,2547000.0,3329.4117647058824
Super built-up  Area,18-Nov,Vidyaranyapura Extension,3 BHK,1849.0,4.0,1.0,96.58,3,9658000.0,5223.363980530016
Built-up  Area,Ready To Move,Singasandra Extension,3 BHK,1677.06,4.0,1.0,146.86,3,14686000.000000002,8756.991401619502
Super built-up  Area,Ready To Move,Hebbal,2 Bedroom,1453.11,1.0,3.0,100.77,2,10077000.0,6934.781262258191
Built-up  Area,Ready To Move,Yelenahalli Township,1 BHK,768.0,1.0,1.0,28.02,1,2802000.0,3648.4375
Built-up  Area,19-May,Kalyan Nagar Block,2 BHK,965.0,2.0,0.0,83.55,2,8355000.0,8658.031088082902
Super built-up  Area,18-Nov,Malleshwaram,4 BHK,2309.0,4.0,2.0,209.66,4,20966000.0,9080.121264616717
Super built-up  Area,Ready To Move,Bellandur,3 BHK,1976.5,3.0,2.0,134.51,3,13451000.0,6805.46420440172
Carpet  Area,Ready To Move,Dodballapur Road Gardens,2 BHK,1571.0,2.0,3.0,110.55,2,11055000.0,7036.919159770847
Super built-up  Area,Ready To Move,Vidyaranyapura Extension,1 Bedroom,682.5,1.0,0.0,40.58,1,4058000.0,5945.787545787546
Super built-up  Area,Ready To Move,Subramanyapura Main Road,2 BHK,1379.0,2.0,3.0,85.5,2,8550000.0,6200.145032632342
Super built-up  Area,Ready To Move,Electronic City,3 BHK,1737.34,3.0,1.0,78.39,3,7839000.0,4512.070176246446
Super built-up  Area,19-Aug,Whitefield,4 BHK,1854.0,3.0,1.0,105.87,4,10587000.0,5710.355987055016
Carpet  Area,18-Jun,Banashankari,2 BHK,1343.55,1.0,3.0,83.92,2,8392000.0,6246.138960217335
Carpet  Area,Ready To Move,Dodballapur Road Phase 1,2 BHK,937.0,2.0,0.0,33.65,2,3365000.0,3591.248665955176
Carpet  Area,Ready To Move,Vidyaranyapura Extension,2 BHK,1112.1,1.0,0.0,63.93,2,6393000.0,5748.583760453197
Carpet  Area,Ready To Move,Banashankari,2 Bedroom,1317.27,2.0,3.0,81.08,2,8108000.0,6155.154220471126
Super built-up  Area,Ready To Move,Banashankari,3 Bedroom,1648.64,4.0,0.0,91.72,3,9172000.0,5563.373447204968
Super built-up  Area,Ready To Move,Yelahanka,4 Bedroom,2407.0,4.0,2.0,120.17,4,12017000.0,4992.521811383465
Super built-up  Area,Ready To Move,Bellandur,4 Bedroom,2613.6,4.0,2.0,146.77,4,14677000.000000002,5615.625956535048
Built-up  Area,18-Dec,Jp Nagar,2 BHK,1147.39,1.0,0.0,74.4,2,7440000.000000001,6484.281717637421
Super built-up  Area,Ready To Move,Sarjapur Road,3 BHK,1666.0,3.0,3.0,91.24,3,9124000.0,5476.590636254502
Super built-up  Area,Ready To Move,Hennur,3 BHK,1484.34181,3.0,3.0,95.83,3,9583000.0,6456.060144260169
Super built-up  Area,Ready To Move,Hennur,2 BHK,907.0,2.0,1.0,64.11,2,6411000.0,7068.357221609703
Super built-up  Area,19-Mar,Varthur,2 BHK,1306.8,1.0,0.0,66.99,2,6698999.999999999,5126.262626262625
Super built-up  Area,Ready To Move,Dodballapur Road Phase 1,4 BHK,1869.0,4.0,1.0,60.87,4,6087000.0,3256.8218298555375
Super built-up  Area,Ready To Move,Banashankari,1 BHK,700.74,1.0,2.0,41.63,1,4163000.0000000005,5940.862516767988
Super built-up  Area,18-Dec,Anekal Phase 1,4 BHK,1760.5,4.0,0.0,159.9,4,15990000.0,9082.64697529111
Super built-up  Area,Ready To Move,Banashankari,6 BHK,3703.0,6.0,0.0,230.24,6,23024000.0,6217.661355657575
Carpet  Area,Ready To Move,Varthur,1 BHK,688.0,1.0,0.0,32.64,1,3264000.0,4744.186046511628
Built-up  Area,18-Jun,Hsr Layout,3 BHK,1612.26,3.0,1.0,127.64,3,12764000.0,7916.837234689194
Plot  Area,Ready To Move,Hsr Layout,2 Bedroom,1502.5,3.0,0.0,131.38,2,13138000.0,8744.093178036606
Built-up  Area,Ready To Move,Koramangala,5 BHK,2627.0,5.0,0.0,355.07,5,35507000.0,13516.178149980968
Plot  Area,Ready To Move,Sarjapur Road,1 BHK,545.0,1.0,2.0,31.43,1,3143000.0,5766.972477064221
Super built-up  Area,Ready To Move,Bellandur,3 Bedroom,1246.25,2.0,0.0,90.48,3,9048000.0,7260.180541624874
Plot  Area,Ready To Move,Kanakapura Road,3 BHK,1743.0,3.0,0.0,79.74,3,7973999.999999999,4574.870912220309
Carpet  Area,Ready To Move,Electronic City,3 Bedroom,2189.0,3.0,1.0,87.1,3,8710000.0,3978.985838282321
Super built-up  Area,Ready To Move,Attibele Phase 2,2 Bedroom,977.53,1.0,2.0,83.92,2,8392000.0,8584.902765132529
Carpet  Area,Ready To Move,Sarjapur Road,3 BHK,1773.81,2.0,1.0,98.54,3,9854000.0,5555.273676436597
Super built-up  Area,Ready To Move,Varthur,2 BHK,1117.84,1.0,0.0,51.2,2,5120000.0,4580.261933729335
Built-up  Area,19-Mar,Whitefield,4 BHK,2489.367153,4.0,0.0,159.89,4,15988999.999999998,6422.917559883139
Built-up  Area,Ready To Move,Vijayanagar,4 BHK,1835.0,3.0,0.0,118.59,4,11859000.0,6462.670299727521
Plot  Area,Ready To Move,Sarjapur Road,2 BHK,1072.0,2.0,3.0,50.57,2,5057000.0,4717.350746268657
Built-up  Area,Ready To Move,Singasandra Nagar,2 Bedroom,856.0,2.0,3.0,87.45,2,8745000.0,10216.121495327103
Super built-up  Area,Ready To Move,Sonnenahalli Main Road,5 BHK,2858.0,6.0,2.0,265.35,5,26535000.000000004,9284.464660601821
Super built-up  Area,Ready To Move,Yelahanka,5 Bedroom,2917.93,6.0,1.0,126.2,5,12620000.0,4324.983807013877
Carpet  Area,19-Mar,Rt Nagar,3 BHK,2026.7347309999998,3.0,0.0,118.34,3,11834000.0,5838.948639401395
Super built-up  Area,Ready To Move,Malleshwaram,2 BHK,1162.3,2.0,2.0,136.48,2,13647999.999999998,11742.235223264217
Built-up  Area,Ready To Move,Btm Layout,2 BHK,912.0,1.0,2.0,48.92,2,4892000.0,5364.035087719299
Super built-up  Area,Ready To Move,Anekal Phase 1,3 BHK,1382.0,3.0,1.0,126.53,3,12653000.0,9155.571635311144
Built-up  Area,Ready To Move,Varthur,3 Bedroom,1539.0,3.0,3.0,86.09,3,8609000.0,5593.892137751787
Carpet  Area,19-May,Singasandra Nagar,1 BHK,817.0,1.0,1.0,84.11,1,8411000.0,10294.98164014688
Super built-up  Area,18-Jun,Sarjapur Enclave,3 BHK,1814.75,3.0,2.0,66.36,3,6636000.0,3656.702025072324
Super built-up  Area,Ready To Move,Frazer Town,3 BHK,2184.0,2.0,1.0,236.63,3,23663000.0,10834.70695970696
Plot  Area,Ready To Move,Kaggadasapura Layout,2 BHK,1264.0,1.0,2.0,46.64,2,4664000.0,3689.8734177215188
Super built-up  Area,Ready To Move,Frazer Town,2 BHK,1279.0,2.0,0.0,122.1,2,12210000.0,9546.520719311962
Carpet  Area,Ready To Move,Horamavu Nagar,2 BHK,1202.0,3.0,1.0,54.6,2,5460000.0,4542.4292845257905
Super built-up  Area,Ready To Move,Indiranagar,2 Bedroom,1248.0,2.0,0.0,150.16,2,15016000.0,12032.051282051281
Super built-up  Area,Ready To Move,Jp Nagar,3 BHK,1772.0,3.0,1.0,118.88,3,11888000.0,6708.803611738149
Super built-up  Area,Ready To Move,Kr Puram,2 BHK,985.0,2.0,2.0,52.87,2,5287000.0,5367.51269035533
Built-up  Area,18-Jun,Bannerghatta Road,1 BHK,428.0,1.0,0.0,20.66,1,2066000.0,4827.102803738318
Built-up  Area,Ready To Move,Sarjapur Road,2 BHK,1424.412,3.0,2.0,72.73,2,7273000.0,5105.966532155023
Carpet  Area,Ready To Move,Pattandur Agrahara Layout,5 BHK,3150.0,6.0,2.0,147.61,5,14761000.000000002,4686.0317460317465
Super built-up  Area,Ready To Move,Nallurhalli Main Road,4 BHK,2414.0,4.0,0.0,181.04,4,18104000.0,7499.585749792875
Plot  Area,Ready To Move,Jp Nagar,5 BHK,3189.0,4.0,3.0,217.26,5,21726000.0,6812.793979303857
Super built-up  Area,19-Aug,Jayanagar,2 BHK,1417.0,2.0,2.0,133.8,2,13380000.000000002,9442.484121383206
Built-up  Area,Ready To Move,Bannerghatta Road,2 BHK,1274.06,2.0,2.0,53.04,2,5304000.0,4163.069243206756
Built-up  Area,19-Aug,Indiranagar,6 BHK,3588.5,5.0,2.0,376.6,6,37660000.0,10494.635641632995
Super built-up  Area,Ready To Move,Varthur,3 BHK,1356.0,4.0,2.0,57.71,3,5771000.0,4255.899705014749
Super built-up  Area,Ready To Move,Banashankari,2 BHK,1238.0,1.0,2.0,74.05,2,7405000.0,5981.421647819063
Super built-up  Area,Ready To Move,Bannerghatta Road,2 BHK,1078.0,3.0,1.0,58.09,2,5809000.0,5388.682745825603
Built-up  Area,Ready To Move,Electronic City,4 Bedroom,2740.7,4.0,2.0,111.2,4,11120000.0,4057.3576093698694
Carpet  Area,Ready To Move,Other,2 BHK,1306.8,3.0,0.0,100.16,2,10016000.0,7664.524028160392
Super built-up  Area,Ready To Move,Thanisandra Phase 2,2 BHK,1350.36,2.0,2.0,51.42,2,5142000.0,3807.873455967298
Built-up  Area,18-Nov,Jp Nagar,3 BHK,1442.0,3.0,1.0,87.38,3,8738000.0,6059.639389736477
Super built-up  Area,Ready To Move,Hebbal,1 Bedroom,711.0,1.0,2.0,54.84,1,5484000.0,7713.0801687763715
Super built-up  Area,18-Nov,Malleshwaram,2 Bedroom,1306.8,2.0,2.0,168.35,2,16835000.0,12882.614018977656
Carpet  Area,Ready To Move,Bannerghatta Road,2 BHK,1230.57,2.0,2.0,60.22,2,6022000.0,4893.667162371909
Super built-up  Area,Ready To Move,Electronic City,3 Bedroom,1389.0,2.0,1.0,52.27,3,5227000.0,3763.138948884089
Super built-up  Area,19-Mar,Cv Raman Nagar,2 BHK,1070.0,1.0,3.0,74.94,2,7494000.0,7003.738317757009
Carpet  Area,Ready To Move,Gunjur Colony,2 BHK,1026.0,2.0,0.0,49.94,2,4994000.0,4867.446393762183
Carpet  Area,Ready To Move,Jalahalli Block,2 BHK,830.0,2.0,3.0,61.78,2,6178000.0,7443.373493975903
Plot  Area,Ready To Move,Vidyaranyapura Phase 2,3 BHK,1842.0,3.0,0.0,157.31,3,15731000.0,8540.173724212813
Super built-up  Area,Ready To Move,Yelenahalli Extension,1 Bedroom,664.29,1.0,0.0,35.2,1,3520000.0000000005,5298.890544792185
Built-up  Area,Ready To Move,Electronic City,3 BHK,1327.76,3.0,3.0,54.08,3,5408000.0,4073.0252455263
Plot  Area,Ready To Move,Btm Layout,4 BHK,2495.0,4.0,0.0,163.24,4,16324000.0,6542.685370741483
Super built-up  Area,Ready To Move,Rajarajeshwari Nagar Gardens,3 BHK,1472.17,3.0,1.0,81.81,3,8181000.0,5557.102780249564
Super built-up  Area,18-Jun,Jayanagar,4 BHK,2073.18,5.0,2.0,175.41,4,17541000.0,8460.915115908894
Super built-up  Area,Ready To Move,Kaggadasapura Phase 2,2 BHK,1169.5,2.0,2.0,52.53,2,5253000.0,4491.663103890552
Super built-up  Area,18-Nov,Sonnenahalli Stage 2,3 BHK,2237.0,3.0,2.0,200.35,3,20035000.0,8956.191327670987
Super built-up  Area,Ready To Move,Kr Puram,5 BHK,3530.0,4.0,2.0,144.26,5,14426000.0,4086.685552407932
Super built-up  Area,Ready To Move,Yeshwanthpur,2 BHK,1155.0,2.0,0.0,74.85,2,7484999.999999999,6480.51948051948
Super built-up  Area,Ready To Move,Kengeri,3 Bedroom,1998.0,3.0,1.0,88.53,3,8853000.0,4430.930930930931
Super built-up  Area,Ready To Move,Whitefield,4 BHK,2359.97,3.0,1.0,143.46,4,14346000.0,6078.890833358052
Super built-up  Area,Ready To Move,Dodballapur Road Phase 2,5 BHK,2655.0,6.0,1.0,275.68,5,27568000.0,10383.427495291902
Super built-up  Area,Ready To Move,Bellandur,3 BHK,1340.0,4.0,2.0,74.33,3,7433000.0,5547.014925373134
Super built-up  Area,Ready To Move,Chandapura Stage 2,1 BHK,469.0,1.0,1.0,50.41,1,5041000.0,10748.400852878465
Super built-up  Area,Ready To Move,Other,3 BHK,1532.12,3.0,3.0,91.03,3,9103000.0,5941.440618228337
Plot  Area,Ready To Move,Devanahalli Extension,3 BHK,2055.0,3.0,2.0,192.45,3,19245000.0,9364.963503649635
Plot  Area,Ready To Move,Nallurhalli Township,1 Bedroom,539.5,1.0,0.0,21.82,1,2182000.0,4044.4856348470807
Built-up  Area,Ready To Move,Bellandur,2 BHK,1201.2512399999998,2.0,1.0,71.7,2,7170000.0,5968.776356892668
Super built-up  Area,Ready To Move,Jp Nagar,4 BHK,2225.916,3.0,0.0,177.7,4,17770000.0,7983.230274637497
Super built-up  Area,Ready To Move,Kr Puram,2 BHK,990.0,2.0,1.0,46.88,2,4688000.0,4735.353535353535
Super built-up  Area,Ready To Move,Electronic City,3 Bedroom,1688.0,3.0,1.0,62.17,3,6217000.0,3683.0568720379147
Built-up  Area,18-Dec,Kengeri,3 Bedroom,1309.0,3.0,2.0,46.04,3,4604000.0,3517.188693659282
Super built-up  Area,Ready To Move,Sarjapur Road,4 BHK,2211.0,4.0,3.0,125.34,4,12534000.0,5668.928086838535
Built-up  Area,Ready To Move,Ramamurthy Nagar Stage 2,3 Bedroom,1654.5,3.0,1.0,151.51,3,15151000.0,9157.449380477485
Carpet  Area,18-Jun,Yelenahalli Enclave,3 BHK,1740.0,4.0,0.0,126.18,3,12618000.0,7251.724137931034
Plot  Area,Ready To Move,Yeshwanthpur,5 BHK,2579.0,5.0,2.0,173.91,5,17391000.0,6743.311360992633
Plot  Area,Ready To Move,Vijayanagar,3 BHK,2074.5,4.0,1.0,146.48,3,14647999.999999998,7060.978549047963
Super built-up  Area,Ready To Move,Bannerghatta Road,2 BHK,988.812,2.0,1.0,42.53,2,4253000.0,4301.120941088902
Super built-up  Area,Ready To Move,Horamavu Stage 2,3 BHK,1665.0,3.0,1.0,179.56,3,17956000.0,10784.384384384384
Plot  Area,Ready To Move,Ambalipura Extension,3 Bedroom,1488.0,3.0,1.0,78.96,3,7895999.999999999,5306.451612903225
Built-up  Area,Ready To Move,Yelahanka,4 BHK,2066.0,4.0,0.0,76.13,4,7613000.0,3684.898354307841
Super built-up  Area,Ready To Move,Subramanyapura Main Road,4 Bedroom,2245.0,4.0,0.0,140.56,4,14056000.0,6261.024498886414
Built-up  Area,Ready To Move,Hebbal,2 BHK,945.0,2.0,2.0,66.07,2,6606999.999999999,6991.53439153439
Super built-up  Area,Ready To Move,Ramamurthy Nagar Extension,3 Bedroom,2107.0,2.0,3.0,82.93,3,8293000.000000001,3935.9278595159
Built-up  Area,Ready To Move,Rajarajeshwari Nagar Gardens,4 BHK,2074.0,4.0,0.0,110.99,4,11099000.0,5351.494696239151
Super built-up  Area,Ready To Move,Malleshwaram,2 Bedroom,1242.91,1.0,2.0,119.96,2,11996000.0,9651.54355504421
Super built-up  Area,Ready To Move,Nallurhalli Township,3 BHK,1990.0,3.0,1.0,82.54,3,8254000.000000001,4147.738693467337
Built-up  Area,18-Dec,Bellandur,3 Bedroom,1413.0,4.0,3.0,91.79,3,9179000.0,6496.107572540694
Super built-up  Area,Ready To Move,Uttarahalli,3 BHK,1396.0,4.0,3.0,51.62,3,5162000.0,3697.7077363896847
Super built-up  Area,19-Mar,Subramanyapura Main Road,3 BHK,1927.0,3.0,3.0,134.84,3,13484000.0,6997.4052932018685
Super built-up  Area,Ready To Move,Hennur,2 BHK,981.0,2.0,1.0,57.89,2,5789000.0,5901.12130479103
Built-up  Area,Ready To Move,Jayanagar,3 Bedroom,1577.5,3.0,2.0,159.26,3,15926000.0,10095.721077654516
Plot  Area,Ready To Move,Dodballapur Road Phase 1,1 BHK,547.0,1.0,1.0,19.92,1,1992000.0000000002,3641.6819012797077
Carpet  Area,18-Dec,Indiranagar,3 Bedroom,1800.5,4.0,0.0,174.25,3,17425000.0,9677.867259094695
Built-up  Area,Ready To Move,Jp Nagar,1 BHK,635.0,1.0,2.0,39.16,1,3915999.9999999995,6166.929133858267
Super built-up  Area,18-Dec,Hennur,3 BHK,1754.0,4.0,1.0,110.32,3,11032000.0,6289.623717217788
Super built-up  Area,Ready To Move,Attibele Cross,2 BHK,1176.1200000000001,1.0,1.0,40.82,2,4082000.0,3470.7342788150863
Super built-up  Area,Ready To Move,Uttarahalli,2 BHK,1150.5,2.0,2.0,40.72,2,4072000.0,3539.3307257714036
Super built-up  Area,Ready To Move,Sarjapur Road,2 BHK,1306.8,2.0,0.0,66.54,2,6654000.000000001,5091.827364554638
Super built-up  Area,18-Jun,Old Airport Road Colony,2 BHK,1046.34,2.0,3.0,65.13,2,6513000.0,6224.554160215609
Super built-up  Area,19-May,Harlur Colony,4 Bedroom,2121.0,4.0,0.0,217.89,4,21789000.0,10272.984441301272
Carpet  Area,18-Jun,Pattandur Agrahara Colony,2 BHK,1038.0,2.0,0.0,67.49,2,6748999.999999999,6501.926782273602
Carpet  Area,Ready To Move,Yelahanka,2 BHK,1293.89,1.0,1.0,58.97,2,5897000.0,4557.574446050282
Super built-up  Area,Ready To Move,Electronic City,1 BHK,495.0,1.0,1.0,18.69,1,1869000.0000000002,3775.7575757575764
Super built-up  Area,Ready To Move,Anekal Stage 2,1 BHK,492.5,1.0,1.0,24.86,1,2486000.0,5047.715736040609
Built-up  Area,Ready To Move,Akshaya Nagar Layout,3 BHK,1726.065,4.0,0.0,146.14,3,14613999.999999998,8466.656817674884
Super built-up  Area,Ready To Move,Varthur,2 BHK,1206.54,2.0,3.0,56.02,2,5602000.0,4643.0288262303775
Carpet  Area,Ready To Move,Hennur,3 BHK,1830.0,2.0,0.0,118.69,3,11869000.0,6485.792349726776
Plot  Area,18-Nov,Whitefield,3 BHK,2117.0,3.0,1.0,125.63,3,12563000.0,5934.341048653755
Super built-up  Area,Ready To Move,Talaghattapura Stage 2,4 BHK,2784.19,3.0,3.0,284.42,4,28442000.0,10215.53845103962
Carpet  Area,Ready To Move,Uttarahalli,2 BHK,871.2,2.0,2.0,28.98,2,2898000.0,3326.4462809917354
Super built-up  Area,Ready To Move,Kanakapura Road,4 Bedroom,2596.0,5.0,2.0,124.09,4,12409000.0,4780.046224961479
Super built-up  Area,Ready To Move,Chandapura Extension,3 Bedroom,1495.0,3.0,2.0,146.6,3,14660000.0,9806.020066889632
Super built-up  Area,Ready To Move,Hennur,4 BHK,2381.0,4.0,0.0,155.55,4,15555000.000000002,6532.969340613188
Carpet  Area,18-Jun,Jalahalli Block,2 BHK,1298.25,3.0,0.0,89.92,2,8992000.0,6926.246870787599
Built-up  Area,Ready To Move,Uttarahalli,3 BHK,1971.0,3.0,1.0,70.19,3,7019000.0,3561.136478944698
Carpet  Area,18-Dec,Yeshwanthpur,2 BHK,1435.0,2.0,1.0,80.29,2,8029000.000000001,5595.121951219513
Super built-up  Area,19-Mar,Indiranagar,3 BHK,2090.0,4.0,1.0,256.52,3,25652000.0,12273.684210526315
Built-up  Area,Ready To Move,Ramamurthy Nagar Extension,3 Bedroom,2096.0,3.0,2.0,81.95,3,8195000.0,3909.828244274809
Super built-up  Area,Ready To Move,Gottigere Township,2 BHK,1160.0,2.0,1.0,102.72,2,10272000.0,8855.172413793103
Super built-up  Area,18-Jun,Kaggadasapura Block,1 BHK,570.809617,2.0,1.0,33.48,1,3347999.9999999995,5865.353176066057
Plot  Area,18-Jun,Sonnenahalli Block,4 BHK,1894.5,4.0,2.0,135.02,4,13502000.000000002,7126.946423858539
Built-up  Area,Ready To Move,Yelahanka,4 Bedroom,2185.0,4.0,0.0,83.01,4,8301000.000000001,3799.0846681922203
Built-up  Area,Ready To Move,Dodballapur Road Phase 1,3 BHK,1375.41,3.0,1.0,47.4,3,4740000.0,3446.2451196370534
Super built-up  Area,Ready To Move,Bellandur,2 Bedroom,930.0,2.0,1.0,51.93,2,5193000.0,5583.870967741936
Super built-up  Area,Ready To Move,Uttarahalli,3 BHK,1603.11,4.0,2.0,67.98,3,6798000.0,4240.507513520594
Built-up  Area,18-Dec,Btm Layout,3 Bedroom,1505.47,3.0,0.0,112.13,3,11213000.0,7448.172331564229
Carpet  Area,Ready To Move,Kengeri,1 BHK,771.0,1.0,1.0,33.47,1,3347000.0,4341.115434500649
Carpet  Area,Ready To Move,Thanisandra Phase 2,3 Bedroom,1742.4,3.0,3.0,71.48,3,7148000.0,4102.3875114784205
Built-up  Area,Ready To Move,Gottigere Layout,3 BHK,1721.0,4.0,1.0,159.39,3,15938999.999999998,9261.475886112725
Built-up  Area,Ready To Move,Dodballapur Road Phase 1,2 BHK,1002.0,2.0,3.0,40.66,2,4065999.9999999995,4057.8842315369257
Built-up  Area,Ready To Move,Jp Nagar,3 BHK,1736.5,4.0,1.0,122.22,3,12222000.0,7038.295421825511
Super built-up  Area,Ready To Move,Pattandur Agrahara Layout,5 BHK,3375.9,4.0,1.0,136.12,5,13612000.0,4032.1099558636215
Super built-up  Area,Ready To Move,Kalyan Nagar Block,3 BHK,1646.0,4.0,0.0,131.85,3,13185000.0,8010.328068043743
Plot  Area,Ready To Move,Ramamurthy Nagar Stage 2,2 BHK,1066.0,3.0,2.0,111.19,2,11119000.0,10430.581613508442
Super built-up  Area,Ready To Move,Sarjapur Road,2 BHK,910.404,2.0,2.0,39.7,2,3970000.0000000005,4360.701402893661
Super built-up  Area,Ready To Move,Kr Puram,3 BHK,2202.5025,4.0,1.0,100.95,3,10095000.0,4583.422720292031
Super built-up  Area,Ready To Move,Ambalipura Phase 2,4 BHK,2256.0,4.0,1.0,236.47,4,23647000.0,10481.826241134751
Built-up  Area,Ready To Move,Kadugodi Colony,1 BHK,331.0,1.0,1.0,16.12,1,1612000.0,4870.090634441088
Built-up  Area,Ready To Move,Bannerghatta Road,3 BHK,1638.945,3.0,2.0,73.75,3,7375000.0,4499.845937478073
Super built-up  Area,Ready To Move,Jayanagar,2 BHK,1095.65,2.0,0.0,113.67,2,11367000.0,10374.663441792542
Carpet  Area,19-Mar,Hebbal,1 BHK,472.0,1.0,2.0,28.01,1,2801000.0,5934.322033898305
Carpet  Area,Ready To Move,Basavanagudi,3 BHK,2108.0,3.0,0.0,217.12,3,21712000.0,10299.810246679317
Built-up  Area,Ready To Move,Mahadevapura Nagar,2 Bedroom,1234.61933,2.0,3.0,59.0,2,5900000.0,4778.8009280561
Super built-up  Area,Ready To Move,Old Airport Road Gardens,4 Bedroom,2653.0,4.0,2.0,123.72,4,12372000.0,4663.3999246136445
Super built-up  Area,Ready To Move,Basavanagudi,3 BHK,1647.0,4.0,2.0,141.35,3,14135000.0,8582.27079538555
Super built-up  Area,Ready To Move,Marathahalli,2 BHK,1282.0,1.0,0.0,83.48,2,8348000.0,6511.700468018721
Built-up  Area,Ready To Move,Banashankari,2 BHK,1028.0,2.0,2.0,49.87,2,4987000.0,4851.167315175097
Carpet  Area,Ready To Move,Sarjapur Road,2 Bedroom,1284.9943819999999,2.0,0.0,78.45,2,7845000.0,6105.0850570956045
Super built-up  Area,Ready To Move,Subramanyapura Gardens,3 BHK,1701.73,4.0,1.0,142.88,3,14288000.0,8396.161553242877
Built-up  Area,Ready To Move,Yelahanka,3 BHK,1248.64,3.0,2.0,54.14,3,5414000.0,4335.917478216299
Super built-up  Area,19-May,Kaggadasapura Phase 2,2 Bedroom,1018.5,1.0,0.0,44.1,2,4410000.0,4329.896907216495
Super built-up  Area,Ready To Move,Chandapura Stage 2,3 BHK,1402.0,3.0,3.0,135.19,3,13519000.0,9642.65335235378
Built-up  Area,Ready To Move,Hsr Layout,2 Bedroom,1072.0,3.0,1.0,81.55,2,8155000.0,7607.276119402985
Plot  Area,Ready To Move,Vijayanagar,1 BHK,665.66,1.0,0.0,37.21,1,3721000.0,5589.940810624043
Super built-up  Area,Ready To Move,Hsr Layout,2 BHK,1114.709484,1.0,0.0,96.05,2,9605000.0,8616.594850824828
Built-up  Area,Ready To Move,Marathahalli,3 BHK,1821.39,3.0,0.0,118.72,3,11872000.0,6518.098814641565
Built-up  Area,18-Nov,Kr Puram,3 BHK,1550.736,3.0,1.0,72.56,3,7256000.0,4679.068519722247
Super built-up  Area,Ready To Move,Domlur,3 BHK,2194.0,2.0,0.0,183.34,3,18334000.0,8356.426618049225
Built-up  Area,Ready To Move,Kanakapura Road,2 BHK,1284.0,2.0,2.0,63.57,2,6357000.0,4950.934579439252
Super built-up  Area,Ready To Move,Whitefield,2 BHK,974.0,2.0,0.0,58.3,2,5830000.0,5985.626283367556
Built-up  Area,Ready To Move,Btm Layout,3 BHK,1628.78,3.0,2.0,79.35,3,7934999.999999999,4871.744495880352
Built-up  Area,18-Nov,Yelahanka,3 Bedroom,2118.0,3.0,0.0,82.86,3,8286000.0,3912.1813031161473
Built-up  Area,Ready To Move,Jayanagar,4 BHK,2438.5,4.0,0.0,202.8,4,20280000.0,8316.588066434284
Super built-up  Area,Ready To Move,Jayanagar,1 BHK,669.0,1.0,2.0,59.63,1,5963000.0,8913.303437967115
Super built-up  Area,Ready To Move,Cv Raman Nagar,4 BHK,2787.0,4.0,1.0,201.85,4,20185000.0,7242.554718335127
Plot  Area,18-Jun,Koramangala,5 BHK,3116.0,5.0,1.0,389.49,5,38949000.0,12499.679075738126
Super built-up  Area,Ready To Move,Malleshwaram,4 Bedroom,2343.75,3.0,2.0,196.95,4,19695000.0,8403.2
Super built-up  Area,18-Nov,Gunjur Colony,4 BHK,2762.1,4.0,2.0,135.91,4,13591000.0,4920.531479671265
Plot  Area,Ready To Move,Kanakapura Road,2 BHK,1158.0,1.0,1.0,52.21,2,5221000.0,4508.635578583765
Plot  Area,Ready To Move,Horamavu Block,3 BHK,2159.0,4.0,0.0,235.89,3,23589000.0,10925.891616489116
Built-up  Area,Ready To Move,Indiranagar,3 BHK,1716.2640000000001,3.0,2.0,218.78,3,21878000.0,12747.456102324582
Super built-up  Area,Ready To Move,Koramangala,1 Bedroom,622.0,1.0,2.0,79.14,1,7914000.0,12723.47266881029
Super built-up  Area,Ready To Move,Sarjapur Road,2 BHK,1371.33,3.0,1.0,81.28,2,8128000.0,5927.092676452787
Built-up  Area,Ready To Move,Jp Nagar,2 Bedroom,991.0,2.0,3.0,57.6,2,5760000.0,5812.310797174571
Carpet  Area,Ready To Move,Domlur,1 BHK,536.0,1.0,2.0,73.39,1,7339000.0,13692.164179104477
Built-up  Area,Ready To Move,Varthur,3 BHK,1910.38,3.0,2.0,77.54,3,7754000.000000001,4058.878338341063
Super built-up  Area,Ready To Move,Hennur,2 BHK,1352.5,1.0,0.0,67.2,2,6720000.0,4968.576709796673
Super built-up  Area,19-Aug,Whitefield,3 Bedroom,1537.7307540000002,3.0,2.0,79.54,3,7954000.000000001,5172.557015790815
Super built-up  Area,Ready To Move,Jp Nagar,2 BHK,1064.0,3.0,1.0,78.48,2,7848000.0,7375.93984962406
Super built-up  Area,19-Mar,Hsr Layout,1 BHK,606.5,1.0,1.0,49.33,1,4933000.0,8133.553173948887
Super built-up  Area,Ready To Move,Btm Layout,3 BHK,2045.0,2.0,1.0,163.28,3,16328000.0,7984.352078239609
Super built-up  Area,Ready To Move,Singasandra Nagar,3 Bedroom,1355.0,4.0,0.0,125.86,3,12586000.0,9288.560885608857
Super built-up  Area,Ready To Move,Singasandra Nagar,1 BHK,513.0,1.0,1.0,53.01,1,5301000.0,10333.333333333334
Super built-up  Area,Ready To Move,Devanahalli Stage 2,2 BHK,1106.0,2.0,0.0,47.97,2,4797000.0,4337.2513562386985
Built-up  Area,19-Mar,Other,1 Bedroom,628.63,1.0,2.0,56.53,1,5653000.0,8992.571146779504
Built-up  Area,Ready To Move,Ambalipura Extension,3 BHK,1313.16,2.0,3.0,69.13,3,6913000.0,5264.400377714825
Built-up  Area,Ready To Move,Hsr Layout,1 BHK,657.0,1.0,0.0,46.65,1,4665000.0,7100.456621004566
Super built-up  Area,Ready To Move,Uttarahalli,2 BHK,1386.0,2.0,2.0,56.36,2,5636000.0,4066.3780663780663
Carpet  Area,Ready To Move,Kalyan Nagar Block,3 Bedroom,1828.0,2.0,1.0,140.1,3,14010000.0,7664.113785557987
Super built-up  Area,Ready To Move,Nagavara Enclave,2 BHK,1001.34,1.0,0.0,33.4,2,3340000.0,3335.530389278367
Super built-up  Area,Ready To Move,Hebbal,2 BHK,1319.48,2.0,1.0,92.29,2,9229000.0,6994.422045048049
Super built-up  Area,Ready To Move,Subramanyapura Gardens,2 BHK,1434.0,2.0,2.0,125.45,2,12545000.0,8748.256624825663
Carpet  Area,Ready To Move,Horamavu Nagar,1 BHK,483.0,2.0,1.0,20.62,1,2062000.0,4269.151138716356
Built-up  Area,Ready To Move,Chikkabanavara Enclave,3 BHK,1210.0,3.0,2.0,122.31,3,12231000.0,10108.264462809917
Super built-up  Area,Ready To Move,Btm Layout,2 BHK,950.0,1.0,3.0,65.67,2,6567000.0,6912.631578947368
Carpet  Area,Ready To Move,Thanisandra Phase 1,3 Bedroom,2098.0,3.0,1.0,75.39,3,7539000.0,3593.4223069590084
Super built-up  Area,18-Jun,Btm Layout,4 BHK,1790.3160000000003,4.0,1.0,160.74,4,16074000.0,8978.303271601213
Super built-up  Area,Ready To Move,Vijayanagar,4 BHK,2907.9752240000003,5.0,3.0,197.68,4,19768000.0,6797.85709205891
Plot  Area,Ready To Move,Vijayanagar,2 BHK,1246.54,2.0,2.0,75.91,2,7591000.0,6089.656168273782
Super built-up  Area,19-Mar,Whitefield,1 BHK,621.0,2.0,0.0,41.78,1,4178000.0,6727.858293075685
Carpet  Area,Ready To Move,Whitefield,1 BHK,558.49,1.0,2.0,32.63,1,3263000.0000000005,5842.539705276729
Carpet  Area,Ready To Move,Chandapura Main Road,3 BHK,2156.0,4.0,3.0,194.35,3,19435000.0,9014.378478664194
Super built-up  Area,Ready To Move,Yelahanka,3 BHK,1586.0,3.0,3.0,75.99,3,7598999.999999999,4791.298865069356
Super built-up  Area,18-Dec,Basavanagudi,2 BHK,1212.0,2.0,2.0,114.71,2,11471000.0,9464.521452145214
Super built-up  Area,Ready To Move,Kr Puram,3 BHK,1411.0,3.0,0.0,75.29,3,7529000.000000001,5335.931963146705
Super built-up  Area,Ready To Move,Yeshwanthpur,3 BHK,1810.0,3.0,3.0,98.38,3,9838000.0,5435.359116022099
Built-up  Area,Ready To Move,Kanakapura Road,4 BHK,2775.0,3.0,2.0,131.22,4,13122000.0,4728.648648648648
Super built-up  Area,18-Dec,Yelenahalli Enclave,5 BHK,2363.13,6.0,2.0,150.59,5,15059000.0,6372.480566028953
Plot  Area,Ready To Move,Sarjapur Road,2 Bedroom,1284.0,2.0,1.0,76.82,2,7681999.999999999,5982.866043613706
Carpet  Area,Ready To Move,Electronic City,3 BHK,1769.31,3.0,0.0,72.71,3,7270999.999999999,4109.511617523215
Built-up  Area,Ready To Move,Kr Puram,3 Bedroom,1295.95,4.0,2.0,54.75,3,5475000.0,4224.700027007215
Carpet  Area,Ready To Move,Hsr Layout,2 Bedroom,1070.0,2.0,0.0,78.05,2,7805000.0,7294.392523364486
Built-up  Area,Ready To Move,Sompura Main Road,5 BHK,2852.0,5.0,2.0,169.09,5,16909000.0,5928.821879382889
Super built-up  Area,Ready To Move,Banashankari,2 BHK,1197.0,2.0,3.0,78.34,2,7834000.0,6544.69507101086
Plot  Area,Ready To Move,Sarjapur Stage 2,1 Bedroom,642.0,1.0,0.0,38.66,1,3865999.9999999995,6021.806853582554
Super built-up  Area,Ready To Move,Jp Nagar,3 Bedroom,1648.0,3.0,0.0,122.15,3,12215000.0,7412.014563106796
Super built-up  Area,Ready To Move,Jayanagar,2 BHK,879.0,2.0,1.0,78.43,2,7843000.000000001,8922.639362912401
Plot  Area,Ready To Move,Devanahalli Extension,2 BHK,1527.0,2.0,1.0,131.36,2,13136000.000000002,8602.488539620172
Super built-up  Area,Ready To Move,Banashankari,2 BHK,1340.0,3.0,0.0,90.81,2,9081000.0,6776.865671641791
Built-up  Area,Ready To Move,Bellandur,3 BHK,1764.0,4.0,1.0,107.09,3,10709000.0,6070.861678004535
Super built-up  Area,Ready To Move,Btm Layout,5 BHK,3278.0,6.0,3.0,192.19,5,19219000.0,5863.026235509457
Super built-up  Area,Ready To Move,Electronic City,2 BHK,1187.01,2.0,2.0,49.61,2,4961000.0,4179.40876656473
Carpet  Area,Ready To Move,Kr Puram,3 Bedroom,1925.15,2.0,1.0,72.95,3,7295000.0,3789.3151183024697
Built-up  Area,Ready To Move,Varthur,4 BHK,2174.0,3.0,2.0,85.14,4,8514000.0,3916.2833486660534
Carpet  Area,Ready To Move,Btm Layout,2 BHK,1067.0,2.0,1.0,63.98,2,6398000.0,5996.251171508903
Super built-up  Area,Ready To Move,Whitefield,3 BHK,1703.0,3.0,1.0,108.47,3,10847000.0,6369.348209042865
Super built-up  Area,19-Mar,Subramanyapura Main Road,2 BHK,949.0,2.0,2.0,65.72,2,6572000.0,6925.1844046364595
Super built-up  Area,Ready To Move,Indiranagar,2 BHK,1066.810129,1.0,3.0,154.28,2,15428000.0,14461.804945985848
Super built-up  Area,Ready To Move,Basavanagudi,2 BHK,1241.0,2.0,2.0,115.04,2,11504000.0,9269.943593875907
Carpet  Area,Ready To Move,Yelahanka,3 BHK,1502.51,2.0,2.0,70.74,3,7073999.999999999,4708.121742950129
Super built-up  Area,Ready To Move,Nagavara Main Road,2 BHK,1163.0,2.0,2.0,37.65,2,3765000.0,3237.31728288908
Built-up  Area,Ready To Move,Sarjapur Road,6 BHK,3394.0,6.0,2.0,225.88,6,22588000.0,6655.274012964054
Super built-up  Area,Ready To Move,Kanakapura Road,1 BHK,590.0,1.0,2.0,25.77,1,2577000.0,4367.796610169492
Carpet  Area,18-Dec,Hebbal,4 BHK,2366.0,4.0,1.0,140.32,4,14032000.0,5930.6846999154695
Built-up  Area,Ready To Move,Cv Raman Nagar,3 BHK,1905.75,3.0,3.0,126.9,3,12690000.0,6658.795749704841
Super built-up  Area,Ready To Move,Cv Raman Nagar,1 BHK,700.0,2.0,2.0,46.44,1,4644000.0,6634.285714285715
Built-up  Area,Ready To Move,Bellandur,2 BHK,1184.96,3.0,0.0,79.95,2,7995000.0,6747.063192006481
Carpet  Area,Ready To Move,Bellandur,3 BHK,1384.0,4.0,2.0,93.64,3,9364000.0,6765.8959537572255
Super built-up  Area,19-Mar,Uttarahalli,2 BHK,994.0,2.0,2.0,39.25,2,3925000.0,3948.692152917505
Super built-up  Area,19-Mar,Whitefield,2 BHK,1001.88,2.0,2.0,60.65,2,6065000.0,6053.619195911686
Built-up  Area,Ready To Move,Hebbal,4 BHK,2867.0,5.0,1.0,166.54,4,16654000.0,5808.859434949424
Plot  Area,Ready To Move,Banashankari,2 Bedroom,894.62,2.0,1.0,57.54,2,5754000.0,6431.781091413114
Built-up  Area,Ready To Move,Kr Puram,2 BHK,1441.0,2.0,1.0,65.98,2,6598000.0,4578.764746703678
Super built-up  Area,Ready To Move,Subramanyapura Gardens,3 BHK,1730.0,3.0,1.0,147.09,3,14709000.0,8502.312138728324
Super built-up  Area,Ready To Move,Ambalipura Extension,1 Bedroom,361.5,1.0,2.0,23.12,1,2312000.0,6395.573997233748
Built-up  Area,Ready To Move,Hebbal,1 BHK,398.0,2.0,0.0,27.32,1,2732000.0,6864.321608040201
Built-up  Area,18-Jun,Rajaji Nagar,2 BHK,894.0,3.0,1.0,79.94,2,7994000.0,8941.834451901566
Super built-up  Area,19-May,Varthur,3 BHK,1780.0,3.0,2.0,81.21,3,8120999.999999999,4562.359550561797
Carpet  Area,Ready To Move,Yelenahalli Township,2 BHK,1283.0,1.0,2.0,51.92,2,5192000.0,4046.7653936087295
Plot  Area,18-Nov,Marathahalli,3 BHK,1754.0,3.0,2.0,97.4,3,9740000.0,5553.021664766248
Super built-up  Area,Ready To Move,Hennur,3 BHK,2102.297309,3.0,2.0,121.51,3,12151000.0,5779.867551550007
Built-up  Area,Ready To Move,Basavanagudi,4 BHK,2552.0,5.0,1.0,198.18,4,19818000.0,7765.673981191223
Super built-up  Area,18-Nov,Begur Gardens,3 Bedroom,2018.83,3.0,2.0,189.51,3,18951000.0,9387.12026272643
Super built-up  Area,Ready To Move,Hebbal,2 BHK,954.0,2.0,2.0,62.7,2,6270000.0,6572.327044025157
Plot  Area,Ready To Move,Electronic City,4 BHK,2036.0,4.0,0.0,92.72,4,9272000.0,4554.027504911592
Super built-up  Area,Ready To Move,Koramangala,4 BHK,2338.0,4.0,1.0,285.57,4,28557000.0,12214.285714285714
Built-up  Area,Ready To Move,Yelahanka,6 BHK,3489.0,7.0,1.0,142.36,6,14236000.000000002,4080.252221266839
Super built-up  Area,Ready To Move,Yelenahalli Township,2 BHK,973.1641989999999,2.0,2.0,42.19,2,4219000.0,4335.342385524809
Super built-up  Area,18-Jun,Hennur,3 BHK,1909.0,3.0,3.0,97.64,3,9764000.0,5114.719748559455
Carpet  Area,Ready To Move,Jp Nagar,4 BHK,2027.0,3.0,3.0,150.71,4,15071000.0,7435.125801677355
Super built-up  Area,Ready To Move,Yeshwanthpur,2 BHK,918.0,2.0,0.0,50.96,2,5096000.0,5551.19825708061
Plot  Area,Ready To Move,Btm Layout,2 BHK,1150.5,3.0,3.0,81.54,2,8154000.000000001,7087.353324641461
Super built-up  Area,Ready To Move,Hennur,2 BHK,928.0,2.0,0.0,63.3,2,6330000.0,6821.120689655172
Built-up  Area,18-Dec,Malleshwaram,2 BHK,847.46,2.0,2.0,96.43,2,9643000.0,11378.708139617209
Super built-up  Area,19-Mar,Frazer Town,2 BHK,825.0,2.0,1.0,74.03,2,7403000.0,8973.333333333334
Super built-up  Area,Ready To Move,Kanakapura Road,2 BHK,1306.8,2.0,2.0,63.47,2,6347000.0,4856.9023569023575
Built-up  Area,19-May,Attibele Cross,4 Bedroom,2482.0,5.0,3.0,96.51,4,9651000.0,3888.3964544722
Built-up  Area,Ready To Move,Electronic City,2 Bedroom,830.61,3.0,1.0,38.13,2,3813000.0000000005,4590.60208762235
Super built-up  Area,Ready To Move,Old Airport Road Colony,2 Bedroom,1113.0,2.0,2.0,73.51,2,7351000.000000001,6604.672057502247
Super built-up  Area,Ready To Move,Rt Nagar,2 BHK,935.0,2.0,2.0,56.1,2,5610000.0,6000.0
Super built-up  Area,Ready To Move,Jalahalli Block,2 BHK,879.912,1.0,3.0,52.06,2,5206000.0,5916.500740983189
Super built-up  Area,Ready To Move,Yelahanka,2 BHK,1218.44,2.0,2.0,57.84,2,5784000.0,4747.053609533502
Built-up  Area,Ready To Move,Kaggadasapura Cross,3 BHK,1497.0,3.0,2.0,83.2,3,8320000.0,5557.782231128925
Plot  Area,Ready To Move,Cv Raman Nagar,3 BHK,1253.0,3.0,1.0,99.57,3,9957000.0,7946.528332003192
Super built-up  Area,Ready To Move,Rajaji Nagar,3 BHK,1871.2,3.0,1.0,151.28,3,15128000.0,8084.651560495939
Built-up  Area,19-May,Jayanagar,2 Bedroom,1172.0,2.0,2.0,122.12,2,12212000.0,10419.795221843004
Super built-up  Area,18-Jun,Subramanyapura Gardens,3 BHK,2069.1,3.0,0.0,179.87,3,17987000.0,8693.1516118119
Carpet  Area,19-May,Banashankari,3 BHK,1563.0,2.0,0.0,102.44,3,10244000.0,6554.06269993602
Super built-up  Area,19-Mar,Devanahalli Gardens,1 BHK,646.0,1.0,2.0,22.99,1,2299000.0,3558.823529411765
Built-up  Area,Ready To Move,Uttarahalli,3 BHK,2038.608,3.0,3.0,74.02,3,7402000.0,3630.908933939237
Super built-up  Area,Ready To Move,Whitefield,2 BHK,949.03,2.0,3.0,61.6,2,6160000.0,6490.838013550679
Super built-up  Area,Ready To Move,Yelahanka,2 BHK,1341.0,3.0,0.0,56.74,2,5674000.0,4231.17076808352
Super built-up  Area,18-Dec,Gottigere Township,1 BHK,577.1700000000001,1.0,1.0,46.43,1,4643000.0,8044.423653343035
Super built-up  Area,Ready To Move,Hebbal,2 BHK,1406.0,2.0,1.0,95.78,2,9578000.0,6812.233285917497
Carpet  Area,Ready To Move,Begur Gardens,3 BHK,1388.08,2.0,2.0,152.3,3,15230000.000000002,10971.990087026687
Super built-up  Area,Ready To Move,Kr Puram,3 BHK,2093.0,4.0,0.0,83.93,3,8393000.0,4010.0334448160534
Plot  Area,19-Aug,Cv Raman Nagar,2 BHK,1285.81,3.0,0.0,82.86,2,8286000.0,6444.186932750562
Super built-up  Area,Ready To Move,Varthur,2 BHK,1267.27,2.0,3.0,54.1,2,5410000.0,4269.019230313982
Plot  Area,18-Nov,Old Airport Road Gardens,2 BHK,1038.0,2.0,3.0,44.6,2,4460000.0,4296.7244701348745
Super built-up  Area,Ready To Move,Sarjapur Road,2 Bedroom,1413.0,2.0,0.0,91.07,2,9107000.0,6445.152158527954
Super built-up  Area,19-May,Kanakapura Road,2 Bedroom,1148.0,2.0,3.0,56.2,2,5620000.0,4895.470383275261
Super built-up  Area,18-Nov,Jayanagar,2 BHK,816.55,2.0,2.0,64.89,2,6489000.0,7946.849549935706
Super built-up  Area,Ready To Move,Sarjapur Road,2 BHK,1373.76,2.0,1.0,78.88,2,7888000.0,5741.905427440019
Super built-up  Area,Ready To Move,Koramangala,3 BHK,1881.0,2.0,3.0,212.69,3,21269000.0,11307.283359914938
Carpet  Area,Ready To Move,Yeshwanthpur,1 BHK,604.5,1.0,0.0,36.0,1,3600000.0,5955.334987593052
Super built-up  Area,Ready To Move,Btm Layout,2 Bedroom,1306.8,3.0,2.0,89.75,2,8975000.0,6867.921640648914
Super built-up  Area,Ready To Move,Malleshwaram,2 BHK,1205.08,2.0,2.0,131.26,2,13126000.0,10892.222922959472
Super built-up  Area,Ready To Move,Indiranagar,2 BHK,1258.192271,1.0,3.0,144.93,2,14493000.0,11518.907192523997
Super built-up  Area,Ready To Move,Sarjapur Stage 2,3 BHK,1464.0,4.0,0.0,96.15,3,9615000.0,6567.622950819672
Super built-up  Area,Ready To Move,Anekal Stage 2,3 BHK,1683.0,2.0,0.0,91.22,3,9122000.0,5420.083184789067
Super built-up  Area,Ready To Move,Kaggadasapura Layout,2 BHK,1139.0,2.0,2.0,42.76,2,4276000.0,3754.1703248463564
Built-up  Area,19-Mar,Singasandra Nagar,1 BHK,546.0,1.0,1.0,50.71,1,5071000.0,9287.545787545787
Super built-up  Area,Ready To Move,Sarjapur Road,2 BHK,1459.8001179999999,2.0,0.0,73.48,2,7348000.0,5033.565835072772
Carpet  Area,18-Jun,Whitefield Hope Farm Extension,2 BHK,868.0,1.0,0.0,39.36,2,3936000.0,4534.562211981567
Super built-up  Area,Ready To Move,Chandapura Extension,3 BHK,1656.0,4.0,2.0,173.7,3,17370000.0,10489.130434782608
Super built-up  Area,Ready To Move,Domlur,3 BHK,1870.3575,3.0,2.0,189.64,3,18964000.0,10139.23808683634
Super built-up  Area,Ready To Move,Attibele Phase 2,3 BHK,1559.0,3.0,2.0,152.9,3,15290000.0,9807.568954457985
Super built-up  Area,19-Aug,Bellandur,5 BHK,3152.0,5.0,3.0,184.18,5,18418000.0,5843.274111675127
Built-up  Area,Ready To Move,Vijayanagar,4 BHK,2656.43,4.0,1.0,184.73,4,18473000.0,6954.069935966692
Super built-up  Area,18-Dec,Cv Raman Nagar,3 BHK,1462.0,3.0,3.0,85.75,3,8575000.0,5865.253077975376
Super built-up  Area,Ready To Move,Whitefield,3 BHK,1889.0,4.0,0.0,113.96,3,11396000.0,6032.821598729486
Built-up  Area,Ready To Move,Vijayanagar,3 BHK,1456.0,3.0,3.0,106.31,3,10631000.0,7301.510989010989
Super built-up  Area,Ready To Move,Horamavu Stage 2,1 BHK,473.63,1.0,0.0,50.16,1,5016000.0,10590.545362413699
Plot  Area,Ready To Move,Ramamurthy Nagar Cross,2 BHK,1050.0,2.0,2.0,64.96,2,6495999.999999999,6186.666666666666
Built-up  Area,Ready To Move,Malleshwaram,2 BHK,1455.0,2.0,1.0,151.74,2,15174000.0,10428.865979381444
Built-up  Area,Ready To Move,Yelenahalli Layout,4 BHK,1961.5,4.0,0.0,117.79,4,11779000.0,6005.098139179199
Plot  Area,Ready To Move,Bellandur,1 Bedroom,574.0,1.0,2.0,35.71,1,3571000.0,6221.254355400697
Super built-up  Area,Ready To Move,Kengeri,3 BHK,1877.0,3.0,0.0,88.32,3,8832000.0,4705.380927011188
Built-up  Area,Ready To Move,Sathanur Gardens,3 BHK,1457.0,3.0,2.0,96.39,3,9639000.0,6615.648592999313
Built-up  Area,Ready To Move,Marathahalli,3 BHK,1388.475,3.0,0.0,76.77,3,7677000.0,5529.087668125102
Built-up  Area,Ready To Move,Ambalipura Phase 2,3 BHK,2183.0,2.0,0.0,213.31,3,21331000.0,9771.41548327989
Super built-up  Area,Ready To Move,Domlur,2 Bedroom,919.57,3.0,2.0,94.27,2,9427000.0,10251.530606696608
Super built-up  Area,Ready To Move,Jayanagar,2 BHK,1228.0,1.0,0.0,106.63,2,10663000.0,8683.224755700327
Built-up  Area,Ready To Move,Singasandra Extension,3 BHK,1658.0,3.0,2.0,146.26,3,14626000.0,8821.471652593485
Super built-up  Area,Ready To Move,Bellandur,2 BHK,1067.22,1.0,1.0,64.25,2,6425000.0,6020.314461872903
Super built-up  Area,19-May,Kengeri,3 Bedroom,1578.0,3.0,0.0,54.59,3,5459000.0,3459.442332065906
Carpet  Area,Ready To Move,Btm Layout,3 BHK,1932.0,3.0,3.0,141.0,3,14100000.0,7298.1366459627325
Super built-up  Area,Ready To Move,Rt Nagar,2 BHK,1376.496,1.0,2.0,73.95,2,7395000.0,5372.336715834989
Super built-up  Area,Ready To Move,Varthur,2 Bedroom,1415.0,3.0,1.0,59.14,2,5914000.0,4179.505300353357
Super built-up  Area,Ready To Move,Domlur,1 BHK,383.0,1.0,1.0,32.7,1,3270000.0000000005,8537.8590078329
Super built-up  Area,Ready To Move,Uttarahalli,2 BHK,1306.8,2.0,0.0,54.94,2,5494000.0,4204.162840526477
Built-up  Area,Ready To Move,Cv Raman Nagar,3 BHK,2138.7960000000003,4.0,0.0,127.3,3,12730000.0,5951.94679623489
Super built-up  Area,19-Mar,Varthur,3 BHK,1876.94,3.0,1.0,85.71,3,8571000.0,4566.47522030539
Built-up  Area,18-Dec,Banashankari,2 BHK,1117.0,3.0,1.0,61.73,2,6173000.0,5526.410026857655
Super built-up  Area,Ready To Move,Btm Layout,3 BHK,1902.0,4.0,0.0,118.55,3,11855000.0,6232.912723449001
Super built-up  Area,Ready To Move,Malleshwaram,2 BHK,1110.0,2.0,1.0,117.45,2,11745000.0,10581.081081081082
Super built-up  Area,Ready To Move,Yeshwanthpur,3 Bedroom,1778.0,2.0,3.0,112.36,3,11236000.0,6319.460067491564
Built-up  Area,Ready To Move,Jalahalli Gardens,4 BHK,1966.0,4.0,0.0,182.32,4,18232000.0,9273.652085452695
Built-up  Area,18-Dec,Jp Nagar,2 Bedroom,957.0,2.0,2.0,59.93,2,5993000.0,6262.277951933124
Built-up  Area,Ready To Move,Domlur,3 BHK,1796.85,3.0,3.0,157.94,3,15794000.0,8789.826641066311
Super built-up  Area,Ready To Move,Kengeri,3 BHK,1637.38,4.0,1.0,58.06,3,5806000.0,3545.908707813702
Plot  Area,Ready To Move,Sarjapur Road,3 BHK,1584.5,2.0,2.0,84.74,3,8474000.0,5348.05932470811
Built-up  Area,Ready To Move,Malleshwaram,1 Bedroom,506.0,2.0,1.0,52.68,1,5268000.0,10411.06719367589
Super built-up  Area,Ready To Move,Frazer Town,2 BHK,1458.0,1.0,0.0,136.07,2,13607000.0,9332.647462277091
Carpet  Area,Ready To Move,Banashankari,3 BHK,1867.4,3.0,3.0,132.67,3,13266999.999999998,7104.530363071649
Built-up  Area,Ready To Move,Subramanyapura Stage 2,4 Bedroom,2170.0,4.0,0.0,102.54,4,10254000.0,4725.345622119816
Carpet  Area,18-Nov,Marathahalli,2 BHK,937.5,2.0,3.0,55.84,2,5584000.0,5956.266666666666
Plot  Area,18-Nov,Mahadevapura Stage 2,1 BHK,742.063266,1.0,2.0,68.28,1,6828000.0,9201.371787078866
Super built-up  Area,Ready To Move,Sarjapur Enclave,6 BHK,3226.0,6.0,1.0,121.71,6,12171000.0,3772.783632982021
Super built-up  Area,Ready To Move,Hebbal,3 BHK,1764.18,3.0,2.0,123.15,3,12315000.0,6980.580212903445
Built-up  Area,Ready To Move,Ramamurthy Nagar Stage 2,3 BHK,1554.0,3.0,0.0,164.95,3,16494999.999999998,10614.543114543114
Super built-up  Area,Ready To Move,Jp Nagar,2 BHK,1284.0,3.0,1.0,94.27,2,9427000.0,7341.9003115264795
Super built-up  Area,Ready To Move,Sarjapur Road,2 BHK,1368.0,3.0,0.0,77.63,2,7763000.0,5674.707602339181
Super built-up  Area,Ready To Move,Yelahanka,1 BHK,587.0,1.0,3.0,24.76,1,2476000.0,4218.0579216354345
Super built-up  Area,Ready To Move,Hsr Layout,1 Bedroom,532.0,2.0,0.0,38.32,1,3832000.0,7203.007518796992
Built-up  Area,Ready To Move,Indiranagar,2 BHK,1321.0,2.0,1.0,152.96,2,15296000.0,11579.106737320211
Built-up  Area,Ready To Move,Malleshwaram,1 Bedroom,643.79,1.0,2.0,73.4,1,7340000.000000001,11401.23332142469
Built-up  Area,Ready To Move,Kanakapura Road,3 BHK,1845.77,3.0,0.0,71.14,3,7114000.0,3854.21802283058
Plot  Area,Ready To Move,Sarjapur Road,3 Bedroom,1373.94,2.0,2.0,90.42,3,9042000.0,6581.073409319184
Super built-up  Area,Ready To Move,Nallurhalli Township,3 BHK,1689.0,2.0,3.0,69.74,3,6973999.999999999,4129.070455891059
Super built-up  Area,18-Nov,Yelahanka,2 BHK,1439.0,2.0,0.0,61.99,2,6199000.0,4307.852675469076
Built-up  Area,Ready To Move,Sonnenahalli Main Road,3 Bedroom,1712.0,3.0,1.0,146.66,3,14666000.0,8566.58878504673
Super built-up  Area,Ready To Move,Jp Nagar,5 BHK,2567.0,5.0,3.0,195.51,5,19551000.0,7616.283599532529
Built-up  Area,Ready To Move,Gunjur Colony,3 BHK,1452.0,3.0,0.0,70.64,3,7064000.0,4865.013774104683
Super built-up  Area,Ready To Move,Rajaji Nagar,3 Bedroom,1473.47,2.0,0.0,118.86,3,11886000.0,8066.67254847401
Carpet  Area,Ready To Move,Jayanagar,2 BHK,1446.192,2.0,0.0,124.77,2,12477000.0,8627.485147200372
Super built-up  Area,Ready To Move,Sarjapur Stage 2,3 BHK,2099.0,2.0,1.0,142.49,3,14249000.0,6788.4707003334925
Built-up  Area,Ready To Move,Yeshwanthpur,1 Bedroom,549.68,1.0,0.0,28.97,1,2897000.0,5270.339106389172
Super built-up  Area,Ready To Move,Indiranagar,3 BHK,1654.05,4.0,2.0,179.3,3,17930000.0,10840.05924851123
Super built-up  Area,18-Nov,Ramamurthy Nagar Cross,1 BHK,505.54,1.0,1.0,34.47,1,3447000.0,6818.451556751196
Super built-up  Area,18-Jun,Electronic City,2 BHK,1145.0,3.0,1.0,46.53,2,4653000.0,4063.755458515284
Plot  Area,Ready To Move,Frazer Town,4 BHK,2172.0,4.0,1.0,185.77,4,18577000.0,8552.946593001841
Plot  Area,Ready To Move,Electronic City,3 BHK,1427.92,3.0,1.0,55.59,3,5559000.0,3893.075242310493
Built-up  Area,Ready To Move,Jp Nagar,3 BHK,2124.901499,4.0,0.0,143.28,3,14328000.0,6742.900791751006
Super built-up  Area,Ready To Move,Koramangala,3 Bedroom,2071.8225,3.0,0.0,253.19,3,25319000.0,12220.641488351439
Super built-up  Area,18-Jun,Nallurhalli Township,2 BHK,1202.0,1.0,0.0,46.57,2,4657000.0,3874.376039933444
Super built-up  Area,Ready To Move,Ramamurthy Nagar Stage 2,1 BHK,650.5,1.0,1.0,62.61,1,6261000.0,9624.903920061492
Super built-up  Area,Ready To Move,Sarjapur Road,2 BHK,1120.0,2.0,1.0,62.66,2,6266000.0,5594.642857142857
Built-up  Area,Ready To Move,Yelahanka,2 BHK,1306.0,3.0,3.0,50.74,2,5074000.0,3885.145482388974
Super built-up  Area,Ready To Move,Koramangala,6 BHK,4130.25,6.0,2.0,493.66,6,49366000.0,11952.303129350523
Super built-up  Area,Ready To Move,Frazer Town,5 BHK,2567.5,5.0,0.0,254.57,5,25457000.0,9915.092502434274
Plot  Area,Ready To Move,Btm Layout,3 BHK,1334.54,4.0,1.0,103.22,3,10322000.0,7734.50027724909
Built-up  Area,Ready To Move,Btm Layout,2 BHK,980.0,2.0,0.0,70.33,2,7033000.0,7176.530612244898
Super built-up  Area,Ready To Move,Kanakapura Road,6 BHK,2748.0,6.0,1.0,127.69,6,12769000.0,4646.65211062591
Built-up  Area,18-Dec,Hebbal,3 BHK,2076.0,3.0,0.0,137.67,3,13766999.999999998,6631.5028901734095
Super built-up  Area,19-May,Hsr Layout,3 BHK,1456.0,2.0,2.0,120.71,3,12071000.0,8290.521978021978
Built-up  Area,Ready To Move,Harlur Nagar,6 BHK,3571.9199999999996,6.0,1.0,347.08,6,34708000.0,9716.90295415351
Built-up  Area,Ready To Move,Btm Layout,3 BHK,1606.0,3.0,2.0,123.74,3,12374000.0,7704.856787048568
Super built-up  Area,19-May,Bellandur,2 BHK,1331.0,3.0,2.0,89.45,2,8945000.0,6720.510894064613
Super built-up  Area,Ready To Move,Whitefield,2 Bedroom,1306.0,2.0,1.0,88.11,2,8811000.0,6746.554364471669
Carpet  Area,Ready To Move,Varthur,2 Bedroom,1017.5,3.0,0.0,41.63,2,4163000.0000000005,4091.400491400492
Super built-up  Area,18-Nov,Electronic City,3 Bedroom,1415.0,2.0,1.0,50.06,3,5006000.0,3537.809187279152
Built-up  Area,Ready To Move,Thanisandra Phase 2,3 BHK,1365.5,3.0,0.0,57.15,3,5715000.0,4185.280117173196
Built-up  Area,Ready To Move,Bannerghatta Road,2 BHK,1199.0,2.0,2.0,50.89,2,5089000.0,4244.370308590492
Super built-up  Area,Ready To Move,Jayanagar,2 BHK,1311.0,2.0,1.0,103.27,2,10327000.0,7877.19298245614
Super built-up  Area,Ready To Move,Nagarbhavi Gardens,3 BHK,1961.0,3.0,0.0,185.23,3,18523000.0,9445.690973992861
Super built-up  Area,Ready To Move,Cv Raman Nagar,3 Bedroom,1346.0,3.0,2.0,96.58,3,9658000.0,7175.334323922734
Super built-up  Area,Ready To Move,Bellandur,2 BHK,854.0,2.0,1.0,62.97,2,6297000.0,7373.536299765808
Super built-up  Area,Ready To Move,Sompura Colony,6 Bedroom,3482.06,6.0,1.0,138.98,6,13897999.999999998,3991.3154856607866
Super built-up  Area,19-Mar,Yelahanka,2 BHK,1045.0,2.0,2.0,54.11,2,5411000.0,5177.99043062201
Super built-up  Area,Ready To Move,Devanahalli Extension,4 BHK,2400.0,4.0,1.0,243.79,4,24379000.0,10157.916666666666
Super built-up  Area,Ready To Move,Basavanagudi,2 BHK,1045.0,2.0,2.0,88.06,2,8806000.0,8426.794258373206
Carpet  Area,Ready To Move,Yeshwanthpur,2 BHK,1389.0,1.0,2.0,89.22,2,8922000.0,6423.326133909287
Built-up  Area,Ready To Move,Kr Puram,1 BHK,525.0,1.0,1.0,24.49,1,2449000.0,4664.761904761905
Built-up  Area,Ready To Move,Gunjur Colony,2 BHK,1338.0,2.0,1.0,60.17,2,6017000.0,4497.010463378177
Super built-up  Area,Ready To Move,Whitefield,2 Bedroom,1073.0,3.0,1.0,69.58,2,6958000.0,6484.622553588071
Built-up  Area,Ready To Move,Jp Nagar,3 Bedroom,1457.0,3.0,0.0,87.44,3,8744000.0,6001.372683596431
Super built-up  Area,18-Nov,Marathahalli,3 BHK,2165.0,3.0,1.0,140.03,3,14003000.0,6467.898383371825
Super built-up  Area,18-Dec,Hebbal,3 BHK,1485.0,4.0,3.0,100.72,3,10072000.0,6782.491582491582
Super built-up  Area,Ready To Move,Koramangala,2 BHK,1214.85,2.0,0.0,135.81,2,13581000.0,11179.157920730955
Built-up  Area,Ready To Move,Jp Nagar,1 BHK,722.0,1.0,1.0,51.6,1,5160000.0,7146.814404432133
Super built-up  Area,18-Jun,Kengeri,2 Bedroom,980.0,2.0,2.0,39.42,2,3942000.0,4022.4489795918366
Super built-up  Area,Ready To Move,Vijayanagar,3 BHK,1557.0,2.0,2.0,108.23,3,10823000.0,6951.188182402056
Built-up  Area,Ready To Move,Cv Raman Nagar,1 BHK,613.0,1.0,1.0,50.67,1,5067000.0,8265.905383360521
Super built-up  Area,18-Dec,Devanahalli Stage 2,3 BHK,1458.0,2.0,2.0,71.53,3,7153000.0,4906.035665294925
Super built-up  Area,Ready To Move,Marathahalli,6 BHK,3717.0,6.0,2.0,215.76,6,21576000.0,5804.681194511703
Built-up  Area,Ready To Move,Kr Puram,3 BHK,1844.0,3.0,1.0,69.01,3,6901000.000000001,3742.4078091106294
Built-up  Area,Ready To Move,Yelahanka,2 BHK,1424.0,2.0,2.0,59.72,2,5972000.0,4193.820224719101
Super built-up  Area,18-Jun,Kanakapura Road,5 BHK,3399.0,6.0,2.0,129.25,5,12925000.0,3802.588996763754
Built-up  Area,Ready To Move,Malleshwaram,3 BHK,2034.0,3.0,2.0,215.43,3,21543000.0,10591.445427728613
Super built-up  Area,19-Mar,Sarjapur Road,3 Bedroom,1742.4,3.0,3.0,90.09,3,9009000.0,5170.454545454545
Super built-up  Area,18-Dec,Yelahanka,1 BHK,477.0,1.0,1.0,19.62,1,1962000.0,4113.207547169812
Super built-up  Area,Ready To Move,Varthur,3 BHK,2097.0,2.0,1.0,78.39,3,7839000.0,3738.197424892704
Plot  Area,18-Dec,Hennur,4 BHK,2352.880901,3.0,1.0,163.85,4,16385000.0,6963.803392273785
Carpet  Area,Ready To Move,Nagavara Enclave,3 BHK,1795.0,4.0,2.0,60.25,3,6025000.0,3356.5459610027856
Super built-up  Area,Ready To Move,Kengeri,5 Bedroom,3346.0,5.0,3.0,131.94,5,13194000.0,3943.2157800358636
Super built-up  Area,Ready To Move,Electronic City,2 Bedroom,1263.0,3.0,2.0,45.42,2,4542000.0,3596.1995249406177
Super built-up  Area,Ready To Move,Kumaraswamy Layout Phase 1,3 BHK,1916.0,3.0,2.0,107.49,3,10749000.0,5610.125260960334
Plot  Area,Ready To Move,Frazer Town,4 BHK,2641.0,4.0,3.0,261.32,4,26132000.0,9894.736842105263
Super built-up  Area,Ready To Move,Sarjapur Road,2 BHK,877.96,2.0,2.0,60.78,2,6078000.0,6922.866645405257
Built-up  Area,Ready To Move,Btm Layout,2 BHK,1342.0,2.0,0.0,69.79,2,6979000.000000001,5200.4470938897175
Super built-up  Area,19-Mar,Cv Raman Nagar,4 BHK,2534.5,5.0,1.0,198.29,4,19829000.0,7823.633852830933
Super built-up  Area,Ready To Move,Sarjapur Road,2 BHK,865.0,2.0,2.0,44.98,2,4498000.0,5200.0
Super built-up  Area,Ready To Move,Sathanur Gardens,1 BHK,658.0,1.0,0.0,37.82,1,3782000.0,5747.720364741642
Super built-up  Area,Ready To Move,Marathahalli,1 BHK,707.0,1.0,2.0,40.72,1,4072000.0,5759.547383309759
Plot  Area,18-Jun,Vijayanagar,2 BHK,1184.0,2.0,1.0,72.63,2,7263000.0,6134.290540540541
Super built-up  Area,Ready To Move,Kr Puram,2 BHK,1269.0,3.0,0.0,54.55,2,5455000.0,4298.66036249015
Super built-up  Area,Ready To Move,Kr Puram,4 BHK,2509.0,4.0,0.0,120.09,4,12009000.0,4786.369071343164
Carpet  Area,Ready To Move,Kalyan Nagar Block,3 BHK,1429.5,2.0,1.0,120.65,3,12065000.0,8440.01399090591
Carpet  Area,Ready To Move,Bannerghatta Road,4 BHK,2007.0,4.0,2.0,95.03,4,9503000.0,4734.927752864973
Carpet  Area,Ready To Move,Basavanagudi,2 BHK,1084.5,2.0,2.0,91.49,2,9149000.0,8436.145689257723
Super built-up  Area,Ready To Move,Vijayanagar,3 BHK,2049.0,3.0,0.0,128.31,3,12831000.0,6262.07906295754
Super built-up  Area,Ready To Move,Pattandur Agrahara Colony,3 Bedroom,1405.0,4.0,1.0,74.27,3,7427000.0,5286.120996441281
Super built-up  Area,Ready To Move,Marathahalli,3 Bedroom,2080.97,3.0,1.0,138.91,3,13891000.0,6675.2524063297415
Super built-up  Area,Ready To Move,Sathanur Extension,1 Bedroom,474.0,1.0,1.0,19.03,1,1903000.0,4014.7679324894516
Built-up  Area,Ready To Move,Basavanagudi,3 BHK,1396.0,3.0,1.0,154.5,3,15450000.0,11067.335243553009
Built-up  Area,Ready To Move,Banashankari,3 BHK,2077.0,3.0,2.0,149.39,3,14938999.999999998,7192.585459797784
Built-up  Area,19-May,Kumaraswamy Layout Layout,5 BHK,3044.0,5.0,2.0,135.68,5,13568000.0,4457.293035479632
Built-up  Area,Ready To Move,Btm Layout,1 BHK,706.0,1.0,1.0,43.52,1,4352000.0,6164.305949008499
Super built-up  Area,Ready To Move,Kr Puram,2 BHK,1184.832,2.0,2.0,57.21,2,5721000.0,4828.532652730513
Built-up  Area,Ready To Move,Whitefield,2 BHK,1486.485,3.0,3.0,74.02,2,7402000.0,4979.532252259525
Super built-up  Area,Ready To Move,Malleshwaram,1 BHK,754.55,2.0,0.0,64.63,1,6463000.0,8565.370088132
Super built-up  Area,Ready To Move,Marathahalli,3 Bedroom,1527.0,4.0,2.0,105.77,3,10577000.0,6926.653569089718
Built-up  Area,Ready To Move,Sarjapur Enclave,4 BHK,2046.0,3.0,1.0,68.83,4,6883000.0,3364.125122189638
Super built-up  Area,Ready To Move,Sonnenahalli Stage 2,2 BHK,957.0,2.0,3.0,106.61,2,10661000.0,11140.02089864159
Carpet  Area,Ready To Move,Kadugodi Colony,2 Bedroom,1190.0,1.0,3.0,56.99,2,5699000.0,4789.075630252101
Super built-up  Area,19-May,Kr Puram,3 Bedroom,2020.0,2.0,0.0,96.54,3,9654000.0,4779.207920792079
Super built-up  Area,Ready To Move,Jp Nagar,2 BHK,947.43,2.0,0.0,66.21,2,6620999.999999999,6988.379088692568
Super built-up  Area,Ready To Move,Gottigere Phase 2,5 BHK,3186.93,5.0,2.0,244.65,5,24465000.0,7676.666886313788
Super built-up  Area,Ready To Move,Yelahanka,3 BHK,1297.5,2.0,2.0,60.15,3,6015000.0,4635.838150289017
Built-up  Area,Ready To Move,Cv Raman Nagar,2 BHK,1122.5,2.0,3.0,67.56,2,6756000.0,6018.708240534521
Super built-up  Area,Ready To Move,Whitefield,2 BHK,1436.0,2.0,2.0,90.77,2,9077000.0,6321.030640668524
Built-up  Area,Ready To Move,Basavanagudi,1 BHK,615.5,1.0,1.0,53.52,1,5352000.0,8695.369618196588
Super built-up  Area,Ready To Move,Jayanagar,2 BHK,1287.0,3.0,2.0,126.5,2,12650000.0,9829.059829059828
Super built-up  Area,19-Aug,Yeshwanthpur,3 BHK,1371.48,3.0,1.0,88.17,3,8817000.0,6428.82141919678
Super built-up  Area,19-Aug,Anekal Phase 1,2 BHK,946.9,2.0,3.0,97.09,2,9709000.0,10253.458654556976
Carpet  Area,Ready To Move,Kaggadasapura Cross,4 BHK,2892.27,4.0,2.0,164.03,4,16403000.0,5671.323908210506
Super built-up  Area,Ready To Move,Frazer Town,2 Bedroom,994.0,1.0,2.0,90.65,2,9065000.0,9119.718309859154
Super built-up  Area,Ready To Move,Kr Puram,1 BHK,415.53,1.0,1.0,15.73,1,1573000.0,3785.5269174307514
Super built-up  Area,19-Mar,Vijayanagar,3 BHK,1673.0,3.0,0.0,96.99,3,9699000.0,5797.369994022713
Super built-up  Area,Ready To Move,Attibele Cross,2 Bedroom,1435.0,2.0,1.0,56.49,2,5649000.0,3936.5853658536585
Super built-up  Area,Ready To Move,Mahadevapura Nagar,2 Bedroom,1334.0,3.0,2.0,63.21,2,6321000.0,4738.380809595203
Super built-up  Area,Ready To Move,Marathahalli,3 Bedroom,1846.0,4.0,3.0,103.43,3,10343000.0,5602.925243770314
Built-up  Area,19-May,Yeshwanthpur,2 BHK,1221.0,3.0,0.0,86.98,2,8698000.0,7123.669123669124
Built-up  Area,Ready To Move,Subramanyapura Main Road,2 BHK,1021.0,2.0,0.0,67.39,2,6739000.0,6600.391772771793
Super built-up  Area,Ready To Move,Other,2 BHK,1360.0,3.0,0.0,72.9,2,7290000.000000001,5360.2941176470595
Super built-up  Area,Ready To Move,Kengeri,2 BHK,1424.412,1.0,3.0,58.49,2,5849000.0,4106.255774312488
Super built-up  Area,Ready To Move,Yeshwanthpur,2 Bedroom,1126.0,2.0,3.0,74.96,2,7495999.999999999,6657.193605683836
Carpet  Area,Ready To Move,Nagarbhavi Colony,3 BHK,1799.0,2.0,0.0,75.48,3,7548000.0,4195.6642579210675
Plot  Area,Ready To Move,Btm Layout,3 BHK,1742.4,3.0,3.0,104.79,3,10479000.0,6014.118457300276
Super built-up  Area,18-Jun,Whitefield,2 BHK,1098.0,2.0,0.0,60.97,2,6097000.0,5552.823315118397
Super built-up  Area,Ready To Move,Uttarahalli,2 BHK,1080.0,1.0,1.0,48.67,2,4867000.0,4506.481481481482
Super built-up  Area,Ready To Move,Btm Layout,2 BHK,1088.0,2.0,1.0,75.98,2,7598000.0,6983.455882352941
Super built-up  Area,Ready To Move,Vijayanagar,3 BHK,1656.0,2.0,0.0,109.26,3,10926000.0,6597.826086956522
Super built-up  Area,Ready To Move,Yelenahalli Township,2 BHK,1306.8,1.0,1.0,52.15,2,5215000.0,3990.6642179369455
Carpet  Area,19-May,Yelenahalli Township,2 BHK,1181.0,2.0,0.0,50.39,2,5039000.0,4266.723116003387
Super built-up  Area,Ready To Move,Kr Puram,2 BHK,1211.77,3.0,0.0,51.64,2,5164000.0,4261.534779702419
Super built-up  Area,19-May,Hsr Layout,4 BHK,2479.0,4.0,0.0,190.42,4,19042000.0,7681.323114158935
Super built-up  Area,Ready To Move,Btm Layout,5 BHK,3065.72,5.0,2.0,162.86,5,16286000.000000002,5312.292055373617
Built-up  Area,Ready To Move,Other,1 BHK,325.0,2.0,1.0,28.59,1,2859000.0,8796.923076923076
Plot  Area,Ready To Move,Nagarbhavi Main Road,2 Bedroom,854.42,1.0,3.0,47.54,2,4754000.0,5564.008333138269
Plot  Area,18-Dec,Banashankari,2 BHK,924.8,2.0,2.0,48.39,2,4839000.0,5232.482698961938
Built-up  Area,Ready To Move,Electronic City,2 BHK,1267.0,3.0,2.0,56.81,2,5681000.0,4483.820047355959
Built-up  Area,Ready To Move,Malleshwaram,1 BHK,617.89,1.0,2.0,68.96,1,6895999.999999999,11160.562559678907
Built-up  Area,Ready To Move,Kengeri,3 BHK,1467.5,2.0,2.0,59.44,3,5944000.0,4050.4258943781942
Super built-up  Area,Ready To Move,Yeshwanthpur,3 BHK,1310.289547,3.0,2.0,80.07,3,8006999.999999999,6110.863067123284
Super built-up  Area,Ready To Move,Nagavara Enclave,3 BHK,1818.0,4.0,1.0,71.29,3,7129000.000000001,3921.342134213422
Super built-up  Area,18-Jun,Haralur Road Colony,4 BHK,2583.0,3.0,2.0,219.08,4,21908000.0,8481.610530391019
Super built-up  Area,Ready To Move,Hennur,3 BHK,1742.4,3.0,2.0,109.02,3,10902000.0,6256.887052341597
Built-up  Area,Ready To Move,Bellandur,2 Bedroom,1453.7,2.0,1.0,109.71,2,10971000.0,7546.949164201692
Built-up  Area,Ready To Move,Jayanagar,2 Bedroom,1343.0,2.0,0.0,122.04,2,12204000.0,9087.118391660462
Built-up  Area,Ready To Move,Vasanthapura Extension,1 Bedroom,449.2,2.0,3.0,42.29,1,4229000.0,9414.514692787177
Super built-up  Area,Ready To Move,Kengeri,4 BHK,2371.0,4.0,3.0,84.56,4,8456000.0,3566.42766765078
Super built-up  Area,Ready To Move,Basavanagudi,4 BHK,2527.8,4.0,3.0,266.14,4,26614000.0,10528.522826172955
Super built-up  Area,Ready To Move,Devanahalli Extension,2 BHK,1248.3,2.0,2.0,114.01,2,11401000.0,9133.221180805896
Super built-up  Area,19-Mar,Electronic City,2 BHK,995.0,2.0,2.0,49.59,2,4959000.0,4983.91959798995
Built-up  Area,19-Mar,Kaggadasapura Layout,3 BHK,1354.11,3.0,0.0,56.67,3,5667000.0,4185.036666149722
Plot  Area,Ready To Move,Bannerghatta Road,2 BHK,1061.91,2.0,2.0,48.27,2,4827000.0,4545.582959007826
Super built-up  Area,19-May,Jalahalli Block,2 BHK,1042.0,1.0,1.0,78.69,2,7869000.0,7551.823416506718
Super built-up  Area,Ready To Move,Other,4 BHK,2009.0,4.0,2.0,192.74,4,19274000.0,9593.827775012443
Super built-up  Area,Ready To Move,Kengeri,3 Bedroom,1665.2,2.0,2.0,63.24,3,6324000.0,3797.7420129714146
Carpet  Area,Ready To Move,Bellandur,3 BHK,1350.36,3.0,2.0,90.49,3,9049000.0,6701.17598270091
Super built-up  Area,18-Dec,Banashankari,1 Bedroom,590.51,1.0,0.0,32.49,1,3249000.0,5502.023674450898
Plot  Area,Ready To Move,Varthur,3 BHK,1630.7775000000001,3.0,1.0,71.14,3,7114000.0,4362.336370228311
Super built-up  Area,Ready To Move,Jp Nagar,1 BHK,473.715,1.0,2.0,30.88,1,3088000.0,6518.687396430343
Super built-up  Area,Ready To Move,Hebbal,2 Bedroom,1259.5,2.0,2.0,77.45,2,7745000.0,6149.265581579992
Carpet  Area,Ready To Move,Electronic City,2 BHK,1060.0,2.0,0.0,50.74,2,5074000.0,4786.792452830188
Super built-up  Area,19-Aug,Kr Puram,2 Bedroom,1092.0,2.0,0.0,44.47,2,4447000.0,4072.3443223443223
Super built-up  Area,Ready To Move,Rt Nagar,3 BHK,2178.0,2.0,3.0,143.29,3,14329000.0,6578.971533516988
Super built-up  Area,18-Jun,Banashankari,3 BHK,1714.0,3.0,1.0,92.04,3,9204000.0,5369.894982497083
Super built-up  Area,Ready To Move,Kanakapura Road,1 Bedroom,614.0,1.0,0.0,25.5,1,2550000.0,4153.094462540716
Super built-up  Area,Ready To Move,Electronic City,2 Bedroom,1027.0,2.0,0.0,44.23,2,4423000.0,4306.718597857838
Built-up  Area,Ready To Move,Indiranagar,2 BHK,1116.74,1.0,1.0,150.65,2,15065000.0,13490.158855239357
Built-up  Area,Ready To Move,Hennur,3 BHK,1531.0,3.0,0.0,78.53,3,7853000.0,5129.327237099935
Carpet  Area,Ready To Move,Sarjapur Road,3 BHK,2087.0,3.0,0.0,130.03,3,13003000.0,6230.474365117393
Super built-up  Area,Ready To Move,Kanakapura Road,1 BHK,660.0,2.0,2.0,30.99,1,3099000.0,4695.454545454545
Plot  Area,18-Dec,Jayanagar,4 Bedroom,2425.5,3.0,2.0,190.23,4,19023000.0,7842.9189857761285
Super built-up  Area,18-Dec,Electronic City,4 BHK,2617.0,3.0,3.0,96.85,4,9685000.0,3700.802445548338
Built-up  Area,Ready To Move,Jayanagar,4 BHK,2430.648,4.0,1.0,222.75,4,22275000.0,9164.222873900293
Super built-up  Area,Ready To Move,Kanakapura Road,2 BHK,1361.5,2.0,2.0,66.32,2,6631999.999999999,4871.098053617333
Built-up  Area,Ready To Move,Mahadevapura Nagar,3 BHK,1805.77,2.0,0.0,75.95,3,7595000.0,4205.961999590202
Built-up  Area,Ready To Move,Kr Puram,2 BHK,1171.5,2.0,2.0,55.36,2,5536000.0,4725.5655142979085
Super built-up  Area,Ready To Move,Vidyaranyapura Phase 2,2 Bedroom,1362.26,2.0,3.0,153.19,2,15319000.0,11245.283572886234
Carpet  Area,18-Nov,Bannerghatta Road,2 BHK,1048.5,2.0,2.0,47.34,2,4734000.0,4515.021459227468
Super built-up  Area,Ready To Move,Hsr Layout,2 BHK,1478.04,2.0,1.0,109.04,2,10904000.0,7377.337555140592
Built-up  Area,18-Dec,Vishveshwarya Layout Enclave,3 Bedroom,1942.0,4.0,2.0,191.99,3,19199000.0,9886.199794026776
Super built-up  Area,18-Dec,Whitefield,5 Bedroom,3284.12,5.0,1.0,171.46,5,17146000.0,5220.881088388975
Super built-up  Area,Ready To Move,Kalyan Nagar Block,2 BHK,936.54,2.0,1.0,77.67,2,7767000.0,8293.2923313473
Plot  Area,Ready To Move,Mahadevapura Stage 2,3 BHK,1551.0,3.0,2.0,152.84,3,15284000.0,9854.287556415216
Super built-up  Area,Ready To Move,Domlur,3 BHK,1458.57,4.0,1.0,181.08,3,18108000.0,12414.899524877106
Super built-up  Area,Ready To Move,Whitefield,4 Bedroom,2426.21,4.0,2.0,135.68,4,13568000.0,5592.2611810189555
Super built-up  Area,Ready To Move,Hsr Layout,2 Bedroom,1351.0,3.0,0.0,100.01,2,10001000.0,7402.6646928201335
Super built-up  Area,Ready To Move,Kengeri,2 BHK,1191.5,1.0,1.0,49.85,2,4985000.0,4183.801930339908
Built-up  Area,19-May,Jayanagar,3 BHK,1562.0,3.0,3.0,136.58,3,13658000.000000002,8743.91805377721
Super built-up  Area,Ready To Move,Uttarahalli,2 BHK,885.0,2.0,0.0,37.43,2,3743000.0,4229.3785310734465
Built-up  Area,19-Aug,Vasanthapura Phase 1,2 BHK,1083.0,1.0,1.0,104.68,2,10468000.0,9665.743305632503
Super built-up  Area,Ready To Move,Kaggadasapura Block,4 BHK,2030.4,5.0,0.0,140.67,4,14066999.999999998,6928.191489361701
Super built-up  Area,Ready To Move,Bellandur,3 BHK,1695.0,3.0,2.0,112.57,3,11257000.0,6641.2979351032445
Super built-up  Area,Ready To Move,Electronic City,4 BHK,2742.0,3.0,2.0,113.19,4,11319000.0,4128.00875273523
Built-up  Area,Ready To Move,Rt Nagar,6 Bedroom,4311.0,7.0,2.0,259.57,6,25957000.0,6021.108791463697
Carpet  Area,Ready To Move,Kadugodi Colony,2 BHK,1084.0,2.0,2.0,55.82,2,5582000.0,5149.446494464944
Plot  Area,Ready To Move,Sarjapur Road,4 BHK,2750.0,3.0,1.0,120.14,4,12014000.0,4368.727272727273
Built-up  Area,Ready To Move,Sarjapur Road,2 BHK,1401.0,2.0,2.0,80.34,2,8034000.0,5734.475374732334
Super built-up  Area,Ready To Move,Btm Layout,3 BHK,1611.72,3.0,0.0,102.7,3,10270000.0,6372.074553892736
Super built-up  Area,Ready To Move,Rajaji Nagar,4 BHK,1784.0,4.0,1.0,164.13,4,16413000.0,9200.112107623318
Super built-up  Area,18-Jun,Sarjapur Road,2 BHK,946.469727,3.0,3.0,56.17,2,5617000.0,5934.685325651202
Super built-up  Area,18-Jun,Hennur,2 BHK,1103.0,2.0,0.0,61.9,2,6190000.0,5611.967361740707
Super built-up  Area,Ready To Move,Other,2 Bedroom,1076.62,3.0,0.0,73.61,2,7361000.0,6837.138451821442
Carpet  Area,Ready To Move,Kengeri,4 Bedroom,2199.78,3.0,3.0,90.26,4,9026000.0,4103.137586485921
Carpet  Area,Ready To Move,Jp Nagar,3 BHK,1538.0,3.0,3.0,115.45,3,11545000.0,7506.501950585175
Super built-up  Area,Ready To Move,Whitefield,3 BHK,1998.0,3.0,1.0,124.61,3,12461000.0,6236.736736736737
Super built-up  Area,Ready To Move,Whitefield,4 Bedroom,2695.0,3.0,2.0,162.18,4,16218000.0,6017.810760667903
Built-up  Area,18-Dec,Mahadevapura Stage 2,3 Bedroom,1942.0,3.0,0.0,175.59,3,17559000.0,9041.709577754891
Super built-up  Area,Ready To Move,Banashankari,5 Bedroom,2518.0,4.0,0.0,152.04,5,15204000.0,6038.125496425735
Plot  Area,19-Mar,Sarjapur Enclave,2 BHK,1202.0,3.0,0.0,37.69,2,3769000.0,3135.6073211314474
Super built-up  Area,Ready To Move,Kr Puram,2 BHK,1223.0,2.0,1.0,57.16,2,5716000.0,4673.753066230581
Carpet  Area,19-Aug,Hebbal,3 BHK,2095.77,2.0,2.0,154.06,3,15406000.0,7350.99748541109
Super built-up  Area,19-Mar,Btm Layout,3 Bedroom,1475.0,4.0,3.0,85.14,3,8514000.0,5772.203389830508
Super built-up  Area,Ready To Move,Indiranagar,1 BHK,523.88,1.0,2.0,63.86,1,6386000.0,12189.814461327021
Super built-up  Area,Ready To Move,Malleshwaram,3 BHK,1348.5,3.0,0.0,132.83,3,13283000.000000002,9850.203930292919
Super built-up  Area,Ready To Move,Kengeri,3 BHK,1934.0640000000003,2.0,3.0,76.4,3,7640000.000000001,3950.2312229584954
Super built-up  Area,Ready To Move,Jp Nagar,3 Bedroom,1313.21,3.0,2.0,96.36,3,9636000.0,7337.744915131624
Super built-up  Area,Ready To Move,Basavanagudi,2 BHK,969.07,2.0,1.0,87.93,2,8793000.0,9073.647930490057
Super built-up  Area,Ready To Move,Chandapura Extension,1 Bedroom,462.0,1.0,0.0,47.72,1,4772000.0,10329.004329004329
Super built-up  Area,Ready To Move,Kanakapura Road,3 BHK,2006.0,4.0,2.0,82.76,3,8276000.000000001,4125.623130608176
Super built-up  Area,Ready To Move,Pattandur Agrahara Layout,2 BHK,1037.5,1.0,1.0,40.58,2,4058000.0,3911.3253012048194
Built-up  Area,Ready To Move,Koramangala,2 BHK,1257.0,1.0,0.0,183.8,2,18380000.0,14622.116149562451
Built-up  Area,Ready To Move,Vidyaranyapura Phase 2,2 BHK,1332.678459,2.0,2.0,132.18,2,13218000.0,9918.371465175756
Super built-up  Area,Ready To Move,Rt Nagar,3 BHK,1911.0,3.0,2.0,114.61,3,11461000.0,5997.38356881214
Built-up  Area,19-May,Vijayanagar,2 Bedroom,1093.5,2.0,3.0,79.16,2,7916000.0,7239.140374942844
Plot  Area,Ready To Move,Jalahalli Block,4 BHK,1815.0,5.0,2.0,129.7,4,12969999.999999998,7146.005509641872
Super built-up  Area,19-May,Cv Raman Nagar,3 BHK,1608.81,3.0,1.0,110.86,3,11086000.0,6890.8074912512975
Super built-up  Area,19-Mar,Kr Puram,3 BHK,1439.0,3.0,0.0,59.7,3,5970000.0,4148.7143849895765
Built-up  Area,Ready To Move,Kr Puram,3 BHK,2102.0,4.0,0.0,112.49,3,11249000.0,5351.569933396765
Super built-up  Area,Ready To Move,Horamavu Extension,2 Bedroom,1263.0,1.0,3.0,98.46,2,9846000.0,7795.724465558194
Super built-up  Area,Ready To Move,Nallurhalli Nagar,3 BHK,2185.0,2.0,2.0,69.96,3,6995999.999999999,3201.8306636155603
Built-up  Area,Ready To Move,Dodballapur Road Phase 2,1 BHK,507.0,2.0,0.0,45.5,1,4550000.0,8974.358974358975
Carpet  Area,Ready To Move,Whitefield,2 BHK,918.0,2.0,2.0,51.55,2,5155000.0,5615.468409586057
Super built-up  Area,Ready To Move,Yeshwanthpur,2 BHK,1291.0,2.0,0.0,83.53,2,8353000.0,6470.178156467854
Super built-up  Area,Ready To Move,Vijayanagar,2 Bedroom,1162.0,3.0,3.0,76.41,2,7641000.0,6575.7314974182445
Super built-up  Area,19-May,Yeshwanthpur,3 BHK,1557.03,3.0,0.0,89.82,3,8982000.0,5768.674977360744
Built-up  Area,18-Jun,Kadugodi Colony,3 BHK,1729.0,3.0,1.0,81.0,3,8100000.0,4684.788895315211
Super built-up  Area,19-Aug,Varthur,2 BHK,1213.0,2.0,2.0,51.15,2,5115000.0,4216.81780708986
Super built-up  Area,19-Mar,Hebbal,5 Bedroom,3419.0,6.0,0.0,201.02,5,20102000.0,5879.496928926586
Carpet  Area,Ready To Move,Rt Nagar,5 BHK,2776.440366,5.0,0.0,157.2,5,15719999.999999998,5661.926037564316
Super built-up  Area,Ready To Move,Rt Nagar,2 BHK,1421.0,1.0,1.0,89.93,2,8993000.0,6328.641801548206
Super built-up  Area,Ready To Move,Bellandur,2 BHK,1403.0,2.0,0.0,85.21,2,8521000.0,6073.414112615823
Super built-up  Area,19-Mar,Kanakapura Road,3 BHK,1863.0,3.0,1.0,73.18,3,7318000.000000001,3928.073000536769
Super built-up  Area,19-Aug,Yelenahalli Enclave,2 Bedroom,1095.0,2.0,3.0,76.47,2,7647000.0,6983.561643835616
Super built-up  Area,Ready To Move,Koramangala,4 BHK,2512.41,4.0,1.0,380.37,4,38037000.0,15139.64679331797
Super built-up  Area,Ready To Move,Cv Raman Nagar,4 BHK,2317.0,4.0,0.0,149.21,4,14921000.0,6439.792835563228
Super built-up  Area,Ready To Move,Btm Layout,3 BHK,1392.06,4.0,1.0,107.39,3,10739000.0,7714.466330474262
Super built-up  Area,18-Dec,Sarjapur Road,2 BHK,1015.0,3.0,2.0,55.33,2,5533000.0,5451.231527093596
Super built-up  Area,Ready To Move,Btm Layout,3 BHK,1877.33,3.0,3.0,147.67,3,14766999.999999998,7865.958568818481
Carpet  Area,Ready To Move,Jayanagar,2 BHK,823.0,1.0,1.0,73.21,2,7320999.999999999,8895.5042527339
Built-up  Area,18-Nov,Uttarahalli,4 BHK,1833.876,3.0,3.0,82.61,4,8261000.0,4504.666618680871
Super built-up  Area,Ready To Move,Kengeri,3 BHK,1901.37,3.0,1.0,70.47,3,7047000.0,3706.274949115638
Super built-up  Area,Ready To Move,Sarjapur Road,3 BHK,1457.0,4.0,2.0,78.38,3,7838000.0,5379.547014413178
Super built-up  Area,Ready To Move,Yelahanka,2 BHK,988.0,2.0,0.0,46.8,2,4680000.0,4736.8421052631575
Super built-up  Area,Ready To Move,Rajaji Nagar,5 BHK,2914.6488419999996,4.0,2.0,227.36,5,22736000.0,7800.596652459447
Super built-up  Area,18-Dec,Marathahalli,2 BHK,1388.0,2.0,2.0,88.88,2,8888000.0,6403.458213256484
Carpet  Area,19-May,Rt Nagar,3 BHK,1976.5349999999999,2.0,0.0,104.47,3,10447000.0,5285.512272739921
Carpet  Area,19-May,Subramanyapura Stage 2,3 BHK,1527.0,3.0,2.0,63.87,3,6387000.0,4182.711198428291
Super built-up  Area,Ready To Move,Sonnenahalli Stage 2,2 BHK,1349.87,3.0,1.0,126.07,2,12607000.0,9339.41786986895
Built-up  Area,Ready To Move,Vasanthapura Extension,2 BHK,1034.0,2.0,1.0,93.59,2,9359000.0,9051.257253384912
Built-up  Area,Ready To Move,Rajaji Nagar,4 BHK,1963.5,3.0,3.0,190.37,4,19037000.0,9695.441813088872
Super built-up  Area,Ready To Move,Nagavara Phase 1,2 BHK,1008.0,2.0,0.0,70.79,2,7079000.000000001,7022.817460317461
Super built-up  Area,Ready To Move,Rt Nagar,2 BHK,1225.92,3.0,3.0,78.06,2,7806000.0,6367.462803445575
Built-up  Area,Ready To Move,Nagarbhavi Main Road,3 BHK,1806.0,2.0,0.0,83.89,3,8389000.0,4645.071982281284
Super built-up  Area,Ready To Move,Talaghattapura Main Road,1 BHK,609.0,1.0,2.0,37.15,1,3715000.0,6100.1642036124795
Built-up  Area,18-Nov,Kengeri,1 BHK,359.37,1.0,2.0,15.24,1,1524000.0,4240.754653977794
Carpet  Area,Ready To Move,Hsr Layout,3 Bedroom,1389.44,4.0,2.0,109.27,3,10927000.0,7864.319438046982
Super built-up  Area,Ready To Move,Marathahalli,3 Bedroom,1382.0,3.0,0.0,73.63,3,7363000.0,5327.785817655572
Super built-up  Area,Ready To Move,Varthur,3 BHK,2084.56,3.0,0.0,107.97,3,10797000.0,5179.510304332809
Built-up  Area,Ready To Move,Malleshwaram,4 BHK,2572.0,4.0,2.0,227.95,4,22795000.0,8862.752721617419
Built-up  Area,Ready To Move,Pattandur Agrahara Layout,3 BHK,1750.0,3.0,3.0,77.29,3,7729000.000000001,4416.571428571429
Super built-up  Area,Ready To Move,Btm Layout,1 BHK,441.5,1.0,3.0,27.66,1,2766000.0,6265.005662514156
Super built-up  Area,18-Nov,Ambalipura Extension,2 BHK,1082.17,2.0,1.0,66.55,2,6655000.0,6149.680734080597
Super built-up  Area,19-Aug,Koramangala,4 BHK,2096.0,3.0,1.0,232.65,4,23265000.0,11099.713740458015
Plot  Area,19-Aug,Kaggadasapura Block,2 BHK,1199.0,2.0,2.0,77.81,2,7781000.0,6489.5746455379485
Carpet  Area,Ready To Move,Whitefield,2 BHK,1209.0,2.0,0.0,67.84,2,6784000.0,5611.248966087675
Built-up  Area,Ready To Move,Kanakapura Road,4 BHK,2605.0,4.0,0.0,111.39,4,11139000.0,4276.007677543186
Super built-up  Area,Ready To Move,Sompura Main Road,1 Bedroom,513.0,1.0,0.0,30.91,1,3091000.0,6025.341130604288
Built-up  Area,Ready To Move,Cv Raman Nagar,3 BHK,1618.79,4.0,1.0,101.14,3,10114000.0,6247.876500349026
Built-up  Area,Ready To Move,Sarjapur Road,3 BHK,1450.0,3.0,1.0,82.04,3,8204000.000000001,5657.931034482759
Super built-up  Area,Ready To Move,Frazer Town,4 BHK,2705.0,5.0,2.0,249.99,4,24999000.0,9241.77449168207
Super built-up  Area,19-Mar,Basavanagudi,2 BHK,1191.0,2.0,2.0,122.57,2,12257000.0,10291.35180520571
Built-up  Area,Ready To Move,Whitefield,2 Bedroom,1095.26,3.0,0.0,56.02,2,5602000.0,5114.767269871994
Plot  Area,Ready To Move,Rt Nagar,5 BHK,3442.941054,5.0,0.0,193.65,5,19365000.0,5624.551712118857
Built-up  Area,Ready To Move,Gunjur Gardens,3 BHK,1466.0,3.0,1.0,44.84,3,4484000.0,3058.663028649386
Super built-up  Area,Ready To Move,Gunjur Stage 2,2 BHK,1061.0,1.0,2.0,114.52,2,11452000.0,10793.59095193214
Super built-up  Area,Ready To Move,Varthur,4 BHK,2422.0,5.0,1.0,134.99,4,13499000.0,5573.492981007432
Built-up  Area,18-Jun,Whitefield,2 BHK,1346.0,3.0,0.0,79.03,2,7903000.0,5871.47102526003
Built-up  Area,Ready To Move,Malleshwaram,1 BHK,376.67,1.0,2.0,40.82,1,4082000.0,10837.072238298775
Built-up  Area,19-May,Yeshwanthpur,3 BHK,1726.0,3.0,3.0,110.03,3,11003000.0,6374.855156431055
Super built-up  Area,Ready To Move,Electronic City,4 BHK,2044.27,4.0,1.0,82.01,4,8201000.000000001,4011.7009984004076
Super built-up  Area,Ready To Move,Yeshwanthpur,2 Bedroom,1163.0,1.0,1.0,72.82,2,7281999.999999999,6261.39294926913
Carpet  Area,19-May,Hennur,2 BHK,1446.0,3.0,1.0,101.2,2,10120000.0,6998.616874135546
Super built-up  Area,19-Aug,Banashankari,2 BHK,1306.8,2.0,2.0,67.15,2,6715000.000000001,5138.506274869912
Carpet  Area,Ready To Move,Varthur,2 Bedroom,978.0,2.0,3.0,44.28,2,4428000.0,4527.60736196319
Super built-up  Area,Ready To Move,Vidyaranyapura Township,3 BHK,1439.85,4.0,0.0,92.63,3,9263000.0,6433.309025245686
Carpet  Area,Ready To Move,Uttarahalli,3 BHK,1710.06,3.0,1.0,80.31,3,8031000.0,4696.326444686151
Super built-up  Area,Ready To Move,Cv Raman Nagar,2 Bedroom,1312.0,2.0,0.0,101.46,2,10146000.0,7733.231707317073
Super built-up  Area,Ready To Move,Varthur,3 BHK,1918.0,3.0,2.0,84.32,3,8432000.0,4396.246089676747
Built-up  Area,Ready To Move,Kanakapura Road,2 BHK,1017.0,2.0,0.0,51.65,2,5165000.0,5078.66273352999
Super built-up  Area,18-Jun,Gottigere Layout,3 BHK,1798.5,2.0,2.0,133.11,3,13311000.000000002,7401.167639699751
Super built-up  Area,Ready To Move,Ambalipura Extension,4 Bedroom,1886.6924999999999,4.0,1.0,104.52,4,10452000.0,5539.853473737771
Super built-up  Area,Ready To Move,Ramamurthy Nagar Stage 2,3 Bedroom,1390.0,3.0,2.0,117.25,3,11725000.0,8435.25179856115
Super built-up  Area,18-Jun,Horamavu Nagar,1 BHK,622.5,1.0,2.0,27.6,1,2760000.0,4433.734939759036
Built-up  Area,Ready To Move,Yeshwanthpur,2 BHK,1313.0,2.0,2.0,74.63,2,7463000.0,5683.929931454684
Plot  Area,Ready To Move,Marathahalli,6 BHK,3637.0,5.0,2.0,206.93,6,20693000.0,5689.579323618367
Super built-up  Area,19-Aug,Vasanthapura Phase 1,2 BHK,1328.58,1.0,2.0,112.76,2,11276000.0,8487.257071459755
Super built-up  Area,Ready To Move,Cv Raman Nagar,3 BHK,1378.01,3.0,3.0,85.8,3,8580000.0,6226.369910232872
Super built-up  Area,Ready To Move,Mahadevapura Stage 2,1 BHK,460.69,1.0,1.0,46.71,1,4671000.0,10139.139117410841
Super built-up  Area,Ready To Move,Horamavu Extension,2 BHK,1190.0,2.0,0.0,80.08,2,8008000.0,6729.411764705882
Built-up  Area,Ready To Move,Malleshwaram,2 BHK,994.5,2.0,2.0,97.05,2,9705000.0,9758.67269984917
Super built-up  Area,18-Dec,Jp Nagar,2 BHK,920.0,2.0,3.0,60.97,2,6097000.0,6627.173913043478
Super built-up  Area,Ready To Move,Bannerghatta Road,2 BHK,1110.78,2.0,1.0,56.08,2,5608000.0,5048.704513945156
Built-up  Area,Ready To Move,Harlur Nagar,3 BHK,1846.81,3.0,0.0,141.92,3,14191999.999999998,7684.602097671119
Super built-up  Area,Ready To Move,Rt Nagar,2 BHK,1179.15,1.0,2.0,78.39,2,7839000.0,6648.009159140058
Built-up  Area,19-May,Frazer Town,4 BHK,2590.0,5.0,0.0,239.93,4,23993000.0,9263.706563706564
Built-up  Area,Ready To Move,Sompura Main Road,1 BHK,534.0,2.0,2.0,35.49,1,3549000.0,6646.067415730337
Built-up  Area,Ready To Move,Kengeri,3 BHK,1956.0,4.0,0.0,71.7,3,7170000.0,3665.6441717791413
Built-up  Area,Ready To Move,Whitefield,3 BHK,1643.0,3.0,1.0,103.8,3,10380000.0,6317.711503347535
Super built-up  Area,Ready To Move,Banashankari,2 BHK,1035.0,3.0,1.0,63.55,2,6355000.0,6140.096618357488
Super built-up  Area,Ready To Move,Attibele Phase 2,2 BHK,1397.87,2.0,0.0,102.75,2,10275000.0,7350.468927725755
Plot  Area,Ready To Move,Frazer Town,2 BHK,1041.0,2.0,1.0,98.33,2,9833000.0,9445.725264169068
Built-up  Area,Ready To Move,Sompura Main Road,4 BHK,2813.0,3.0,2.0,182.2,4,18220000.0,6477.070742979026
Built-up  Area,Ready To Move,Harlur Colony,3 BHK,1540.0,3.0,0.0,150.89,3,15088999.999999998,9798.051948051947
Super built-up  Area,Ready To Move,Old Airport Road Gardens,2 BHK,871.2,2.0,1.0,40.24,2,4024000.0,4618.916437098255
Built-up  Area,Ready To Move,Hsr Layout,2 Bedroom,833.0,2.0,1.0,58.92,2,5892000.0,7073.229291716687
Super built-up  Area,Ready To Move,Yelenahalli Layout,1 Bedroom,567.0,1.0,2.0,33.25,1,3325000.0,5864.197530864198
Super built-up  Area,19-Aug,Indiranagar,3 BHK,1742.4,4.0,0.0,223.59,3,22359000.0,12832.300275482094
Super built-up  Area,18-Nov,Jp Nagar,3 BHK,1813.0,2.0,1.0,123.53,3,12353000.0,6813.568670711528
Super built-up  Area,Ready To Move,Jp Nagar,5 BHK,2816.0,5.0,3.0,195.78,5,19578000.0,6952.414772727273
Built-up  Area,18-Nov,Hennur,2 BHK,922.0,3.0,3.0,46.97,2,4697000.0,5094.360086767896
Built-up  Area,Ready To Move,Jayanagar,3 BHK,1558.5,2.0,1.0,165.9,3,16590000.0,10644.85081809432
Super built-up  Area,19-May,Vidyaranyapura Extension,5 BHK,3049.0,4.0,1.0,174.59,5,17459000.0,5726.139717940308
Built-up  Area,Ready To Move,Kengeri,1 Bedroom,567.14,2.0,2.0,23.24,1,2324000.0,4097.753641076278
Super built-up  Area,Ready To Move,Whitefield,4 BHK,2672.245814,4.0,3.0,181.47,4,18147000.0,6790.917177202472
Super built-up  Area,Ready To Move,Kalyan Nagar Block,3 BHK,1826.0,3.0,1.0,170.16,3,17016000.0,9318.729463307776
Super built-up  Area,Ready To Move,Bannerghatta Road,2 BHK,1275.0,2.0,2.0,61.18,2,6118000.0,4798.431372549019
Super built-up  Area,Ready To Move,Nagarbhavi Main Road,5 BHK,2733.0,4.0,0.0,121.46,5,12146000.0,4444.200512257592
Super built-up  Area,Ready To Move,Hennur,1 BHK,583.4,1.0,0.0,35.72,1,3572000.0,6122.728830990744
Super built-up  Area,Ready To Move,Malleshwaram,3 BHK,1838.5,3.0,0.0,165.51,3,16551000.0,9002.447647538755
Super built-up  Area,19-May,Kumaraswamy Layout Phase 1,3 Bedroom,1712.28,3.0,2.0,87.47,3,8747000.0,5108.393487046511
Super built-up  Area,Ready To Move,Attibele Phase 2,1 BHK,679.0,1.0,2.0,51.97,1,5197000.0,7653.902798232695
Super built-up  Area,Ready To Move,Basavanagudi,2 BHK,1232.31,2.0,0.0,137.0,2,13700000.0,11117.332489389846
Super built-up  Area,Ready To Move,Jp Nagar,2 BHK,1083.0,2.0,2.0,74.37,2,7437000.0,6867.036011080332
Super built-up  Area,Ready To Move,Rt Nagar,5 BHK,2959.5,5.0,1.0,191.18,5,19118000.0,6459.874978881568
Super built-up  Area,Ready To Move,Electronic City,2 BHK,1303.5,1.0,1.0,56.8,2,5680000.0,4357.499041043345
Built-up  Area,Ready To Move,Sarjapur Enclave,4 BHK,1752.0,4.0,3.0,66.12,4,6612000.0,3773.972602739726
Plot  Area,Ready To Move,Marathahalli,3 BHK,1869.0,3.0,0.0,106.55,3,10655000.0,5700.909577314072
Plot  Area,19-May,Bellandur,1 BHK,420.0,1.0,1.0,24.46,1,2446000.0,5823.809523809524
Built-up  Area,Ready To Move,Kengeri,3 BHK,1903.46,3.0,2.0,75.1,3,7509999.999999999,3945.4467128282176
Super built-up  Area,Ready To Move,Uttarahalli,4 BHK,2137.1625,3.0,2.0,89.73,4,8973000.0,4198.557667000053
Super built-up  Area,18-Jun,Yelenahalli Township,4 Bedroom,2108.0,3.0,2.0,80.01,4,8001000.000000001,3795.5407969639473
Super built-up  Area,18-Dec,Varthur,2 BHK,1294.0,2.0,2.0,57.94,2,5794000.0,4477.58887171561
Super built-up  Area,Ready To Move,Devanahalli Extension,3 Bedroom,1742.4,2.0,1.0,162.12,3,16212000.0,9304.407713498622
Plot  Area,Ready To Move,Frazer Town,2 BHK,1411.0,3.0,0.0,161.64,2,16163999.999999998,11455.705173635719
Super built-up  Area,Ready To Move,Sonnenahalli Block,2 BHK,982.5,2.0,0.0,58.14,2,5814000.0,5917.557251908397
Super built-up  Area,Ready To Move,Yelahanka,3 BHK,1163.0,4.0,3.0,59.22,3,5922000.0,5092.003439380911
Carpet  Area,Ready To Move,Bellandur,3 BHK,1519.5,3.0,3.0,110.27,3,11027000.0,7256.992431720961
Built-up  Area,Ready To Move,Hebbal,1 BHK,400.0,1.0,2.0,27.96,1,2796000.0,6990.0
Super built-up  Area,Ready To Move,Sarjapur Road,3 BHK,1843.46,3.0,1.0,100.37,3,10037000.0,5444.65298948716
Super built-up  Area,Ready To Move,Haralur Road Block,2 BHK,1134.0,2.0,0.0,113.15,2,11315000.0,9977.954144620811
Super built-up  Area,Ready To Move,Nagarbhavi Gardens,2 Bedroom,1214.0,2.0,3.0,116.66,2,11666000.0,9609.555189456343
Super built-up  Area,Ready To Move,Whitefield,3 BHK,2006.0,3.0,1.0,125.02,3,12502000.0,6232.303090727816
Plot  Area,Ready To Move,Whitefield,2 BHK,1083.0,3.0,0.0,66.11,2,6611000.0,6104.339796860572
Super built-up  Area,Ready To Move,Yeshwanthpur,2 BHK,1012.0,2.0,3.0,65.93,2,6593000.000000001,6514.822134387353
Super built-up  Area,18-Nov,Kr Puram,3 BHK,1426.0,3.0,3.0,65.14,3,6514000.0,4568.022440392707
Super built-up  Area,Ready To Move,Hennur,2 BHK,1034.55,2.0,0.0,65.82,2,6581999.999999999,6362.186457880237
Super built-up  Area,19-Aug,Electronic City,3 BHK,1310.96,4.0,1.0,53.99,3,5399000.0,4118.356013913468
Super built-up  Area,Ready To Move,Kumaraswamy Layout Phase 1,2 Bedroom,1216.29,1.0,2.0,62.61,2,6261000.0,5147.621044323311
Super built-up  Area,Ready To Move,Basavanagudi,1 BHK,623.38,1.0,1.0,69.6,1,6959999.999999999,11164.939523244248
Super built-up  Area,18-Nov,Indiranagar,3 BHK,1509.0,3.0,2.0,195.31,3,19531000.0,12943.008614976807
Super built-up  Area,18-Dec,Jayanagar,3 Bedroom,1494.0,4.0,0.0,134.67,3,13466999.999999998,9014.056224899598
Super built-up  Area,19-Mar,Basavanagudi,4 BHK,2340.11,4.0,2.0,211.3,4,21130000.0,9029.490066706265
Plot  Area,18-Jun,Electronic City,4 BHK,2678.0,4.0,2.0,102.17,4,10217000.0,3815.160567587752
Built-up  Area,18-Jun,Sarjapur Road,3 BHK,1339.5,2.0,3.0,83.7,3,8370000.0,6248.600223964166
Carpet  Area,19-Aug,Vidyaranyapura Extension,3 BHK,1593.0,3.0,1.0,85.89,3,8589000.0,5391.713747645951
Super built-up  Area,Ready To Move,Varthur,5 BHK,2240.0,6.0,0.0,109.39,5,10939000.0,4883.482142857143
Super built-up  Area,Ready To Move,Hsr Layout,2 Bedroom,1087.0,2.0,2.0,90.91,2,9091000.0,8363.385464581417
Super built-up  Area,Ready To Move,Jalahalli Block,2 Bedroom,1041.0,2.0,0.0,61.81,2,6181000.0,5937.560038424592
Carpet  Area,18-Jun,Kr Puram,3 Bedroom,1575.0,2.0,3.0,65.78,3,6578000.0,4176.507936507936
Super built-up  Area,Ready To Move,Sarjapur Enclave,2 Bedroom,970.85,1.0,0.0,32.2,2,3220000.0000000005,3316.681258690838
Super built-up  Area,Ready To Move,Varthur,3 BHK,1742.4,3.0,1.0,84.12,3,8412000.0,4827.823691460055
Super built-up  Area,Ready To Move,Nagavara Phase 1,3 BHK,1376.0,3.0,2.0,107.07,3,10707000.0,7781.25
Built-up  Area,Ready To Move,Yelahanka,3 BHK,1686.0,2.0,1.0,59.84,3,5984000.0,3549.2289442467377
Super built-up  Area,Ready To Move,Kaggadasapura Block,2 BHK,1171.0,1.0,3.0,89.6,2,8960000.0,7651.579846285226
Super built-up  Area,19-Mar,Electronic City,3 Bedroom,1742.4,3.0,3.0,75.44,3,7544000.0,4329.6602387511475
Carpet  Area,Ready To Move,Indiranagar,5 BHK,3358.0,5.0,1.0,467.47,5,46747000.0,13921.083978558665
Super built-up  Area,Ready To Move,Cv Raman Nagar,3 BHK,1831.0,3.0,0.0,99.01,3,9901000.0,5407.427635172037
Super built-up  Area,Ready To Move,Basavanagudi,1 BHK,628.0,1.0,1.0,57.1,1,5710000.0,9092.35668789809
Carpet  Area,Ready To Move,Sompura Colony,3 BHK,1364.95,4.0,3.0,51.36,3,5136000.0,3762.775193230521
Super built-up  Area,Ready To Move,Electronic City,3 BHK,1481.0,3.0,0.0,77.59,3,7759000.0,5239.027683997299
Super built-up  Area,Ready To Move,Btm Layout,4 BHK,2703.99,4.0,0.0,145.27,4,14527000.000000002,5372.431111061803
Built-up  Area,Ready To Move,Vijayanagar,2 Bedroom,1377.54,2.0,0.0,86.76,2,8676000.0,6298.183718803084
Super built-up  Area,18-Jun,Domlur,3 BHK,2024.0,2.0,1.0,258.21,3,25820999.999999996,12757.411067193674
Super built-up  Area,Ready To Move,Singasandra Nagar,2 BHK,1212.99,2.0,2.0,119.32,2,11932000.0,9836.849438165194
Built-up  Area,19-Aug,Uttarahalli,1 BHK,517.0,1.0,0.0,24.86,1,2486000.0,4808.510638297872
Built-up  Area,Ready To Move,Sarjapur Road,2 BHK,852.0,2.0,1.0,49.84,2,4984000.0,5849.765258215963
Built-up  Area,Ready To Move,Electronic City,2 BHK,1385.0,3.0,0.0,61.99,2,6199000.0,4475.812274368231
Built-up  Area,Ready To Move,Ambalipura Extension,3 Bedroom,2079.0,3.0,1.0,119.23,3,11923000.0,5734.968734968735
Built-up  Area,19-Mar,Koramangala,1 Bedroom,581.15,1.0,0.0,66.42,1,6642000.0,11429.063064613267
Super built-up  Area,Ready To Move,Indiranagar,3 Bedroom,1532.96,4.0,1.0,201.65,3,20165000.0,13154.289740110635
Built-up  Area,Ready To Move,Other,2 BHK,1192.455,3.0,0.0,74.12,2,7412000.0,6215.748183369604
Built-up  Area,Ready To Move,Yeshwanthpur,2 BHK,1344.0,2.0,2.0,79.29,2,7929000.000000001,5899.5535714285725
Built-up  Area,Ready To Move,Uttarahalli,3 BHK,1977.0,3.0,1.0,94.84,3,9484000.0,4797.167425392008
Super built-up  Area,Ready To Move,Banashankari,3 BHK,1697.0,3.0,0.0,89.43,3,8943000.0,5269.888037713612
Plot  Area,Ready To Move,Nagavara Phase 1,1 BHK,525.8,2.0,0.0,33.95,1,3395000.0000000005,6456.827691137316
Super built-up  Area,Ready To Move,Sarjapur Road,2 BHK,1268.0,1.0,1.0,69.13,2,6913000.0,5451.892744479495
Built-up  Area,Ready To Move,Kengeri,2 BHK,922.0,2.0,2.0,38.27,2,3827000.0000000005,4150.759219088937
Carpet  Area,19-Mar,Btm Layout,2 BHK,1334.0,2.0,2.0,74.07,2,7406999.999999999,5552.47376311844
Built-up  Area,18-Jun,Horamavu Nagar,2 BHK,973.0,1.0,2.0,43.83,2,4383000.0,4504.624871531347
Plot  Area,18-Dec,Banashankari,2 BHK,1217.5,2.0,1.0,63.56,2,6356000.0,5220.533880903491
Super built-up  Area,Ready To Move,Malleshwaram,2 BHK,1357.0,2.0,1.0,144.4,2,14440000.0,10641.120117907149
Super built-up  Area,Ready To Move,Other,3 Bedroom,2098.0,3.0,3.0,198.98,3,19898000.0,9484.270734032412
Plot  Area,19-Aug,Sonnenahalli Stage 2,2 BHK,1136.0,3.0,2.0,116.6,2,11660000.0,10264.084507042253
Built-up  Area,Ready To Move,Jalahalli Gardens,2 BHK,1142.0,2.0,1.0,109.72,2,10972000.0,9607.705779334501
Built-up  Area,19-Mar,Nallurhalli Nagar,3 BHK,2125.0,3.0,3.0,68.98,3,6898000.0,3246.1176470588234
Super built-up  Area,19-Aug,Banashankari,1 Bedroom,461.73600000000005,2.0,0.0,26.98,1,2698000.0,5843.1657917078155
Super built-up  Area,Ready To Move,Jp Nagar,3 BHK,1766.0,3.0,0.0,127.3,3,12730000.0,7208.380520951302
Built-up  Area,Ready To Move,Vijayanagar,3 BHK,1431.0,3.0,2.0,103.41,3,10341000.0,7226.415094339623
Super built-up  Area,18-Dec,Hebbal,3 BHK,1617.0,3.0,1.0,114.36,3,11436000.0,7072.356215213358
Super built-up  Area,Ready To Move,Vijayanagar,2 Bedroom,1150.89,2.0,2.0,66.96,2,6695999.999999999,5818.105987540076
Super built-up  Area,Ready To Move,Electronic City,2 BHK,1172.0,2.0,0.0,50.27,2,5027000.0,4289.249146757679
Super built-up  Area,Ready To Move,Rajaji Nagar,3 BHK,1903.0,3.0,2.0,162.17,3,16216999.999999998,8521.80767209669
Super built-up  Area,18-Jun,Malleshwaram,1 Bedroom,572.0,2.0,2.0,57.31,1,5731000.0,10019.23076923077
Super built-up  Area,Ready To Move,Sarjapur Road,2 BHK,1103.0,3.0,2.0,62.7,2,6270000.0,5684.4968268359025
Super built-up  Area,Ready To Move,Rajaji Nagar,2 BHK,887.0,2.0,3.0,85.5,2,8550000.0,9639.23337091319
Built-up  Area,Ready To Move,Vidyaranyapura Extension,2 BHK,1311.0,2.0,1.0,73.39,2,7339000.0,5598.016781083143
Built-up  Area,Ready To Move,Electronic City,2 BHK,871.2,2.0,0.0,39.52,2,3952000.0000000005,4536.271808999082
Super built-up  Area,18-Jun,Rajarajeshwari Nagar Gardens,3 BHK,1927.0,4.0,2.0,97.91,3,9791000.0,5080.954852101712
Super built-up  Area,Ready To Move,Indiranagar,2 BHK,1227.0,2.0,2.0,110.01,2,11001000.0,8965.770171149145
Built-up  Area,18-Dec,Vidyaranyapura Extension,2 Bedroom,996.0,3.0,1.0,51.3,2,5130000.0,5150.6024096385545
Plot  Area,19-Mar,Ramamurthy Nagar Cross,3 BHK,2137.0,3.0,0.0,129.96,3,12996000.0,6081.422554983622
Built-up  Area,18-Dec,Indiranagar,3 BHK,1548.0,2.0,0.0,176.64,3,17664000.0,11410.852713178294
Super built-up  Area,Ready To Move,Uttarahalli,1 Bedroom,721.5,1.0,3.0,34.58,1,3458000.0,4792.792792792793
Built-up  Area,19-Mar,Kanakapura Road,3 BHK,1742.4,3.0,0.0,64.56,3,6456000.0,3705.234159779614
Plot  Area,19-Mar,Basavanagudi,2 BHK,1326.0,3.0,2.0,113.52,2,11352000.0,8561.085972850678
Super built-up  Area,Ready To Move,Indiranagar,3 Bedroom,1765.02,3.0,0.0,232.07,3,23207000.0,13148.292937190514
Plot  Area,Ready To Move,Bellandur,2 BHK,1030.0,2.0,1.0,72.72,2,7272000.0,7060.194174757282
Super built-up  Area,Ready To Move,Varthur,3 BHK,1666.0,4.0,0.0,64.41,3,6441000.0,3866.1464585834333
Plot  Area,Ready To Move,Electronic City,3 BHK,1937.5,3.0,1.0,87.43,3,8743000.0,4512.5161290322585
Built-up  Area,Ready To Move,Kr Puram,2 BHK,916.0,2.0,0.0,40.2,2,4020000.0000000005,4388.6462882096075
Built-up  Area,18-Nov,Rt Nagar,3 BHK,1764.0,3.0,2.0,97.47,3,9747000.0,5525.510204081633
Plot  Area,Ready To Move,Kr Puram,3 BHK,1475.0,3.0,2.0,62.81,3,6281000.0,4258.3050847457625
Super built-up  Area,Ready To Move,Chandapura Extension,2 Bedroom,1195.98,2.0,3.0,101.26,2,10126000.0,8466.696767504473
Plot  Area,Ready To Move,Hennur,2 BHK,1063.0,2.0,0.0,61.5,2,6150000.0,5785.512699905927
Super built-up  Area,18-Dec,Yelenahalli Enclave,3 BHK,1925.0,4.0,0.0,140.11,3,14011000.000000002,7278.441558441559
Super built-up  Area,Ready To Move,Sarjapur Road,2 BHK,1133.0,2.0,0.0,60.91,2,6091000.0,5375.992939099735
Built-up  Area,Ready To Move,Thanisandra Phase 2,1 BHK,688.248,2.0,1.0,25.88,1,2588000.0,3760.272459927235
Carpet  Area,Ready To Move,Kengeri,2 BHK,1324.0,3.0,1.0,56.01,2,5601000.0,4230.36253776435
Carpet  Area,Ready To Move,Marathahalli,3 BHK,2104.44,4.0,3.0,145.26,3,14526000.0,6902.548896618578
Built-up  Area,Ready To Move,Kr Puram,2 Bedroom,1094.5,2.0,0.0,52.19,2,5219000.0,4768.387391502969
Built-up  Area,Ready To Move,Hebbal,1 BHK,777.0,1.0,1.0,53.58,1,5358000.0,6895.752895752896
Super built-up  Area,19-Aug,Electronic City,2 Bedroom,841.0,2.0,2.0,34.03,2,3403000.0,4046.373365041617
Built-up  Area,19-Aug,Bannerghatta Road,3 Bedroom,1560.64,3.0,2.0,82.25,3,8225000.0,5270.273733852778
Super built-up  Area,Ready To Move,Hsr Layout,2 Bedroom,1110.78,3.0,2.0,91.15,2,9115000.0,8205.945371720773
Plot  Area,Ready To Move,Hebbal,2 BHK,1356.0,1.0,0.0,78.26,2,7826000.000000001,5771.386430678467
Super built-up  Area,Ready To Move,Bannerghatta Road,3 BHK,1729.0,3.0,0.0,89.56,3,8956000.0,5179.872758820127
Carpet  Area,Ready To Move,Rt Nagar,3 Bedroom,1806.0,4.0,2.0,106.97,3,10697000.0,5923.034330011074
Super built-up  Area,19-Aug,Kaggadasapura Phase 2,2 BHK,932.0,2.0,3.0,44.2,2,4420000.0,4742.489270386266
Super built-up  Area,Ready To Move,Banashankari,3 BHK,2080.0,4.0,2.0,118.51,3,11851000.0,5697.596153846154
Super built-up  Area,Ready To Move,Btm Layout,1 BHK,541.0,1.0,0.0,33.67,1,3367000.0,6223.65988909427
Super built-up  Area,Ready To Move,Frazer Town,2 BHK,967.0,2.0,3.0,96.35,2,9635000.0,9963.805584281283
Carpet  Area,Ready To Move,Harlur Colony,3 BHK,1431.0,3.0,0.0,126.58,3,12658000.0,8845.562543675751
Super built-up  Area,Ready To Move,Cv Raman Nagar,2 BHK,935.0,1.0,0.0,70.04,2,7004000.000000001,7490.909090909092
Plot  Area,Ready To Move,Uttarahalli,3 BHK,1375.15,3.0,2.0,65.07,3,6506999.999999999,4731.847434825291
Plot  Area,Ready To Move,Bannerghatta Road,3 BHK,1777.248,4.0,1.0,70.84,3,7084000.0,3985.937809467221
Built-up  Area,Ready To Move,Sarjapur Stage 2,2 BHK,914.0,2.0,0.0,54.51,2,5451000.0,5963.8949671772425
Super built-up  Area,Ready To Move,Nagarbhavi Gardens,4 BHK,2408.0,5.0,2.0,258.54,4,25854000.000000004,10736.71096345515
Plot  Area,19-May,Attibele Phase 2,4 BHK,2796.0,4.0,1.0,193.15,4,19315000.0,6908.082975679542
Super built-up  Area,Ready To Move,Kanakapura Road,2 BHK,1055.5,1.0,2.0,39.17,2,3917000.0,3711.037423022264
Super built-up  Area,Ready To Move,Doddakannelli Gardens,1 BHK,660.27,1.0,1.0,27.87,1,2787000.0,4221.000499795538
Built-up  Area,Ready To Move,Kaggadasapura Layout,2 Bedroom,891.0,2.0,2.0,33.47,2,3347000.0,3756.4534231200896
Super built-up  Area,Ready To Move,Horamavu Extension,2 Bedroom,1361.0,2.0,2.0,95.45,2,9545000.0,7013.225569434239
Built-up  Area,19-Aug,Old Airport Road Colony,1 BHK,450.39,1.0,1.0,25.38,1,2538000.0,5635.116232598415
Super built-up  Area,Ready To Move,Kaggadasapura Phase 2,2 BHK,1039.0,2.0,1.0,49.25,2,4925000.0,4740.134744947064
Super built-up  Area,Ready To Move,Sarjapur Road,2 BHK,987.0,2.0,0.0,46.91,2,4691000.0,4752.786220871327
Super built-up  Area,Ready To Move,Talaghattapura Stage 2,3 BHK,2002.84,3.0,1.0,174.81,3,17481000.0,8728.10608935312
Super built-up  Area,Ready To Move,Malleshwaram,3 BHK,1465.62,3.0,1.0,134.69,3,13469000.0,9189.967385816242
Carpet  Area,18-Nov,Basavanagudi,2 BHK,1310.0,3.0,3.0,107.25,2,10725000.0,8187.022900763359
Built-up  Area,Ready To Move,Vijayanagar,2 BHK,1357.0,3.0,0.0,84.29,2,8429000.0,6211.495946941784
Super built-up  Area,19-Aug,Yeshwanthpur,2 BHK,1345.78,2.0,3.0,95.63,2,9563000.0,7105.916271604571
Super built-up  Area,Ready To Move,Rt Nagar,2 BHK,1165.23,2.0,0.0,60.93,2,6093000.0,5229.010581601916
Super built-up  Area,19-May,Kanakapura Road,2 Bedroom,1257.0,2.0,1.0,46.38,2,4638000.0,3689.7374701670647
Super built-up  Area,19-May,Marathahalli,1 BHK,689.0,1.0,0.0,40.14,1,4014000.0,5825.8345428156745
Carpet  Area,Ready To Move,Koramangala,3 BHK,2178.0,2.0,1.0,253.73,3,25373000.0,11649.678604224058
Super built-up  Area,Ready To Move,Bannerghatta Road,2 BHK,1318.98,3.0,2.0,55.03,2,5503000.0,4172.1633383372
Super built-up  Area,18-Dec,Hsr Layout,1 BHK,529.0,2.0,3.0,45.17,1,4517000.0,8538.75236294896
Plot  Area,18-Jun,Kr Puram,3 BHK,2041.0,3.0,3.0,83.08,3,8308000.0,4070.5536501714846
Super built-up  Area,19-Aug,Hsr Layout,3 BHK,1709.95,4.0,3.0,126.5,3,12650000.0,7397.87713091026
Plot  Area,Ready To Move,Jp Nagar,2 BHK,1293.7320000000002,2.0,1.0,86.42,2,8642000.0,6679.899701019994
Super built-up  Area,Ready To Move,Domlur,3 BHK,1656.5,3.0,1.0,183.08,3,18308000.0,11052.218533051615
Super built-up  Area,Ready To Move,Vasanthapura Phase 1,1 Bedroom,562.0,2.0,2.0,57.73,1,5773000.0,10272.241992882562
Super built-up  Area,Ready To Move,Vijayanagar,3 Bedroom,2039.0,3.0,0.0,144.66,3,14466000.0,7094.654242275626
Super built-up  Area,Ready To Move,Whitefield,3 BHK,1863.0,3.0,1.0,100.52,3,10052000.0,5395.598497047772
Super built-up  Area,Ready To Move,Whitefield,2 Bedroom,1023.66,3.0,2.0,59.23,2,5923000.0,5786.100853799113
Built-up  Area,18-Jun,Jayanagar,3 BHK,2036.43,2.0,3.0,163.02,3,16302000.000000002,8005.185545292497
Built-up  Area,Ready To Move,Electronic City,2 BHK,955.0,3.0,2.0,36.31,2,3631000.0,3802.0942408376964
Super built-up  Area,19-May,Rt Nagar,3 BHK,1317.88,3.0,0.0,71.6,3,7159999.999999999,5432.968100282271
Super built-up  Area,Ready To Move,Uttarahalli,2 BHK,1421.145,2.0,3.0,53.69,2,5369000.0,3777.939619109943
Super built-up  Area,Ready To Move,Indiranagar,5 BHK,2707.0,4.0,2.0,306.31,5,30631000.0,11315.478389360916
Built-up  Area,18-Jun,Hennur,1 Bedroom,435.6,1.0,2.0,29.92,1,2992000.0,6868.686868686868
Plot  Area,Ready To Move,Kanakapura Road,2 BHK,1173.0,1.0,2.0,43.88,2,4388000.0,3740.835464620631
Built-up  Area,Ready To Move,Hebbal,2 BHK,1195.0,3.0,1.0,88.42,2,8842000.0,7399.163179916318
Built-up  Area,18-Jun,Sarjapur Road,3 BHK,1405.0,3.0,3.0,79.02,3,7902000.0,5624.199288256228
Super built-up  Area,18-Jun,Kaggadasapura Block,3 BHK,1354.0,4.0,3.0,94.36,3,9436000.0,6968.980797636632
Plot  Area,Ready To Move,Malleshwaram,2 BHK,1249.0,1.0,1.0,110.37,2,11037000.0,8836.669335468374
Built-up  Area,Ready To Move,Hennur,2 BHK,978.0,3.0,0.0,57.2,2,5720000.0,5848.670756646216
Super built-up  Area,Ready To Move,Attibele Phase 2,2 BHK,1204.0,2.0,2.0,135.11,2,13511000.000000002,11221.760797342195
Super built-up  Area,19-Aug,Domlur,3 BHK,1937.0,3.0,2.0,216.46,3,21646000.0,11175.01290655653
Plot  Area,Ready To Move,Subramanyapura Gardens,3 BHK,1416.0,3.0,2.0,123.5,3,12350000.0,8721.75141242938
Built-up  Area,18-Nov,Devanahalli Nagar,3 Bedroom,1605.0,2.0,3.0,93.51,3,9351000.0,5826.1682242990655
Super built-up  Area,Ready To Move,Kr Puram,3 Bedroom,1885.0,2.0,0.0,69.77,3,6977000.0,3701.3262599469494
Super built-up  Area,Ready To Move,Domlur,2 BHK,1348.97,1.0,2.0,157.21,2,15721000.0,11654.076814161916
Super built-up  Area,Ready To Move,Yelahanka,4 BHK,2637.96,5.0,0.0,125.46,4,12546000.0,4755.947777828322
Super built-up  Area,Ready To Move,Jayanagar,4 Bedroom,2207.33,4.0,2.0,184.42,4,18442000.0,8354.89029732754
Carpet  Area,19-Aug,Indiranagar,5 BHK,3147.21,5.0,0.0,415.83,5,41583000.0,13212.655018254263
Super built-up  Area,Ready To Move,Electronic City,2 BHK,1028.0,2.0,0.0,38.26,2,3826000.0,3721.7898832684823
Carpet  Area,19-Aug,Hennur,2 BHK,899.42,2.0,2.0,57.59,2,5759000.0,6403.01527651153
Built-up  Area,Ready To Move,Subramanyapura Gardens,2 BHK,1305.0,1.0,3.0,118.27,2,11827000.0,9062.835249042146
Super built-up  Area,Ready To Move,Jp Nagar,1 BHK,446.07,1.0,2.0,32.79,1,3279000.0,7350.8642141367945
Built-up  Area,Ready To Move,Sarjapur Road,3 Bedroom,1885.0,3.0,2.0,94.06,3,9406000.0,4989.9204244031835
Carpet  Area,Ready To Move,Bannerghatta Road,2 BHK,954.0,2.0,0.0,40.95,2,4095000.0000000005,4292.452830188679
Super built-up  Area,Ready To Move,Electronic City,2 BHK,1215.0,1.0,2.0,53.6,2,5360000.0,4411.522633744856
Super built-up  Area,Ready To Move,Sonnenahalli Block,3 Bedroom,1835.83,3.0,0.0,98.46,3,9846000.0,5363.24169449241
Super built-up  Area,19-May,Hsr Layout,2 BHK,1511.0,2.0,1.0,122.12,2,12212000.0,8082.064857710126
Super built-up  Area,Ready To Move,Frazer Town,2 BHK,1289.0,1.0,2.0,134.09,2,13409000.0,10402.637703646238
Super built-up  Area,Ready To Move,Btm Layout,4 BHK,2708.0,3.0,2.0,180.38,4,18038000.0,6661.004431314624
Plot  Area,Ready To Move,Munnekollal Extension,3 BHK,1352.0,4.0,0.0,52.98,3,5298000.0,3918.639053254438
Super built-up  Area,Ready To Move,Nagavara Phase 1,2 BHK,923.0,2.0,1.0,73.16,2,7316000.0,7926.327193932828
Super built-up  Area,Ready To Move,Sarjapur Road,1 Bedroom,664.57,1.0,1.0,38.34,1,3834000.0000000005,5769.143957747115
Super built-up  Area,Ready To Move,Nagarbhavi Gardens,3 BHK,1249.87,3.0,1.0,122.03,3,12203000.0,9763.415395201102
Super built-up  Area,Ready To Move,Kengeri,3 BHK,1708.0,3.0,1.0,60.5,3,6050000.0,3542.154566744731
Built-up  Area,Ready To Move,Hebbal,3 Bedroom,2060.0,2.0,2.0,126.84,3,12684000.0,6157.281553398058
Super built-up  Area,Ready To Move,Jp Nagar,3 Bedroom,1461.0,3.0,0.0,102.52,3,10252000.0,7017.111567419575
Carpet  Area,18-Dec,Sarjapur Road,3 BHK,1909.5,3.0,0.0,105.66,3,10566000.0,5533.385703063629
Super built-up  Area,Ready To Move,Rajaji Nagar,2 BHK,993.0,2.0,3.0,79.95,2,7995000.0,8051.359516616314
Built-up  Area,Ready To Move,Hebbal,3 BHK,1609.0,2.0,3.0,120.13,3,12013000.0,7466.1280298321935
Super built-up  Area,Ready To Move,Jayanagar,1 BHK,585.0,1.0,2.0,55.07,1,5507000.0,9413.675213675213
Carpet  Area,Ready To Move,Banashankari,2 BHK,1202.5,2.0,2.0,84.36,2,8436000.0,7015.384615384615
Built-up  Area,18-Jun,Begur Gardens,1 BHK,810.0,1.0,2.0,83.21,1,8320999.999999999,10272.839506172839
Carpet  Area,Ready To Move,Kr Puram,2 BHK,848.0,1.0,1.0,35.26,2,3526000.0,4158.018867924528
Built-up  Area,Ready To Move,Hennur,1 BHK,488.250504,1.0,3.0,28.08,1,2808000.0,5751.146137065739
Super built-up  Area,Ready To Move,Gottigere Layout,3 Bedroom,1606.0,3.0,1.0,179.76,3,17976000.0,11193.026151930262
Super built-up  Area,Ready To Move,Malleshwaram,3 Bedroom,2083.0,4.0,1.0,272.2,3,27220000.0,13067.690830532885
Built-up  Area,19-Mar,Varthur,3 BHK,1777.0,4.0,1.0,73.55,3,7355000.0,4138.998311761396
Super built-up  Area,Ready To Move,Nagarbhavi Gardens,4 BHK,2367.66,4.0,1.0,266.79,4,26679000.000000004,11268.087478776515
Built-up  Area,Ready To Move,Sarjapur Road,2 Bedroom,1331.0,3.0,1.0,67.61,2,6761000.0,5079.639368895567
Plot  Area,Ready To Move,Electronic City,3 Bedroom,1280.64,4.0,0.0,59.27,3,5927000.0,4628.154672663668
Super built-up  Area,Ready To Move,Jp Nagar,1 BHK,651.72,1.0,2.0,42.74,1,4274000.0,6558.031056281839
Super built-up  Area,19-Aug,Kadugodi Colony,3 BHK,1431.0,3.0,2.0,77.05,3,7705000.0,5384.346610761705
Super built-up  Area,Ready To Move,Jp Nagar,3 BHK,1629.1440000000002,3.0,0.0,95.8,3,9580000.0,5880.388719474767
Super built-up  Area,Ready To Move,Sarjapur Road,3 BHK,1416.0,3.0,1.0,72.54,3,7254000.000000001,5122.881355932204
Built-up  Area,18-Nov,Talaghattapura Stage 2,3 BHK,2029.64,3.0,0.0,208.72,3,20872000.0,10283.597091109754
Built-up  Area,Ready To Move,Uttarahalli,3 BHK,2172.5550000000003,3.0,0.0,91.65,3,9165000.0,4218.535319013788
Plot  Area,Ready To Move,Jayanagar,4 BHK,2178.0,4.0,0.0,178.53,4,17853000.0,8196.969696969696
Super built-up  Area,Ready To Move,Marathahalli,4 BHK,2569.0,4.0,1.0,183.73,4,18373000.0,7151.810042818217
Super built-up  Area,Ready To Move,Jayanagar,3 BHK,1828.28,3.0,1.0,171.88,3,17188000.0,9401.185813989105
Super built-up  Area,Ready To Move,Sathanur Extension,2 BHK,1036.0,1.0,2.0,50.93,2,5093000.0,4916.023166023166
Built-up  Area,Ready To Move,Kengeri,3 BHK,1362.0,3.0,2.0,45.37,3,4537000.0,3331.130690161527
Super built-up  Area,Ready To Move,Bellandur,2 BHK,1342.73,1.0,0.0,79.04,2,7904000.000000001,5886.514787038348
Carpet  Area,18-Jun,Rajaji Nagar,3 BHK,1325.0,2.0,1.0,108.1,3,10810000.0,8158.490566037736
Super built-up  Area,19-Aug,Sompura Colony,3 BHK,1441.0,3.0,1.0,57.55,3,5755000.0,3993.754337265788
Built-up  Area,Ready To Move,Kaggadasapura Phase 2,2 BHK,934.0,2.0,0.0,46.15,2,4615000.0,4941.113490364026
Plot  Area,Ready To Move,Sonnenahalli Block,1 BHK,600.0,1.0,1.0,37.8,1,3779999.9999999995,6299.999999999999
Super built-up  Area,Ready To Move,Varthur,2 BHK,905.5,1.0,1.0,46.42,2,4642000.0,5126.44947542794
Super built-up  Area,Ready To Move,Yeshwanthpur,4 BHK,2174.0,4.0,2.0,118.67,4,11867000.0,5458.601655933762
Super built-up  Area,Ready To Move,Kr Puram,3 BHK,1728.0,3.0,3.0,79.93,3,7993000.000000001,4625.578703703704
Carpet  Area,Ready To Move,Cv Raman Nagar,2 BHK,765.0,3.0,0.0,54.51,2,5451000.0,7125.490196078431
Super built-up  Area,19-Aug,Basavanagudi,2 Bedroom,882.09,3.0,0.0,91.05,2,9105000.0,10322.075978641635
Carpet  Area,Ready To Move,Varthur,2 Bedroom,1186.0,1.0,0.0,56.24,2,5624000.0,4741.989881956155
Super built-up  Area,18-Dec,Jalahalli Block,2 BHK,1330.0,2.0,0.0,81.13,2,8113000.0,6100.0
Super built-up  Area,Ready To Move,Uttarahalli,1 Bedroom,559.0,1.0,2.0,22.04,1,2204000.0,3942.7549194991057
Plot  Area,Ready To Move,Talaghattapura Main Road,3 Bedroom,1652.0,3.0,2.0,94.88,3,9488000.0,5743.341404358353
Carpet  Area,19-Mar,Jp Nagar,3 BHK,2089.0,3.0,1.0,157.64,3,15763999.999999998,7546.194351364288
Built-up  Area,19-Aug,Kanakapura Road,3 BHK,1777.0,4.0,3.0,87.13,3,8713000.0,4903.20765334834
Super built-up  Area,19-May,Jp Nagar,2 BHK,1221.19,2.0,1.0,72.43,2,7243000.000000001,5931.09999263014
Built-up  Area,Ready To Move,Harlur Nagar,3 BHK,1496.0,2.0,0.0,148.49,3,14849000.0,9925.802139037432
Built-up  Area,19-Mar,Gunjur Colony,6 BHK,2975.0,6.0,0.0,145.59,6,14559000.0,4893.781512605042
Built-up  Area,19-May,Vijayanagar,4 BHK,2580.0,4.0,0.0,157.24,4,15724000.0,6094.573643410853
Super built-up  Area,19-Aug,Rajaji Nagar,2 BHK,1288.0,2.0,2.0,115.32,2,11532000.0,8953.416149068324
Super built-up  Area,Ready To Move,Hebbal,3 BHK,1629.1440000000002,3.0,1.0,112.71,3,11271000.0,6918.357124968694
Super built-up  Area,18-Jun,Kengeri,2 BHK,1295.0,2.0,0.0,56.3,2,5630000.0,4347.490347490348
Built-up  Area,Ready To Move,Nagavara Main Road,2 BHK,871.2,2.0,3.0,30.3,2,3030000.0,3477.961432506887
Built-up  Area,Ready To Move,Hennur,2 BHK,1204.0,1.0,1.0,64.49,2,6448999.999999999,5356.3122923588035
Super built-up  Area,Ready To Move,Kengeri,2 BHK,1147.0,1.0,2.0,37.98,2,3797999.9999999995,3311.2467306015687
Built-up  Area,Ready To Move,Sarjapur Road,2 BHK,1410.5,3.0,2.0,60.73,2,6073000.0,4305.5654023395955
Built-up  Area,18-Jun,Basavanagudi,4 BHK,2144.5,4.0,0.0,226.55,4,22655000.0,10564.234087199813
Plot  Area,Ready To Move,Bellandur,3 BHK,2125.0,3.0,2.0,124.15,3,12415000.0,5842.35294117647
Super built-up  Area,Ready To Move,Talaghattapura Stage 2,3 BHK,2153.5,3.0,2.0,210.86,3,21086000.0,9791.502205711633
Built-up  Area,Ready To Move,Uttarahalli,2 BHK,1363.0,2.0,2.0,59.72,2,5972000.0,4381.511371973587
Super built-up  Area,Ready To Move,Whitefield,3 Bedroom,1367.0,3.0,1.0,71.57,3,7156999.999999999,5235.55230431602
Super built-up  Area,Ready To Move,Kengeri,5 Bedroom,2227.33,5.0,1.0,95.23,5,9523000.0,4275.522711048655
Super built-up  Area,Ready To Move,Malleshwaram,1 Bedroom,501.62,1.0,0.0,48.7,1,4870000.0,9708.544316414816
Built-up  Area,Ready To Move,Bellandur,2 BHK,948.0,2.0,3.0,59.85,2,5985000.0,6313.291139240507
Built-up  Area,Ready To Move,Bellandur,3 BHK,1451.0,4.0,1.0,95.34,3,9534000.0,6570.640937284631
Super built-up  Area,Ready To Move,Dodballapur Road Phase 2,2 BHK,1256.0,2.0,0.0,114.89,2,11489000.0,9147.292993630574
Super built-up  Area,Ready To Move,Indiranagar,2 BHK,1133.5,2.0,0.0,157.2,2,15719999.999999998,13868.548742831936
Super built-up  Area,Ready To Move,Varthur,3 BHK,1806.0,3.0,2.0,84.81,3,8481000.0,4696.013289036545
Super built-up  Area,Ready To Move,Frazer Town,1 BHK,457.38,1.0,1.0,48.38,1,4838000.0,10577.637850365123
Carpet  Area,Ready To Move,Sarjapur Road,3 BHK,1642.212,3.0,0.0,103.75,3,10375000.0,6317.698323967917
Built-up  Area,Ready To Move,Whitefield,1 BHK,480.0,1.0,0.0,25.52,1,2552000.0,5316.666666666667
Super built-up  Area,Ready To Move,Kumaraswamy Layout Phase 1,2 BHK,930.0,1.0,1.0,50.66,2,5066000.0,5447.311827956989
Super built-up  Area,19-Aug,Other,2 BHK,1019.66,2.0,0.0,94.78,2,9478000.0,9295.255281172156
Super built-up  Area,Ready To Move,Banashankari,3 BHK,2178.0,4.0,2.0,127.99,3,12799000.0,5876.492194674013
Super built-up  Area,Ready To Move,Whitefield,5 Bedroom,3463.0,5.0,2.0,181.93,5,18193000.0,5253.537395321975
Built-up  Area,Ready To Move,Frazer Town,3 BHK,1828.0,3.0,1.0,171.59,3,17159000.0,9386.761487964988
Super built-up  Area,18-Jun,Hennur,2 BHK,1327.59,2.0,2.0,86.77,2,8677000.0,6535.903403912353
Super built-up  Area,Ready To Move,Yeshwanthpur,2 Bedroom,1265.23,1.0,0.0,71.19,2,7119000.0,5626.644957833753
Built-up  Area,Ready To Move,Cv Raman Nagar,1 BHK,619.0,2.0,1.0,37.12,1,3711999.9999999995,5996.768982229401
Super built-up  Area,Ready To Move,Ambalipura Phase 2,3 Bedroom,1762.0,3.0,3.0,151.08,3,15108000.000000002,8574.347332576619
Super built-up  Area,Ready To Move,Bannerghatta Road,3 Bedroom,2079.0,3.0,1.0,96.03,3,9603000.0,4619.047619047619
Carpet  Area,Ready To Move,Koramangala,2 BHK,1104.0,2.0,1.0,131.81,2,13181000.0,11939.311594202898
Super built-up  Area,18-Jun,Vijayanagar,4 BHK,2414.0,4.0,0.0,173.83,4,17383000.0,7200.911350455675
Super built-up  Area,Ready To Move,Whitefield,3 BHK,1311.0,3.0,0.0,73.17,3,7317000.0,5581.235697940503
Plot  Area,19-May,Kaggadasapura Block,5 BHK,3586.0,4.0,1.0,177.85,5,17785000.0,4959.564974902398
Super built-up  Area,Ready To Move,Hennur,2 BHK,1467.442487,1.0,2.0,83.51,2,8351000.000000001,5690.853354718222
Super built-up  Area,18-Dec,Hennur,2 Bedroom,959.5,1.0,2.0,55.78,2,5578000.0,5813.444502344972
Super built-up  Area,Ready To Move,Indiranagar,4 BHK,1931.0,5.0,2.0,223.18,4,22318000.0,11557.742102537546
Plot  Area,Ready To Move,Harlur Nagar,4 Bedroom,2879.3160000000003,4.0,1.0,293.8,4,29380000.0,10203.812294308786
Super built-up  Area,Ready To Move,Kr Puram,3 BHK,1873.41,3.0,0.0,101.81,3,10181000.0,5434.475101552784
Super built-up  Area,Ready To Move,Kanakapura Road,3 BHK,1822.0,2.0,0.0,75.13,3,7513000.0,4123.4906695938525
Built-up  Area,19-Aug,Electronic City,3 BHK,1902.0,3.0,2.0,76.39,3,7639000.0,4016.298633017876
Super built-up  Area,Ready To Move,Other,1 BHK,577.1700000000001,2.0,1.0,52.86,1,5286000.0,9158.48017048703
Built-up  Area,18-Nov,Jayanagar,2 BHK,1060.0,2.0,1.0,99.3,2,9930000.0,9367.924528301886
Plot  Area,Ready To Move,Sompura Main Road,2 BHK,1416.5,2.0,2.0,70.2,2,7020000.0,4955.877162019061
Carpet  Area,19-Mar,Yeshwanthpur,4 Bedroom,2412.0,4.0,1.0,152.68,4,15268000.0,6330.016583747927
Plot  Area,Ready To Move,Indiranagar,4 BHK,2615.0,4.0,3.0,313.14,4,31314000.0,11974.760994263863
Super built-up  Area,18-Nov,Basavanagudi,2 Bedroom,1240.15,3.0,2.0,118.12,2,11812000.0,9524.654275692455
Super built-up  Area,Ready To Move,Kalyan Nagar Block,3 BHK,1513.7099999999998,4.0,0.0,143.49,3,14349000.0,9479.358661830867
Super built-up  Area,Ready To Move,Sarjapur Road,3 Bedroom,1522.0,3.0,0.0,72.65,3,7265000.000000001,4773.324572930355
Super built-up  Area,Ready To Move,Bellandur,3 BHK,1723.3425,2.0,1.0,118.33,3,11833000.0,6866.307771090193
Super built-up  Area,Ready To Move,Hsr Layout,1 BHK,549.9,1.0,0.0,45.02,1,4502000.0,8186.943080560102
Super built-up  Area,Ready To Move,Kengeri,2 BHK,1264.68,2.0,1.0,59.5,2,5950000.0,4704.747445994243
Carpet  Area,Ready To Move,Uttarahalli,2 BHK,1306.8,3.0,0.0,51.6,2,5160000.0,3948.5766758494033
Super built-up  Area,Ready To Move,Gunjur Gardens,6 BHK,3234.93,6.0,1.0,108.85,6,10885000.0,3364.833242141252
Super built-up  Area,Ready To Move,Doddakannelli Gardens,2 Bedroom,983.0,2.0,0.0,43.98,2,4398000.0,4474.059003051882
Super built-up  Area,Ready To Move,Vijayanagar,2 BHK,914.0,2.0,0.0,60.41,2,6041000.0,6609.409190371991
Built-up  Area,Ready To Move,Koramangala,3 BHK,1807.74,3.0,0.0,203.19,3,20319000.0,11240.001327624548
Built-up  Area,Ready To Move,Cv Raman Nagar,2 BHK,1024.08,2.0,3.0,74.58,2,7458000.0,7282.634169205531
Super built-up  Area,Ready To Move,Akshaya Nagar Layout,1 BHK,672.0,1.0,0.0,69.16,1,6916000.0,10291.666666666666
Built-up  Area,Ready To Move,Harlur Colony,2 BHK,901.0,3.0,1.0,89.22,2,8922000.0,9902.330743618202
Built-up  Area,Ready To Move,Marathahalli,3 Bedroom,1548.0,4.0,2.0,81.2,3,8120000.0,5245.47803617571
Super built-up  Area,Ready To Move,Domlur,2 BHK,1285.0,2.0,0.0,131.84,2,13184000.0,10259.922178988327
Carpet  Area,Ready To Move,Uttarahalli,1 Bedroom,541.54,1.0,1.0,23.42,1,2342000.0,4324.703623001072
Built-up  Area,Ready To Move,Whitefield,3 BHK,1556.0,2.0,2.0,89.98,3,8998000.0,5782.776349614396
Super built-up  Area,Ready To Move,Marathahalli,2 Bedroom,819.0,3.0,2.0,42.0,2,4200000.0,5128.205128205128
Carpet  Area,Ready To Move,Kr Puram,3 BHK,1688.43,3.0,0.0,80.44,3,8044000.0,4764.189217201779
Plot  Area,Ready To Move,Domlur,2 BHK,1100.0,2.0,0.0,96.72,2,9672000.0,8792.727272727272
Super built-up  Area,Ready To Move,Banashankari,3 Bedroom,1490.0,3.0,3.0,74.81,3,7481000.0,5020.805369127517
Built-up  Area,Ready To Move,Sarjapur Enclave,2 BHK,955.5,2.0,2.0,32.56,2,3256000.0,3407.6399790685505
Super built-up  Area,19-May,Other,4 BHK,1883.0,4.0,1.0,152.7,4,15269999.999999998,8109.39989378651
Super built-up  Area,Ready To Move,Malleshwaram,2 Bedroom,1286.51,2.0,2.0,111.85,2,11185000.0,8694.063784968635
Carpet  Area,Ready To Move,Yelenahalli Township,3 BHK,2096.0,2.0,0.0,84.21,3,8421000.0,4017.6526717557254
Super built-up  Area,Ready To Move,Marathahalli,2 BHK,1182.0,2.0,1.0,70.98,2,7098000.0,6005.076142131979
Carpet  Area,Ready To Move,Kr Puram,1 BHK,740.0,1.0,0.0,34.08,1,3408000.0,4605.405405405405
Super built-up  Area,Ready To Move,Banashankari,3 BHK,1982.0,3.0,0.0,97.5,3,9750000.0,4919.273461150353
Built-up  Area,Ready To Move,Kanakapura Road,1 Bedroom,532.0,1.0,0.0,27.27,1,2727000.0,5125.93984962406
Super built-up  Area,18-Jun,Hebbal,3 BHK,1853.0,2.0,3.0,131.93,3,13193000.0,7119.805720453319
Super built-up  Area,Ready To Move,Uttarahalli,3 BHK,1592.8419219999998,4.0,1.0,62.94,3,6294000.0,3951.4278931691756
Plot  Area,Ready To Move,Yelahanka,3 BHK,2038.0,3.0,0.0,95.57,3,9557000.0,4689.401373895977
Super built-up  Area,Ready To Move,Doddakannelli Enclave,2 BHK,1338.5,1.0,0.0,139.63,2,13963000.0,10431.826671647366
Plot  Area,Ready To Move,Munnekollal Phase 2,2 BHK,1138.69,3.0,1.0,40.78,2,4078000.0,3581.3083455549795
Super built-up  Area,Ready To Move,Kaggadasapura Cross,2 BHK,1306.8,2.0,2.0,93.48,2,9348000.0,7153.351698806245
Built-up  Area,Ready To Move,Uttarahalli,3 Bedroom,1518.0,3.0,1.0,64.96,3,6495999.999999999,4279.31488801054
Super built-up  Area,Ready To Move,Btm Layout,4 BHK,2560.16,4.0,0.0,201.57,4,20157000.0,7873.336041497407
Super built-up  Area,19-Aug,Koramangala,2 BHK,1029.5,1.0,2.0,106.51,2,10651000.0,10345.798931520156
Built-up  Area,Ready To Move,Indiranagar,3 BHK,1795.0,4.0,2.0,177.47,3,17747000.0,9886.908077994429
Built-up  Area,Ready To Move,Cv Raman Nagar,3 BHK,1710.74,4.0,2.0,122.43,3,12243000.0,7156.552135333248
Built-up  Area,Ready To Move,Kr Puram,2 BHK,1322.5,3.0,1.0,68.73,2,6873000.0,5196.975425330813
Super built-up  Area,Ready To Move,Yeshwanthpur,4 BHK,2006.4825,4.0,1.0,141.24,4,14124000.0,7039.1842440689115
Plot  Area,Ready To Move,Nagarbhavi Main Road,2 BHK,1377.0,3.0,3.0,51.87,2,5187000.0,3766.884531590414
Super built-up  Area,Ready To Move,Kanakapura Road,2 BHK,1046.0,2.0,2.0,41.66,2,4165999.9999999995,3982.7915869980875
Built-up  Area,Ready To Move,Sompura Main Road,1 Bedroom,558.0,1.0,0.0,36.04,1,3604000.0,6458.781362007168
Super built-up  Area,Ready To Move,Marathahalli,1 BHK,715.34,2.0,0.0,49.46,1,4946000.0,6914.194648698521
Super built-up  Area,Ready To Move,Yeshwanthpur,5 BHK,3049.2000000000003,5.0,3.0,190.55,5,19055000.0,6249.180112816476
Super built-up  Area,Ready To Move,Vasanthapura Phase 1,2 Bedroom,855.0,1.0,2.0,88.17,2,8817000.0,10312.280701754386
Carpet  Area,Ready To Move,Ambalipura Phase 2,2 BHK,876.0,2.0,1.0,72.31,2,7231000.0,8254.566210045663
Carpet  Area,Ready To Move,Sarjapur Road,3 BHK,1594.92,3.0,0.0,84.76,3,8476000.0,5314.3731347026805
Super built-up  Area,Ready To Move,Kanakapura Road,2 BHK,1070.5,2.0,2.0,42.82,2,4282000.0,4000.0
Plot  Area,Ready To Move,Yelahanka,2 BHK,986.0,1.0,0.0,43.24,2,4324000.0,4385.395537525355
Super built-up  Area,Ready To Move,Banashankari,3 BHK,2199.96,4.0,0.0,151.55,3,15155000.000000002,6888.761613847525
Super built-up  Area,Ready To Move,Hennur,2 Bedroom,1224.0,3.0,1.0,78.54,2,7854000.000000001,6416.666666666668
Built-up  Area,18-Dec,Basavanagudi,4 BHK,2126.0,4.0,1.0,183.8,4,18380000.0,8645.343367826905
Plot  Area,Ready To Move,Malleshwaram,2 BHK,1272.55,2.0,2.0,143.49,2,14349000.0,11275.784841460061
Built-up  Area,18-Dec,Singasandra Nagar,2 BHK,1094.0,2.0,0.0,92.54,2,9254000.0,8458.866544789762
Super built-up  Area,Ready To Move,Koramangala,4 BHK,1887.59,3.0,2.0,222.52,4,22252000.0,11788.576968515408
Super built-up  Area,Ready To Move,Malleshwaram,3 BHK,1508.0,2.0,2.0,152.1,3,15210000.0,10086.206896551725
Built-up  Area,19-Mar,Sarjapur Road,4 Bedroom,2411.0,4.0,2.0,157.23,4,15722999.999999998,6521.360431356283
Super built-up  Area,Ready To Move,Marathahalli,3 BHK,1823.0,4.0,1.0,116.96,3,11696000.0,6415.798134942403
Carpet  Area,Ready To Move,Yelahanka,3 BHK,1838.5,4.0,0.0,76.64,3,7664000.0,4168.615719336415
Super built-up  Area,Ready To Move,Yelahanka,4 BHK,1984.5,4.0,1.0,75.78,4,7578000.0,3818.59410430839
Built-up  Area,18-Dec,Kumaraswamy Layout Layout,3 Bedroom,2166.82,2.0,3.0,106.9,3,10690000.0,4933.497014057466
Super built-up  Area,19-Mar,Basavanagudi,4 Bedroom,2156.5,4.0,2.0,203.84,4,20384000.0,9452.353350336192
Super built-up  Area,Ready To Move,Hsr Layout,3 BHK,1468.0,4.0,0.0,122.97,3,12297000.0,8376.702997275204
Super built-up  Area,Ready To Move,Kengeri,1 BHK,649.85,1.0,0.0,24.14,1,2414000.0,3714.7033930907132
Plot  Area,Ready To Move,Munnekollal Phase 2,3 BHK,1739.5,2.0,3.0,74.03,3,7403000.0,4255.820638114401
Super built-up  Area,18-Jun,Kalyan Nagar Block,2 BHK,1295.3,3.0,2.0,107.69,2,10769000.0,8313.904114876863
Built-up  Area,Ready To Move,Pattandur Agrahara Colony,1 Bedroom,642.51,1.0,2.0,41.05,1,4104999.9999999995,6389.005618589594
Super built-up  Area,Ready To Move,Basavanagudi,6 Bedroom,3276.77,5.0,2.0,278.94,6,27894000.0,8512.651177836711
Super built-up  Area,Ready To Move,Yeshwanthpur,3 BHK,1459.02,4.0,2.0,104.35,3,10435000.0,7152.060972433552
Super built-up  Area,Ready To Move,Domlur,5 Bedroom,3048.5,6.0,2.0,287.02,5,28702000.0,9415.122191241595
Super built-up  Area,Ready To Move,Hennur,3 Bedroom,1593.0,3.0,2.0,102.23,3,10223000.0,6417.45134965474
Plot  Area,19-Aug,Anekal Phase 1,3 BHK,1602.53,3.0,2.0,150.26,3,15026000.0,9376.423530292725
Super built-up  Area,Ready To Move,Yelenahalli Township,3 BHK,2143.0,2.0,1.0,73.41,3,7341000.0,3425.571628558096
Built-up  Area,Ready To Move,Malleshwaram,2 BHK,1324.0,2.0,1.0,129.59,2,12959000.0,9787.764350453172
Built-up  Area,Ready To Move,Hebbal,2 BHK,983.62,3.0,3.0,69.62,2,6962000.0,7077.9366015331125
Super built-up  Area,Ready To Move,Btm Layout,2 BHK,1134.0,3.0,1.0,75.56,2,7556000.0,6663.139329805997
Plot  Area,Ready To Move,Malleshwaram,2 BHK,1023.0,2.0,2.0,91.88,2,9188000.0,8981.427174975563
Super built-up  Area,Ready To Move,Sarjapur Road,2 Bedroom,1211.0,2.0,2.0,67.76,2,6776000.000000001,5595.375722543354
Super built-up  Area,19-May,Yelahanka,2 Bedroom,1156.0,2.0,3.0,50.43,2,5043000.0,4362.4567474048445
Built-up  Area,Ready To Move,Yelahanka,1 BHK,626.0,2.0,0.0,27.47,1,2747000.0,4388.178913738019
Super built-up  Area,Ready To Move,Malleshwaram,2 Bedroom,1126.0,2.0,1.0,108.64,2,10864000.0,9648.312611012434
Super built-up  Area,Ready To Move,Subramanyapura Main Road,4 Bedroom,2723.0,4.0,0.0,169.53,4,16953000.0,6225.85383767903
Built-up  Area,Ready To Move,Marathahalli,3 BHK,1391.89,3.0,1.0,73.98,3,7398000.0,5315.075185539086
Super built-up  Area,Ready To Move,Uttarahalli,5 BHK,3608.0,6.0,0.0,160.29,5,16029000.0,4442.627494456763
Super built-up  Area,Ready To Move,Whitefield,3 BHK,1613.0,2.0,1.0,87.58,3,8758000.0,5429.634221946683
Super built-up  Area,18-Dec,Kadugodi Colony,2 BHK,1283.0,2.0,0.0,77.3,2,7730000.0,6024.941543257989
Super built-up  Area,Ready To Move,Harlur Colony,1 BHK,528.0,2.0,3.0,57.39,1,5739000.0,10869.318181818182
Super built-up  Area,Ready To Move,Yelahanka,4 BHK,2326.0,4.0,0.0,100.77,4,10077000.0,4332.330180567498
Built-up  Area,Ready To Move,Yelahanka,2 BHK,1069.0,2.0,2.0,44.82,2,4482000.0,4192.703461178671
Super built-up  Area,18-Nov,Frazer Town,3 BHK,1491.93,3.0,3.0,133.92,3,13391999.999999998,8976.292453399286
Carpet  Area,Ready To Move,Gunjur Gardens,3 BHK,1659.0,3.0,2.0,51.11,3,5111000.0,3080.7715491259796
Carpet  Area,Ready To Move,Bellandur,4 BHK,2469.9921329999997,4.0,2.0,155.69,4,15569000.0,6303.25894240409
Plot  Area,Ready To Move,Yeshwanthpur,1 BHK,519.0,1.0,1.0,32.96,1,3296000.0,6350.674373795761
Super built-up  Area,19-May,Kanakapura Road,3 BHK,2041.0,3.0,1.0,99.42,3,9942000.0,4871.141597256247
Super built-up  Area,18-Dec,Kumaraswamy Layout Stage 2,2 BHK,955.0,2.0,1.0,86.8,2,8680000.0,9089.005235602095
Super built-up  Area,Ready To Move,Whitefield,3 Bedroom,2079.0,4.0,0.0,122.63,3,12263000.0,5898.508898508899
Super built-up  Area,18-Dec,Yelahanka,6 BHK,3927.0,7.0,3.0,143.33,6,14333000.000000002,3649.8599439775917
Super built-up  Area,Ready To Move,Doddakannelli Enclave,2 BHK,865.0,2.0,3.0,92.93,2,9293000.0,10743.35260115607
Built-up  Area,19-Mar,Yelenahalli Layout,3 BHK,2071.0,3.0,0.0,104.77,3,10477000.0,5058.908739739257
Built-up  Area,18-Dec,Sarjapur Road,2 Bedroom,1164.0,1.0,0.0,51.96,2,5196000.0,4463.917525773196
Built-up  Area,Ready To Move,Indiranagar,2 BHK,1205.04,2.0,1.0,128.48,2,12847999.999999998,10661.8867423488
Built-up  Area,Ready To Move,Bellandur,5 BHK,2772.0,5.0,1.0,147.83,5,14783000.000000002,5332.972582972584
Super built-up  Area,19-Mar,Rajarajeshwari Nagar Gardens,2 BHK,1361.25,3.0,2.0,75.77,2,7577000.0,5566.207529843893
Carpet  Area,Ready To Move,Whitefield,1 BHK,446.48999999999995,2.0,1.0,29.1,1,2910000.0,6517.5031915608415
Super built-up  Area,Ready To Move,Btm Layout,2 BHK,1169.0,1.0,2.0,83.95,2,8395000.0,7181.351582549188
Built-up  Area,19-May,Jayanagar,3 Bedroom,1797.0,3.0,0.0,154.81,3,15481000.0,8614.913745130774
Super built-up  Area,Ready To Move,Sarjapur Road,5 BHK,3454.0,5.0,2.0,192.49,5,19249000.0,5572.958888245513
Super built-up  Area,19-Aug,Electronic City,1 BHK,487.9,1.0,1.0,20.32,1,2032000.0,4164.787866366059
Built-up  Area,18-Nov,Hennur,2 BHK,1181.5,2.0,1.0,73.22,2,7322000.0,6197.206940330089
Super built-up  Area,Ready To Move,Frazer Town,4 BHK,2820.5099999999998,4.0,2.0,278.41,4,27841000.000000004,9870.909870909873
Plot  Area,Ready To Move,Vijayanagar,1 BHK,519.0,1.0,1.0,33.33,1,3333000.0,6421.9653179190755
Carpet  Area,Ready To Move,Electronic City,2 BHK,970.0,2.0,0.0,33.98,2,3397999.9999999995,3503.0927835051543
Super built-up  Area,Ready To Move,Marathahalli,2 Bedroom,1049.5,1.0,1.0,60.81,2,6081000.0,5794.187708432587
Super built-up  Area,19-May,Marathahalli,3 BHK,2137.0,4.0,2.0,133.5,3,13350000.0,6247.075339260646
Super built-up  Area,18-Dec,Marathahalli,1 BHK,588.33,1.0,3.0,39.22,1,3922000.0,6666.326721397854
Super built-up  Area,18-Dec,Basavanagudi,2 BHK,1252.68,2.0,2.0,104.75,2,10475000.0,8362.071718236102
Super built-up  Area,Ready To Move,Uttarahalli,2 BHK,1400.95,2.0,0.0,48.83,2,4883000.0,3485.4919875798564
Super built-up  Area,19-Aug,Indiranagar,2 BHK,972.7,2.0,2.0,101.1,2,10110000.0,10393.74935745862
Super built-up  Area,Ready To Move,Koramangala,2 BHK,989.0,2.0,1.0,117.17,2,11717000.0,11847.32052578362
Super built-up  Area,Ready To Move,Sathanur Enclave,2 BHK,1219.71,3.0,1.0,74.43,2,7443000.000000001,6102.270211771651
Super built-up  Area,Ready To Move,Attibele Phase 1,1 BHK,653.0,1.0,1.0,58.15,1,5815000.0,8905.053598774884
Built-up  Area,Ready To Move,Yelahanka,4 BHK,2899.0,5.0,3.0,122.21,4,12221000.0,4215.591583304587
Super built-up  Area,19-Mar,Kr Puram,2 BHK,1295.5,2.0,0.0,48.65,2,4865000.0,3755.3068313392514
Carpet  Area,Ready To Move,Banashankari,5 BHK,3484.8,5.0,1.0,190.48,5,19048000.0,5466.023875114784
Plot  Area,Ready To Move,Yelenahalli Township,4 BHK,2692.008,3.0,0.0,117.88,4,11788000.0,4378.887432726798
Super built-up  Area,19-Mar,Electronic City,2 BHK,1261.44,1.0,0.0,61.48,2,6148000.0,4873.795027904616
Carpet  Area,18-Dec,Banashankari,3 Bedroom,1938.0,3.0,1.0,124.8,3,12480000.0,6439.628482972136
Super built-up  Area,Ready To Move,Btm Layout,4 Bedroom,2373.41,4.0,0.0,162.51,4,16251000.0,6847.110275932098
Plot  Area,Ready To Move,Yeshwanthpur,4 BHK,2237.061337,3.0,3.0,127.78,4,12778000.0,5711.957821029562
Built-up  Area,Ready To Move,Marathahalli,1 BHK,382.73,1.0,2.0,21.04,1,2104000.0,5497.347999895487
Super built-up  Area,19-May,Vijayanagar,3 BHK,1559.0,4.0,1.0,89.12,3,8912000.0,5716.484926234766
Super built-up  Area,Ready To Move,Kr Puram,3 BHK,1897.0,2.0,0.0,83.18,3,8318000.000000001,4384.818133895626
Plot  Area,Ready To Move,Whitefield,1 BHK,633.0,1.0,1.0,38.27,1,3827000.0000000005,6045.813586097947
Built-up  Area,Ready To Move,Singasandra Main Road,4 BHK,2021.75,5.0,2.0,127.38,4,12738000.0,6300.482255471745
Plot  Area,Ready To Move,Varthur,1 BHK,593.38,1.0,0.0,31.95,1,3195000.0,5384.407967912636
Super built-up  Area,Ready To Move,Hebbal,2 BHK,1275.0,2.0,2.0,84.16,2,8416000.0,6600.78431372549
Super built-up  Area,Ready To Move,Jp Nagar,2 Bedroom,1207.5,2.0,0.0,81.58,2,8158000.0,6756.107660455486
Super built-up  Area,19-Aug,Talaghattapura Main Road,2 BHK,922.5,1.0,1.0,61.14,2,6114000.0,6627.642276422765
Super built-up  Area,19-Aug,Nallurhalli Nagar,2 BHK,1413.0,1.0,0.0,52.11,2,5211000.0,3687.8980891719743
Carpet  Area,Ready To Move,Sompura Main Road,2 BHK,827.03,1.0,0.0,46.24,2,4624000.0,5591.091012417929
Super built-up  Area,Ready To Move,Haralur Road Block,5 BHK,3461.35,4.0,3.0,335.44,5,33544000.0,9691.016510898928
Super built-up  Area,Ready To Move,Bellandur,4 BHK,2236.0,4.0,2.0,132.76,4,13276000.0,5937.388193202147
Built-up  Area,18-Nov,Harlur Colony,2 BHK,922.0,1.0,2.0,84.58,2,8458000.0,9173.535791757049
Super built-up  Area,19-Aug,Mahadevapura Phase 2,1 BHK,480.33,1.0,1.0,21.9,1,2190000.0,4559.365436262569
Super built-up  Area,Ready To Move,Indiranagar,2 BHK,961.8,2.0,2.0,95.71,2,9571000.0,9951.133291744645
Built-up  Area,Ready To Move,Bellandur,3 Bedroom,2178.0,3.0,2.0,123.9,3,12390000.0,5688.70523415978
Built-up  Area,Ready To Move,Bellandur,3 BHK,2133.43,2.0,3.0,134.71,3,13471000.0,6314.245135767286
Built-up  Area,Ready To Move,Banashankari,3 Bedroom,1862.55,3.0,2.0,99.33,3,9933000.0,5333.011194330354
Super built-up  Area,19-Mar,Whitefield,2 BHK,1180.0,2.0,3.0,66.27,2,6627000.0,5616.1016949152545
Super built-up  Area,Ready To Move,Chandapura Stage 2,3 BHK,2082.86,4.0,1.0,222.97,3,22297000.0,10704.992174221983
Super built-up  Area,Ready To Move,Akshaya Nagar Extension,3 BHK,1953.0,3.0,1.0,85.34,3,8534000.0,4369.6876600102405
Super built-up  Area,18-Dec,Cv Raman Nagar,4 BHK,2072.69,4.0,3.0,147.84,4,14784000.0,7132.759843488413
Built-up  Area,Ready To Move,Marathahalli,4 BHK,2292.0,5.0,2.0,116.44,4,11644000.0,5080.279232111693
Built-up  Area,Ready To Move,Hebbal,2 BHK,1375.0,2.0,0.0,100.92,2,10092000.0,7339.636363636364
Super built-up  Area,Ready To Move,Old Airport Road Colony,3 BHK,1444.0,3.0,1.0,93.35,3,9335000.0,6464.681440443213
Built-up  Area,Ready To Move,Harlur Colony,2 BHK,1335.09,3.0,0.0,137.73,2,13772999.999999998,10316.158461227333
Super built-up  Area,Ready To Move,Electronic City,2 BHK,1274.0,2.0,0.0,57.55,2,5755000.0,4517.268445839874
Built-up  Area,Ready To Move,Hennur,2 BHK,1115.0,2.0,2.0,64.49,2,6448999.999999999,5783.856502242152
Super built-up  Area,Ready To Move,Kengeri,3 BHK,1266.0,3.0,0.0,46.24,3,4624000.0,3652.448657187994
Super built-up  Area,Ready To Move,Banashankari,4 BHK,2052.38,5.0,0.0,151.58,4,15158000.000000002,7385.571872655162
Super built-up  Area,Ready To Move,Hsr Layout,3 BHK,1720.0,3.0,2.0,147.67,3,14766999.999999998,8585.465116279069
Super built-up  Area,19-May,Marathahalli,2 BHK,980.1,2.0,1.0,65.91,2,6591000.0,6724.82399755127
Carpet  Area,Ready To Move,Hennur,2 Bedroom,1116.5,3.0,1.0,64.83,2,6483000.0,5806.53828929691
Super built-up  Area,18-Jun,Kr Puram,2 BHK,1487.0,1.0,1.0,74.87,2,7487000.0,5034.969737726967
Built-up  Area,Ready To Move,Whitefield Hope Farm Enclave,4 Bedroom,2283.5,4.0,2.0,110.73,4,11073000.0,4849.135099627764
Super built-up  Area,18-Nov,Hebbal,2 BHK,954.0,1.0,0.0,67.74,2,6773999.999999999,7100.628930817609
Built-up  Area,Ready To Move,Sarjapur Enclave,2 BHK,1063.0,2.0,2.0,36.99,2,3699000.0,3479.774223894638
Built-up  Area,19-Aug,Kr Puram,2 Bedroom,1286.0,3.0,3.0,48.57,2,4857000.0,3776.827371695179
Super built-up  Area,19-Aug,Indiranagar,3 BHK,1453.815,3.0,1.0,177.86,3,17786000.0,12234.018771301713
Super built-up  Area,Ready To Move,Jayanagar,4 BHK,2252.0,5.0,2.0,215.31,4,21531000.0,9560.834813499112
Super built-up  Area,19-Aug,Whitefield,2 BHK,1463.0,2.0,1.0,92.06,2,9206000.0,6292.54955570745
Plot  Area,Ready To Move,Btm Layout,2 Bedroom,945.0,2.0,0.0,55.41,2,5541000.0,5863.492063492064
Built-up  Area,Ready To Move,Bannerghatta Road,2 Bedroom,1009.84,2.0,1.0,50.7,2,5070000.0,5020.597322348094
Built-up  Area,Ready To Move,Horamavu Block,3 BHK,1662.0,2.0,0.0,155.22,3,15522000.0,9339.350180505415
Super built-up  Area,Ready To Move,Sarjapur Road,1 BHK,741.59,2.0,1.0,45.87,1,4587000.0,6185.358486495233
Built-up  Area,Ready To Move,Ramamurthy Nagar Extension,3 BHK,1957.0,3.0,2.0,70.14,3,7014000.0,3584.0572304547777
Super built-up  Area,Ready To Move,Mahadevapura Colony,3 BHK,1625.5,3.0,3.0,54.33,3,5433000.0,3342.3561980928944
Plot  Area,Ready To Move,Nallurhalli Nagar,3 BHK,1984.5,3.0,3.0,76.13,3,7613000.0,3836.230788611741
Built-up  Area,18-Nov,Bannerghatta Road,1 BHK,718.74,1.0,2.0,33.52,1,3352000.0000000005,4663.717060411276
Built-up  Area,Ready To Move,Rajaji Nagar,1 BHK,763.0,1.0,1.0,71.4,1,7140000.000000001,9357.798165137616
Super built-up  Area,Ready To Move,Btm Layout,2 BHK,861.0,3.0,1.0,59.89,2,5989000.0,6955.865272938444
Plot  Area,Ready To Move,Whitefield,2 Bedroom,847.0,2.0,1.0,50.72,2,5072000.0,5988.193624557261
Super built-up  Area,Ready To Move,Koramangala,3 BHK,2267.47,3.0,1.0,286.16,3,28616000.000000004,12620.23312326073
Super built-up  Area,Ready To Move,Cv Raman Nagar,3 BHK,1685.12,3.0,1.0,129.09,3,12909000.0,7660.582035700722
Super built-up  Area,Ready To Move,Jp Nagar,2 Bedroom,1138.0049999999999,2.0,0.0,69.67,2,6967000.0,6122.117213896249
Super built-up  Area,Ready To Move,Hebbal,2 BHK,1026.0,2.0,2.0,59.4,2,5940000.0,5789.473684210527
Super built-up  Area,Ready To Move,Nagarbhavi Gardens,2 Bedroom,993.0,1.0,1.0,102.03,2,10203000.0,10274.924471299093
Built-up  Area,18-Dec,Koramangala,2 BHK,981.0,3.0,3.0,104.14,2,10414000.0,10615.698267074415
Carpet  Area,Ready To Move,Whitefield,2 BHK,1362.0,2.0,1.0,65.5,2,6550000.0,4809.104258443465
Super built-up  Area,19-Mar,Singasandra Main Road,2 BHK,1064.5,3.0,1.0,75.84,2,7584000.0,7124.471582902771
Super built-up  Area,18-Dec,Attibele Phase 2,2 BHK,1289.0,3.0,1.0,111.36,2,11136000.0,8639.255236617533
Plot  Area,Ready To Move,Other,2 Bedroom,1135.0,2.0,3.0,102.71,2,10271000.0,9049.339207048459
Super built-up  Area,19-Aug,Sathanur Gardens,3 BHK,2140.0,3.0,3.0,145.14,3,14513999.999999998,6782.242990654205
Super built-up  Area,Ready To Move,Subramanyapura Main Road,1 Bedroom,392.0,2.0,0.0,26.24,1,2624000.0,6693.877551020408
Plot  Area,Ready To Move,Vijayanagar,2 BHK,1118.0,2.0,0.0,67.11,2,6711000.0,6002.68336314848
Super built-up  Area,Ready To Move,Jp Nagar,3 BHK,1742.4,2.0,1.0,119.11,3,11911000.0,6835.973370064279
Plot  Area,Ready To Move,Bannerghatta Road,2 BHK,845.86,1.0,1.0,41.81,2,4181000.0,4942.89835197314
Super built-up  Area,Ready To Move,Banashankari,2 Bedroom,1373.0,2.0,3.0,86.69,2,8669000.0,6313.911143481428
Super built-up  Area,Ready To Move,Whitefield,3 BHK,1915.0,3.0,0.0,119.31,3,11931000.0,6230.287206266318
Super built-up  Area,18-Nov,Jp Nagar,2 BHK,1374.0,2.0,2.0,82.65,2,8265000.000000001,6015.283842794761
Built-up  Area,Ready To Move,Hennur,2 BHK,1031.0,1.0,3.0,61.81,2,6181000.0,5995.150339476237
Super built-up  Area,Ready To Move,Devanahalli Extension,2 BHK,1382.0,3.0,2.0,119.3,2,11930000.0,8632.416787264834
Carpet  Area,Ready To Move,Electronic City,3 BHK,1945.92,3.0,2.0,76.6,3,7659999.999999999,3936.4413747738854
Built-up  Area,Ready To Move,Sarjapur Road,3 BHK,1954.0,3.0,3.0,131.78,3,13178000.0,6744.114636642784
Built-up  Area,Ready To Move,Hsr Layout,2 BHK,1032.0,2.0,2.0,89.67,2,8967000.0,8688.953488372093
Built-up  Area,Ready To Move,Jp Nagar,2 Bedroom,1370.0,3.0,1.0,99.27,2,9927000.0,7245.985401459854
Super built-up  Area,Ready To Move,Varthur,2 Bedroom,1209.0,2.0,1.0,52.48,2,5248000.0,4340.777502067825
Super built-up  Area,Ready To Move,Vijayanagar,4 Bedroom,2705.5,4.0,2.0,172.85,4,17285000.0,6388.837553132508
Super built-up  Area,18-Nov,Whitefield Hope Farm Extension,2 BHK,1238.5,2.0,1.0,61.46,2,6146000.0,4962.454582155834
Super built-up  Area,18-Jun,Basavanagudi,3 Bedroom,1695.0,3.0,2.0,153.68,3,15368000.0,9066.666666666666
Super built-up  Area,Ready To Move,Nagavara Main Road,2 BHK,954.01,2.0,2.0,36.72,2,3672000.0,3849.0162576912194
Super built-up  Area,19-Mar,Domlur,3 BHK,1916.33,3.0,0.0,191.27,3,19127000.0,9981.05754228134
Super built-up  Area,18-Jun,Sarjapur Road,1 BHK,435.6,1.0,2.0,27.77,1,2777000.0,6375.114784205693
Super built-up  Area,Ready To Move,Kalyan Nagar Block,3 Bedroom,1831.0,3.0,3.0,160.48,3,16047999.999999998,8764.609503003821
Plot  Area,Ready To Move,Hennur,1 BHK,645.0,1.0,1.0,38.66,1,3865999.9999999995,5993.798449612403
Super built-up  Area,Ready To Move,Rt Nagar,2 BHK,1492.5,2.0,0.0,97.13,2,9713000.0,6507.872696817421
Super built-up  Area,Ready To Move,Varthur,3 BHK,1476.0,3.0,0.0,67.67,3,6767000.0,4584.6883468834685
Built-up  Area,Ready To Move,Marathahalli,4 BHK,2796.030664,4.0,1.0,193.58,4,19358000.0,6923.386159258517
Built-up  Area,Ready To Move,Kumaraswamy Layout Phase 1,4 BHK,2787.84,4.0,3.0,164.52,4,16452000.000000002,5901.342975206612
Built-up  Area,Ready To Move,Marathahalli,4 BHK,1946.0,5.0,3.0,105.61,4,10561000.0,5427.0298047276465
Super built-up  Area,19-May,Dodballapur Road Phase 1,3 BHK,1329.0,3.0,2.0,46.46,3,4646000.0,3495.8615500376222
Super built-up  Area,Ready To Move,Hennur,6 BHK,3765.5,6.0,3.0,240.7,6,24070000.0,6392.2453857389455
Built-up  Area,18-Nov,Dodballapur Road Phase 2,3 BHK,1699.0,3.0,2.0,152.31,3,15231000.0,8964.685108887581
Super built-up  Area,Ready To Move,Haralur Road Colony,2 BHK,921.15,2.0,1.0,74.87,2,7487000.0,8127.883623731206
Super built-up  Area,Ready To Move,Yeshwanthpur,4 BHK,2467.0,4.0,3.0,173.0,4,17300000.0,7012.565869477097
Super built-up  Area,Ready To Move,Sarjapur Road,2 BHK,894.3,2.0,1.0,46.8,2,4680000.0,5233.1432405233145
Super built-up  Area,Ready To Move,Uttarahalli,2 BHK,1279.575,3.0,1.0,51.32,2,5132000.0,4010.7066799523277
Built-up  Area,Ready To Move,Kengeri,3 BHK,1386.0,3.0,0.0,54.47,3,5447000.0,3930.01443001443
Super built-up  Area,Ready To Move,Kanakapura Road,2 BHK,993.0,3.0,2.0,39.31,2,3931000.0,3958.710976837865
Super built-up  Area,Ready To Move,Bellandur,2 BHK,1162.0,2.0,2.0,82.47,2,8247000.0,7097.2461273666095
Carpet  Area,Ready To Move,Harlur Colony,2 BHK,1053.5,2.0,1.0,116.25,2,11625000.0,11034.646416706217
Super built-up  Area,Ready To Move,Jp Nagar,1 BHK,427.0,1.0,1.0,27.77,1,2777000.0,6503.512880562061
Super built-up  Area,Ready To Move,Hennur,2 Bedroom,1045.0,2.0,1.0,66.68,2,6668000.000000001,6380.86124401914
Built-up  Area,Ready To Move,Kr Puram,4 BHK,2576.0,3.0,1.0,116.79,4,11679000.0,4533.773291925466
Super built-up  Area,18-Nov,Vijayanagar,3 BHK,1424.0,3.0,3.0,82.42,3,8242000.0,5787.921348314607
Carpet  Area,Ready To Move,Bellandur,2 BHK,1092.0,1.0,1.0,57.84,2,5784000.0,5296.7032967032965
Super built-up  Area,Ready To Move,Akshaya Nagar Layout,4 Bedroom,2532.09,4.0,3.0,238.55,4,23855000.0,9421.071130962959
Built-up  Area,Ready To Move,Uttarahalli,2 BHK,1072.94,2.0,0.0,50.37,2,5037000.0,4694.577515984118
Built-up  Area,Ready To Move,Jp Nagar,5 Bedroom,2432.856678,6.0,3.0,176.85,5,17685000.0,7269.232158196209
Super built-up  Area,18-Dec,Indiranagar,1 BHK,734.0,2.0,0.0,97.91,1,9791000.0,13339.23705722071
Carpet  Area,Ready To Move,Kanakapura Road,4 BHK,2174.0,4.0,2.0,88.07,4,8807000.0,4051.0579576816926
Super built-up  Area,19-Aug,Bannerghatta Road,3 BHK,1673.86,2.0,1.0,64.24,3,6423999.999999999,3837.835900254501
Carpet  Area,Ready To Move,Singasandra Main Road,2 Bedroom,1347.42,1.0,0.0,91.22,2,9122000.0,6769.97521188642
Carpet  Area,Ready To Move,Uttarahalli,5 Bedroom,3014.0,5.0,0.0,150.72,5,15072000.0,5000.663570006635
Super built-up  Area,Ready To Move,Jalahalli Block,3 BHK,1769.0,4.0,2.0,98.08,3,9808000.0,5544.375353306953
Built-up  Area,Ready To Move,Kanakapura Road,3 Bedroom,2176.0,3.0,2.0,93.0,3,9300000.0,4273.89705882353
Super built-up  Area,18-Nov,Jp Nagar,4 Bedroom,1955.8440000000003,5.0,2.0,143.3,4,14330000.000000002,7326.760211959645
Built-up  Area,Ready To Move,Sathanur Gardens,3 BHK,1423.0,3.0,0.0,93.03,3,9303000.0,6537.596626844695
Super built-up  Area,Ready To Move,Jayanagar,6 BHK,4239.0,6.0,3.0,423.8,6,42380000.0,9997.640953054966
Built-up  Area,Ready To Move,Kumaraswamy Layout Phase 1,3 BHK,1762.0,3.0,2.0,99.85,3,9985000.0,5666.855845629966
Built-up  Area,Ready To Move,Devanahalli Stage 2,2 BHK,971.872531,2.0,0.0,46.14,2,4614000.0,4747.5361766346705
Super built-up  Area,Ready To Move,Whitefield,2 BHK,1304.0,2.0,3.0,59.72,2,5972000.0,4579.754601226994
Super built-up  Area,Ready To Move,Electronic City,1 BHK,665.0,1.0,0.0,34.82,1,3482000.0,5236.090225563909
Built-up  Area,Ready To Move,Kengeri,4 BHK,2046.99,3.0,2.0,74.78,4,7478000.0,3653.1687990659457
Super built-up  Area,Ready To Move,Electronic City,2 BHK,1144.0,2.0,2.0,48.39,2,4839000.0,4229.895104895105
Super built-up  Area,Ready To Move,Subramanyapura Main Road,3 BHK,1547.99,3.0,1.0,94.69,3,9469000.0,6116.964579874547
Super built-up  Area,19-Aug,Varthur,2 BHK,1271.0,2.0,0.0,62.05,2,6205000.0,4881.98269079465
Super built-up  Area,Ready To Move,Rt Nagar,1 BHK,678.49,1.0,3.0,38.07,1,3807000.0,5610.989108166664
Super built-up  Area,Ready To Move,Talaghattapura Main Road,5 BHK,2613.6,6.0,3.0,167.13,5,16713000.0,6394.628099173554
Built-up  Area,Ready To Move,Whitefield,3 BHK,1963.3,3.0,2.0,129.2,3,12919999.999999998,6580.7568889115255
Plot  Area,18-Dec,Hebbal,5 BHK,2813.0,5.0,2.0,207.98,5,20798000.0,7393.530039104159
Super built-up  Area,19-Aug,Yelahanka,2 BHK,1411.0,2.0,0.0,53.21,2,5321000.0,3771.0843373493976
Carpet  Area,Ready To Move,Yelahanka,2 BHK,1088.0,1.0,1.0,42.24,2,4224000.0,3882.3529411764707
Super built-up  Area,Ready To Move,Jp Nagar,3 BHK,1779.45,3.0,1.0,107.38,3,10738000.0,6034.448846553711
Super built-up  Area,Ready To Move,Ramamurthy Nagar Stage 2,2 BHK,1005.0,1.0,0.0,96.85,2,9685000.0,9636.81592039801
Super built-up  Area,Ready To Move,Sarjapur Road,3 BHK,2006.0,4.0,3.0,92.63,3,9263000.0,4617.64705882353
Super built-up  Area,Ready To Move,Subramanyapura Stage 2,2 BHK,1124.0,1.0,3.0,53.5,2,5350000.0,4759.786476868328
Built-up  Area,Ready To Move,Marathahalli,2 BHK,1327.0,2.0,2.0,75.97,2,7597000.0,5724.943481537302
Super built-up  Area,Ready To Move,Btm Layout,3 BHK,1855.0,2.0,2.0,106.8,3,10680000.0,5757.412398921833
Super built-up  Area,Ready To Move,Vidyaranyapura Extension,3 BHK,1343.5,3.0,1.0,76.42,3,7642000.0,5688.1280238183845
Super built-up  Area,19-May,Jayanagar,3 BHK,2043.0,2.0,0.0,169.38,3,16938000.0,8290.748898678414
Super built-up  Area,Ready To Move,Marathahalli,4 Bedroom,2495.0,4.0,0.0,161.09,4,16109000.0,6456.513026052105
Super built-up  Area,Ready To Move,Btm Layout,2 BHK,1125.5,1.0,0.0,64.08,2,6408000.0,5693.469569080408
Carpet  Area,Ready To Move,Talaghattapura Stage 2,4 BHK,2182.0,3.0,0.0,217.5,4,21750000.0,9967.919340054996
Super built-up  Area,Ready To Move,Kaggadasapura Block,3 BHK,1592.5,3.0,0.0,108.77,3,10877000.0,6830.141287284145
Plot  Area,Ready To Move,Indiranagar,2 BHK,1084.6440000000002,3.0,3.0,120.61,2,12061000.0,11119.777549131326
Super built-up  Area,Ready To Move,Frazer Town,2 BHK,1167.33,1.0,1.0,104.79,2,10479000.0,8976.895993420883
Built-up  Area,Ready To Move,Anekal Phase 1,3 BHK,1318.49,2.0,2.0,132.79,3,13279000.0,10071.3695211947
Super built-up  Area,18-Nov,Bannerghatta Road,2 BHK,914.76,2.0,2.0,42.92,2,4292000.0,4691.941055577419
Super built-up  Area,Ready To Move,Kumaraswamy Layout Phase 1,1 BHK,592.416,1.0,0.0,30.38,1,3038000.0,5128.153189650516
Built-up  Area,Ready To Move,Bannerghatta Road,2 BHK,793.58,2.0,0.0,33.11,2,3311000.0,4172.232163108949
Built-up  Area,Ready To Move,Nagarbhavi Main Road,5 BHK,3474.32,5.0,3.0,186.76,5,18676000.0,5375.4403739436775
Super built-up  Area,Ready To Move,Devanahalli Extension,2 BHK,960.0,2.0,1.0,80.79,2,8079000.000000001,8415.625000000002
Super built-up  Area,18-Nov,Kumaraswamy Layout Stage 2,3 BHK,1930.0,2.0,1.0,156.95,3,15694999.999999998,8132.124352331605
Super built-up  Area,19-May,Singasandra Extension,5 BHK,3209.5,4.0,0.0,298.79,5,29879000.000000004,9309.549774108118
Plot  Area,Ready To Move,Electronic City,2 BHK,1086.0,2.0,0.0,48.57,2,4857000.0,4472.375690607735
Carpet  Area,Ready To Move,Harlur Colony,2 BHK,1181.0,2.0,2.0,116.89,2,11689000.0,9897.544453852668
Super built-up  Area,Ready To Move,Rt Nagar,3 BHK,1411.0,4.0,0.0,90.93,3,9093000.0,6444.365698086463
Super built-up  Area,19-Aug,Yeshwanthpur,5 BHK,2729.0,5.0,3.0,190.57,5,19057000.0,6983.14400879443
Super built-up  Area,Ready To Move,Sathanur Gardens,2 BHK,1167.0,2.0,3.0,73.56,2,7356000.0,6303.341902313625
Super built-up  Area,Ready To Move,Haralur Road Colony,3 BHK,2124.61,3.0,1.0,180.42,3,18042000.0,8491.911456690874
Plot  Area,Ready To Move,Sarjapur Road,1 BHK,664.0,1.0,1.0,45.91,1,4591000.0,6914.156626506024
Carpet  Area,Ready To Move,Kr Puram,2 BHK,982.0,2.0,2.0,50.15,2,5015000.0,5106.924643584522
Super built-up  Area,19-Mar,Yelahanka,2 Bedroom,1214.0,2.0,2.0,54.56,2,5456000.0,4494.233937397034
Super built-up  Area,Ready To Move,Kr Puram,2 BHK,1215.5,2.0,2.0,52.44,2,5244000.0,4314.273961332785
Super built-up  Area,Ready To Move,Frazer Town,3 BHK,1475.0,3.0,3.0,172.51,3,17251000.0,11695.593220338984
Plot  Area,Ready To Move,Sarjapur Enclave,3 BHK,1965.37,3.0,1.0,62.33,3,6233000.0,3171.4130163785953
Super built-up  Area,Ready To Move,Koramangala,3 Bedroom,1951.0,3.0,0.0,282.39,3,28239000.0,14474.11583803178
Built-up  Area,Ready To Move,Jp Nagar,4 BHK,2336.0,4.0,0.0,160.72,4,16072000.0,6880.13698630137
Built-up  Area,18-Dec,Sarjapur Enclave,4 Bedroom,1857.5,4.0,2.0,65.76,4,6576000.000000001,3540.2422611036345
Built-up  Area,Ready To Move,Thanisandra Phase 1,2 BHK,1409.5,2.0,1.0,50.18,2,5018000.0,3560.1277048598795
Super built-up  Area,18-Dec,Banashankari,2 BHK,1398.5,1.0,2.0,73.03,2,7303000.0,5222.023596710762
Super built-up  Area,Ready To Move,Whitefield,2 BHK,905.0,2.0,2.0,61.15,2,6115000.0,6756.906077348066
Super built-up  Area,Ready To Move,Kadugodi Gardens,2 BHK,1286.0,2.0,3.0,48.06,2,4806000.0,3737.1695178849145
Super built-up  Area,18-Nov,Vijayanagar,3 BHK,2111.5,2.0,1.0,113.9,3,11390000.0,5394.269476675349
Built-up  Area,Ready To Move,Whitefield,3 BHK,1757.0,3.0,2.0,89.7,3,8970000.0,5105.293113261241
Built-up  Area,Ready To Move,Vidyaranyapura Extension,2 BHK,881.11,3.0,3.0,55.08,2,5508000.0,6251.20586532896
Super built-up  Area,Ready To Move,Sompura Main Road,4 BHK,2153.5,5.0,3.0,136.9,4,13690000.0,6357.093104248897
Super built-up  Area,18-Nov,Kanakapura Road,3 Bedroom,1707.0,3.0,2.0,76.07,3,7606999.999999999,4456.356180433509
Carpet  Area,19-May,Banashankari,2 BHK,1036.0,1.0,1.0,54.77,2,5477000.0,5286.679536679537
Plot  Area,Ready To Move,Rajaji Nagar,3 Bedroom,1656.31,4.0,3.0,141.04,3,14104000.0,8515.314162203935
Super built-up  Area,Ready To Move,Koramangala,4 BHK,2002.39,4.0,3.0,290.42,4,29042000.0,14503.668116600662
Super built-up  Area,Ready To Move,Yeshwanthpur,1 BHK,573.0,1.0,0.0,29.08,1,2908000.0,5075.043630017452
Built-up  Area,Ready To Move,Electronic City,1 Bedroom,555.39,1.0,0.0,21.69,1,2169000.0,3905.363798411927
Carpet  Area,Ready To Move,Sathanur Gardens,2 Bedroom,1168.0,1.0,0.0,73.12,2,7312000.0,6260.273972602739
Super built-up  Area,Ready To Move,Hsr Layout,5 BHK,2482.0,5.0,0.0,191.78,5,19178000.0,7726.833199033038
Plot  Area,Ready To Move,Jalahalli Block,4 BHK,2159.76,4.0,1.0,144.13,4,14413000.0,6673.426677038189
Built-up  Area,Ready To Move,Yeshwanthpur,3 BHK,2083.0,4.0,3.0,142.43,3,14243000.0,6837.734037445991
Plot  Area,Ready To Move,Bannerghatta Road,1 Bedroom,648.0,1.0,1.0,27.77,1,2777000.0,4285.493827160494
Super built-up  Area,19-Mar,Yeshwanthpur,2 BHK,1284.0,2.0,0.0,79.8,2,7980000.0,6214.953271028037
Super built-up  Area,Ready To Move,Whitefield,2 BHK,1326.0,1.0,0.0,63.78,2,6378000.0,4809.954751131222
Carpet  Area,Ready To Move,Rt Nagar,6 BHK,4243.0,5.0,1.0,274.85,6,27485000.000000004,6477.728022625502
Built-up  Area,Ready To Move,Whitefield,4 BHK,2043.0,4.0,2.0,122.85,4,12285000.0,6013.215859030837
Carpet  Area,Ready To Move,Jayanagar,4 BHK,2587.0,4.0,1.0,203.63,4,20363000.0,7871.27947429455
Built-up  Area,Ready To Move,Whitefield,2 BHK,1128.0,2.0,2.0,60.22,2,6022000.0,5338.652482269504
Built-up  Area,Ready To Move,Yeshwanthpur,4 BHK,2796.0,4.0,1.0,158.87,4,15887000.0,5682.045779685264
Super built-up  Area,Ready To Move,Kengeri,2 BHK,995.0,2.0,1.0,35.03,2,3503000.0,3520.603015075377
Super built-up  Area,Ready To Move,Btm Layout,2 BHK,1070.0,2.0,1.0,73.4,2,7340000.000000001,6859.81308411215
Super built-up  Area,Ready To Move,Kr Puram,5 BHK,3100.74,5.0,2.0,142.84,5,14284000.0,4606.642285389939
Carpet  Area,Ready To Move,Yelenahalli Extension,2 BHK,1219.0,2.0,1.0,60.96,2,6096000.0,5000.820344544709
Built-up  Area,Ready To Move,Hsr Layout,3 BHK,1662.52,4.0,2.0,118.25,3,11825000.0,7112.696388614874
Built-up  Area,Ready To Move,Rajaji Nagar,1 BHK,603.0,1.0,0.0,50.78,1,5078000.0,8421.2271973466
Super built-up  Area,Ready To Move,Koramangala,4 BHK,2231.39,4.0,3.0,223.69,4,22369000.0,10024.69312849838
Plot  Area,19-Mar,Kengeri,1 BHK,409.0,1.0,2.0,15.41,1,1541000.0,3767.726161369193
Super built-up  Area,19-May,Sarjapur Road,4 BHK,2655.7770469999996,3.0,1.0,146.93,4,14693000.0,5532.46742477777
Super built-up  Area,Ready To Move,Subramanyapura Gardens,1 Bedroom,551.0,2.0,0.0,45.69,1,4569000.0,8292.196007259528
Super built-up  Area,Ready To Move,Hennur,4 BHK,2797.88,4.0,1.0,137.23,4,13722999.999999998,4904.785051539022
Super built-up  Area,Ready To Move,Hsr Layout,3 BHK,1957.0,3.0,0.0,146.18,3,14618000.0,7469.596320899335
Built-up  Area,Ready To Move,Indiranagar,5 BHK,3027.0,6.0,3.0,295.43,5,29543000.0,9759.8282127519
Carpet  Area,18-Nov,Rajaji Nagar,5 BHK,2638.0,5.0,0.0,243.73,5,24373000.0,9239.196360879454
Super built-up  Area,Ready To Move,Bellandur,1 BHK,493.955371,1.0,1.0,36.7,1,3670000.0000000005,7429.82102324382
Super built-up  Area,Ready To Move,Varthur,4 BHK,2821.17,4.0,1.0,119.92,4,11992000.0,4250.718673458175
Super built-up  Area,Ready To Move,Whitefield,2 BHK,1108.0,2.0,0.0,76.71,2,7670999.999999999,6923.2851985559555
Super built-up  Area,Ready To Move,Ambalipura Extension,4 BHK,2824.5,4.0,3.0,169.15,4,16915000.0,5988.670561161268
Built-up  Area,18-Dec,Domlur,1 BHK,509.0,1.0,2.0,60.92,1,6092000.0,11968.565815324166
Built-up  Area,18-Dec,Yeshwanthpur,2 BHK,1018.72,2.0,3.0,73.94,2,7394000.0,7258.127846709596
Super built-up  Area,Ready To Move,Koramangala,3 BHK,1430.0,3.0,2.0,183.45,3,18345000.0,12828.67132867133
Plot  Area,Ready To Move,Koramangala,2 Bedroom,946.0,1.0,1.0,114.2,2,11420000.0,12071.881606765328
Super built-up  Area,19-May,Varthur,2 Bedroom,1020.23,2.0,0.0,38.45,2,3845000.0000000005,3768.7580251511918
Built-up  Area,Ready To Move,Rt Nagar,2 BHK,1207.0,2.0,1.0,78.26,2,7826000.000000001,6483.844241922122
Built-up  Area,Ready To Move,Kanakapura Road,3 BHK,1357.0,3.0,0.0,69.11,3,6911000.0,5092.851879145173
Super built-up  Area,Ready To Move,Bannerghatta Road,3 BHK,1954.0,3.0,3.0,97.48,3,9748000.0,4988.741044012282
Super built-up  Area,Ready To Move,Yeshwanthpur,3 BHK,1532.0,3.0,2.0,99.17,3,9917000.0,6473.237597911228
Super built-up  Area,Ready To Move,Gunjur Colony,2 Bedroom,1231.0,1.0,1.0,58.19,2,5819000.0,4727.051177904143
Super built-up  Area,Ready To Move,Jayanagar,3 BHK,2054.0,3.0,2.0,185.4,3,18540000.0,9026.290165530672
Super built-up  Area,Ready To Move,Ramamurthy Nagar Cross,3 BHK,1894.0,3.0,1.0,103.08,3,10308000.0,5442.449841605068
Super built-up  Area,Ready To Move,Mahadevapura Phase 2,2 BHK,1141.0,1.0,0.0,53.99,2,5399000.0,4731.8141980718665
Built-up  Area,18-Dec,Whitefield,4 Bedroom,1973.0,5.0,1.0,118.11,4,11811000.0,5986.315255955398
Carpet  Area,Ready To Move,Whitefield,1 Bedroom,548.0,1.0,1.0,32.01,1,3201000.0,5841.240875912409
Super built-up  Area,Ready To Move,Gunjur Colony,3 BHK,1484.08,2.0,2.0,65.95,3,6595000.0,4443.830521265701
Carpet  Area,Ready To Move,Varthur,2 BHK,1186.37,1.0,3.0,64.41,2,6441000.0,5429.166280334129
Super built-up  Area,18-Nov,Ramamurthy Nagar Cross,3 BHK,1547.0,2.0,1.0,98.86,3,9886000.0,6390.433096315449
Super built-up  Area,Ready To Move,Kanakapura Road,2 BHK,1320.0,2.0,1.0,61.46,2,6146000.0,4656.060606060606
Super built-up  Area,Ready To Move,Yelahanka,4 Bedroom,2620.0,4.0,0.0,133.58,4,13358000.000000002,5098.473282442749
Super built-up  Area,Ready To Move,Bellandur,2 BHK,894.0,1.0,2.0,50.09,2,5009000.0,5602.908277404922
Built-up  Area,Ready To Move,Sathanur Extension,1 BHK,366.5,1.0,1.0,15.7,1,1570000.0,4283.765347885403
Super built-up  Area,Ready To Move,Sarjapur Road,3 BHK,1273.0,3.0,1.0,73.86,3,7386000.0,5802.04241948154
Plot  Area,Ready To Move,Kaggadasapura Phase 2,2 BHK,1343.44,2.0,2.0,63.36,2,6336000.0,4716.250818793545
Super built-up  Area,19-May,Whitefield Hope Farm Extension,4 BHK,2006.0,4.0,2.0,103.85,4,10385000.0,5176.969092721834
Super built-up  Area,Ready To Move,Vasanthapura Extension,2 BHK,956.0,2.0,1.0,96.36,2,9636000.0,10079.497907949792
Super built-up  Area,Ready To Move,Vijayanagar,2 BHK,1280.0,2.0,1.0,100.58,2,10058000.0,7857.8125
Super built-up  Area,19-Mar,Marathahalli,2 BHK,1318.88,2.0,0.0,89.87,2,8987000.0,6814.115006672328
Plot  Area,18-Nov,Kr Puram,4 Bedroom,1941.0,4.0,1.0,92.32,4,9232000.0,4756.311179804225
Super built-up  Area,Ready To Move,Sompura Colony,3 BHK,1479.0,3.0,3.0,53.88,3,5388000.0,3643.002028397566
Plot  Area,Ready To Move,Kaggadasapura Block,4 BHK,2849.0,4.0,1.0,213.69,4,21369000.0,7500.526500526501
Super built-up  Area,Ready To Move,Marathahalli,1 BHK,660.0,1.0,1.0,43.37,1,4337000.0,6571.212121212121
Built-up  Area,19-Aug,Varthur,1 BHK,496.0,1.0,2.0,22.6,1,2260000.0,4556.451612903225
Built-up  Area,Ready To Move,Rajaji Nagar,6 BHK,2997.0,5.0,3.0,283.96,6,28395999.999999996,9474.808141474807
Built-up  Area,19-Aug,Subramanyapura Gardens,4 BHK,2712.66,4.0,2.0,257.7,4,25770000.0,9499.900466700583
Super built-up  Area,Ready To Move,Talaghattapura Stage 2,3 BHK,1795.0,3.0,1.0,172.3,3,17230000.0,9598.885793871867
Built-up  Area,Ready To Move,Sathanur Gardens,4 BHK,2840.46,4.0,0.0,146.28,4,14628000.0,5149.8700914640585
Carpet  Area,Ready To Move,Bannerghatta Road,4 Bedroom,2212.0,3.0,3.0,97.92,4,9792000.0,4426.7631103074145
Super built-up  Area,Ready To Move,Bannerghatta Road,2 Bedroom,1065.5,3.0,0.0,59.74,2,5974000.0,5606.757390896293
Super built-up  Area,Ready To Move,Btm Layout,3 Bedroom,1911.195,4.0,1.0,128.05,3,12805000.000000002,6699.9965989864995
Super built-up  Area,Ready To Move,Kengeri,2 BHK,920.0,1.0,1.0,34.53,2,3453000.0,3753.2608695652175
Super built-up  Area,Ready To Move,Rt Nagar,4 BHK,1892.939454,5.0,1.0,106.98,4,10698000.0,5651.527827471655
Super built-up  Area,18-Nov,Electronic City,3 BHK,1441.5,4.0,3.0,51.67,3,5167000.0,3584.460631286854
Plot  Area,Ready To Move,Jp Nagar,3 BHK,1746.5,3.0,0.0,114.31,3,11431000.0,6545.090180360721
Super built-up  Area,18-Nov,Sarjapur Road,3 Bedroom,1717.38,3.0,2.0,113.48,3,11348000.0,6607.739696514458
Super built-up  Area,Ready To Move,Kanakapura Road,3 BHK,1707.0,3.0,0.0,78.4,3,7840000.000000001,4592.852958406562
Built-up  Area,Ready To Move,Horamavu Nagar,4 BHK,1946.0,5.0,1.0,89.3,4,8930000.0,4588.900308324769
Super built-up  Area,Ready To Move,Banashankari,2 BHK,1321.0,1.0,3.0,71.46,2,7145999.999999999,5409.538228614685
Built-up  Area,Ready To Move,Marathahalli,2 Bedroom,904.0,2.0,2.0,54.53,2,5453000.0,6032.079646017699
Super built-up  Area,Ready To Move,Yeshwanthpur,2 Bedroom,905.0,2.0,2.0,47.75,2,4775000.0,5276.2430939226515
Super built-up  Area,Ready To Move,Kanakapura Road,3 BHK,2096.0,3.0,0.0,80.14,3,8014000.0,3823.4732824427483
Built-up  Area,19-May,Varthur,4 BHK,2019.0,4.0,2.0,86.82,4,8682000.0,4300.148588410104
Super built-up  Area,Ready To Move,Indiranagar,1 BHK,455.05,1.0,2.0,49.98,1,4998000.0,10983.40841665751
Carpet  Area,Ready To Move,Yelahanka,1 BHK,635.976,1.0,2.0,28.79,1,2879000.0,4526.900386178095
Built-up  Area,Ready To Move,Kanakapura Road,3 Bedroom,1962.0,2.0,1.0,92.97,3,9297000.0,4738.532110091744
Super built-up  Area,Ready To Move,Sompura Colony,2 BHK,1354.0,1.0,2.0,46.48,2,4648000.0,3432.791728212703
Carpet  Area,19-May,Nagarbhavi Gardens,4 BHK,1879.0,3.0,0.0,200.24,4,20024000.0,10656.732304417243
Super built-up  Area,Ready To Move,Btm Layout,2 BHK,1510.0,2.0,1.0,102.07,2,10207000.0,6759.602649006622
Super built-up  Area,Ready To Move,Vijayanagar,2 Bedroom,871.2,2.0,0.0,59.4,2,5940000.0,6818.181818181818
Super built-up  Area,Ready To Move,Yelahanka,3 BHK,2205.23,4.0,1.0,92.88,3,9288000.0,4211.805571300953
Super built-up  Area,Ready To Move,Hennur,1 BHK,618.0,2.0,0.0,33.64,1,3364000.0,5443.365695792881
Super built-up  Area,Ready To Move,Sarjapur Road,2 BHK,859.0,2.0,1.0,57.72,2,5772000.0,6719.441210710128
Carpet  Area,Ready To Move,Old Airport Road Gardens,1 Bedroom,533.25,1.0,2.0,21.12,1,2112000.0,3960.618846694796
Super built-up  Area,Ready To Move,Kalyan Nagar Phase 1,2 BHK,1337.03,3.0,1.0,118.94,2,11894000.0,8895.83629387523
Super built-up  Area,Ready To Move,Talaghattapura Main Road,3 BHK,1565.84,3.0,2.0,121.71,3,12171000.0,7772.824809686814
Super built-up  Area,18-Jun,Other,1 Bedroom,520.0,1.0,2.0,49.37,1,4937000.0,9494.23076923077
Super built-up  Area,Ready To Move,Jayanagar,3 BHK,2116.0,2.0,1.0,223.72,3,22372000.0,10572.778827977316
Carpet  Area,Ready To Move,Electronic City,5 BHK,3367.44,5.0,0.0,124.99,5,12499000.0,3711.721663934621
Super built-up  Area,Ready To Move,Whitefield,3 BHK,1934.0640000000003,3.0,0.0,117.88,3,11788000.0,6094.93791311973
Super built-up  Area,Ready To Move,Kengeri,2 BHK,958.0,3.0,2.0,39.3,2,3929999.9999999995,4102.296450939457
Super built-up  Area,Ready To Move,Rt Nagar,5 BHK,3180.0,5.0,0.0,175.53,5,17553000.0,5519.811320754717
Super built-up  Area,Ready To Move,Yeshwanthpur,3 BHK,1540.5,3.0,1.0,90.14,3,9014000.0,5851.3469652710155
Super built-up  Area,Ready To Move,Kaggadasapura Block,3 BHK,1435.59,3.0,1.0,107.09,3,10709000.0,7459.650735934355
Super built-up  Area,Ready To Move,Banashankari,3 BHK,1240.0,2.0,1.0,75.04,3,7504000.000000001,6051.612903225807
Plot  Area,Ready To Move,Rajaji Nagar,3 Bedroom,1305.0,3.0,3.0,118.65,3,11865000.0,9091.954022988506
Super built-up  Area,Ready To Move,Whitefield Hope Farm Extension,5 BHK,2647.0,5.0,1.0,131.63,5,13163000.0,4972.799395542123
Super built-up  Area,Ready To Move,Jayanagar,4 BHK,1951.4880000000003,5.0,1.0,200.47,4,20047000.0,10272.673980060343
Super built-up  Area,Ready To Move,Chandapura Main Road,3 BHK,2030.0,3.0,2.0,193.45,3,19345000.0,9529.556650246306
Super built-up  Area,Ready To Move,Rajaji Nagar,4 BHK,1930.47,4.0,3.0,185.6,4,18560000.0,9614.239019513383
Built-up  Area,Ready To Move,Yelahanka,2 BHK,920.5,1.0,3.0,33.4,2,3340000.0,3628.4627919608906
Carpet  Area,Ready To Move,Marathahalli,4 BHK,1985.19,4.0,1.0,145.57,4,14557000.0,7332.79937940449
Super built-up  Area,18-Nov,Old Airport Road Colony,3 BHK,1726.0,2.0,1.0,117.13,3,11713000.0,6786.210892236385
Built-up  Area,Ready To Move,Kengeri,5 BHK,2426.0,6.0,2.0,104.32,5,10432000.0,4300.082440230833
Plot  Area,Ready To Move,Harlur Nagar,5 BHK,3225.0,5.0,0.0,333.87,5,33387000.0,10352.558139534884
Super built-up  Area,19-May,Sonnenahalli Main Road,2 BHK,958.32,1.0,1.0,89.69,2,8969000.0,9359.086735119792
Plot  Area,Ready To Move,Kengeri,4 BHK,1870.0,4.0,2.0,82.57,4,8256999.999999999,4415.508021390374
Super built-up  Area,Ready To Move,Hebbal,3 BHK,1520.0,3.0,2.0,121.21,3,12121000.0,7974.3421052631575
Carpet  Area,Ready To Move,Hebbal,2 BHK,1137.0,3.0,1.0,79.18,2,7918000.000000001,6963.940193491646
Plot  Area,Ready To Move,Jp Nagar,2 BHK,1280.664,2.0,3.0,82.34,2,8234000.0,6429.477208697988
Super built-up  Area,19-May,Nagavara Main Road,2 BHK,1169.64,1.0,2.0,40.18,2,4018000.0,3435.2450326596213
Super built-up  Area,19-Aug,Hebbal,3 BHK,1691.0,2.0,1.0,109.73,3,10973000.0,6489.059727971615
Super built-up  Area,Ready To Move,Nagavara Phase 1,1 BHK,679.5360000000001,1.0,3.0,54.45,1,5445000.0,8012.820512820512
Super built-up  Area,19-Mar,Sarjapur Road,2 Bedroom,914.76,2.0,3.0,52.4,2,5240000.0,5728.278455551183
Super built-up  Area,Ready To Move,Kanakapura Road,1 BHK,597.0,1.0,2.0,28.57,1,2857000.0,4785.594639865996
Plot  Area,Ready To Move,Yeshwanthpur,2 BHK,906.0,2.0,2.0,60.06,2,6006000.0,6629.139072847682
Super built-up  Area,Ready To Move,Bannerghatta Road,1 BHK,482.26,1.0,3.0,27.03,1,2703000.0,5604.860448720608
Built-up  Area,Ready To Move,Basavanagudi,1 BHK,636.0,1.0,1.0,70.78,1,7078000.0,11128.930817610062
Super built-up  Area,Ready To Move,Cv Raman Nagar,3 BHK,1414.0,3.0,0.0,108.56,3,10856000.0,7677.510608203677
Super built-up  Area,Ready To Move,Malleshwaram,1 BHK,692.07,1.0,2.0,77.0,1,7700000.0,11126.042163364977
Super built-up  Area,Ready To Move,Yelenahalli Extension,3 Bedroom,1657.0,3.0,0.0,78.97,3,7897000.0,4765.841882920941
Built-up  Area,Ready To Move,Kengeri,1 BHK,559.0,1.0,2.0,21.75,1,2175000.0,3890.87656529517
Super built-up  Area,Ready To Move,Uttarahalli,3 Bedroom,1734.23,3.0,0.0,75.31,3,7531000.0,4342.5612519677325
Built-up  Area,Ready To Move,Jayanagar,2 BHK,818.0,3.0,1.0,76.1,2,7609999.999999999,9303.178484107579
Plot  Area,Ready To Move,Uttarahalli,1 BHK,530.5,1.0,1.0,23.32,1,2332000.0,4395.852968897267
Super built-up  Area,Ready To Move,Nagarbhavi Gardens,2 BHK,1132.63,2.0,1.0,105.33,2,10533000.0,9299.59474850569
Super built-up  Area,Ready To Move,Sarjapur Road,5 BHK,2719.24,4.0,1.0,176.33,5,17633000.0,6484.532442888455
Built-up  Area,Ready To Move,Whitefield,2 BHK,1157.0,2.0,0.0,63.45,2,6345000.0,5484.010371650821
Super built-up  Area,Ready To Move,Dodballapur Road Phase 2,2 BHK,1206.612,1.0,1.0,106.49,2,10649000.0,8825.537952548126
Super built-up  Area,Ready To Move,Hebbal,3 Bedroom,1889.0,3.0,0.0,112.58,3,11258000.0,5959.7670725251455
Built-up  Area,Ready To Move,Nagarbhavi Gardens,2 BHK,1430.0,2.0,1.0,141.51,2,14151000.0,9895.804195804196
Super built-up  Area,Ready To Move,Rajaji Nagar,3 BHK,2002.99,3.0,1.0,189.26,3,18926000.0,9448.873933469464
Super built-up  Area,Ready To Move,Harlur Nagar,4 BHK,1869.0,4.0,1.0,178.26,4,17826000.0,9537.720706260032
Super built-up  Area,Ready To Move,Nagavara Main Road,1 BHK,614.0,1.0,0.0,24.5,1,2450000.0,3990.228013029316
Built-up  Area,Ready To Move,Whitefield,3 BHK,1571.0,3.0,3.0,93.08,3,9308000.0,5924.88860598345
Carpet  Area,Ready To Move,Varthur,2 BHK,1397.0,3.0,1.0,62.07,2,6207000.0,4443.092340730136
Super built-up  Area,Ready To Move,Horamavu Nagar,2 BHK,988.0,2.0,0.0,48.79,2,4879000.0,4938.259109311741
Plot  Area,Ready To Move,Malleshwaram,3 Bedroom,1750.0,2.0,3.0,207.7,3,20770000.0,11868.57142857143
Built-up  Area,Ready To Move,Jayanagar,3 BHK,1359.0720000000001,3.0,3.0,111.07,3,11107000.0,8172.488286124649
Super built-up  Area,Ready To Move,Jayanagar,2 BHK,1211.0,1.0,0.0,115.09,2,11509000.0,9503.715937241948
Super built-up  Area,Ready To Move,Ramamurthy Nagar Cross,3 BHK,1855.0,3.0,3.0,120.94,3,12094000.0,6519.676549865229
Super built-up  Area,Ready To Move,Mahadevapura Phase 2,2 Bedroom,1092.0,2.0,0.0,48.14,2,4814000.0,4408.424908424909
Super built-up  Area,19-Mar,Yelahanka,2 BHK,1282.6263239999998,2.0,1.0,68.19,2,6819000.0,5316.435404767196
Super built-up  Area,Ready To Move,Cv Raman Nagar,1 BHK,640.0,1.0,1.0,55.61,1,5561000.0,8689.0625
Built-up  Area,Ready To Move,Domlur,1 BHK,634.0,1.0,1.0,64.54,1,6454000.000000001,10179.810725552052
Super built-up  Area,Ready To Move,Frazer Town,3 Bedroom,1848.0,3.0,1.0,190.85,3,19085000.0,10327.380952380952
Plot  Area,Ready To Move,Haralur Road Block,3 BHK,1947.0,3.0,2.0,213.46,3,21346000.0,10963.533641499744
Built-up  Area,Ready To Move,Chikkabanavara Enclave,2 BHK,1296.0,3.0,1.0,127.1,2,12710000.0,9807.098765432098
Built-up  Area,Ready To Move,Basavanagudi,2 Bedroom,1266.0,2.0,3.0,123.89,2,12389000.0,9785.939968404424
Built-up  Area,Ready To Move,Yeshwanthpur,1 BHK,457.38,1.0,3.0,30.13,1,3013000.0,6587.52022388386
Super built-up  Area,Ready To Move,Bellandur,5 Bedroom,3103.0,5.0,3.0,185.56,5,18556000.0,5980.019336126329
Built-up  Area,Ready To Move,Kengeri,4 BHK,2284.0,4.0,3.0,90.52,4,9052000.0,3963.2224168126095
Super built-up  Area,19-Aug,Bellandur,3 BHK,1908.0,3.0,0.0,106.23,3,10623000.0,5567.610062893082
Plot  Area,18-Nov,Kanakapura Road,1 BHK,652.0,1.0,1.0,31.66,1,3166000.0,4855.828220858895
Super built-up  Area,Ready To Move,Nallurhalli Nagar,2 BHK,956.0,3.0,3.0,37.45,2,3745000.0000000005,3917.364016736402
Built-up  Area,18-Jun,Hsr Layout,2 BHK,1273.0,2.0,0.0,92.49,2,9249000.0,7265.5145326001575
Built-up  Area,Ready To Move,Domlur,2 BHK,1408.0,1.0,1.0,124.37,2,12437000.0,8833.09659090909
Super built-up  Area,Ready To Move,Rajaji Nagar,3 BHK,1673.3,2.0,0.0,152.68,3,15268000.0,9124.48455148509
Plot  Area,Ready To Move,Kanakapura Road,3 Bedroom,1710.5,3.0,3.0,85.48,3,8548000.0,4997.369190295235
Super built-up  Area,Ready To Move,Banashankari,3 BHK,1723.0,3.0,0.0,122.04,3,12204000.0,7082.994776552525
Plot  Area,Ready To Move,Jp Nagar,2 BHK,934.0,2.0,1.0,62.27,2,6227000.0,6667.023554603855
Built-up  Area,Ready To Move,Ramamurthy Nagar Cross,6 Bedroom,3366.57,6.0,2.0,197.15,6,19715000.0,5856.108739755894
Super built-up  Area,18-Nov,Devanahalli Nagar,2 BHK,1201.2512399999998,1.0,2.0,71.94,2,7194000.0,5988.755524614486
Built-up  Area,19-May,Malleshwaram,2 BHK,1031.5,2.0,0.0,113.51,2,11351000.0,11004.362578768783
Super built-up  Area,18-Dec,Koramangala,3 BHK,1279.33,3.0,0.0,142.36,3,14236000.000000002,11127.699655288317
Super built-up  Area,19-May,Kengeri,1 BHK,567.0,2.0,1.0,25.61,1,2561000.0,4516.754850088183
Super built-up  Area,Ready To Move,Hennur,4 BHK,2265.0,4.0,2.0,140.0,4,14000000.0,6181.0154525386315
Super built-up  Area,Ready To Move,Jayanagar,3 BHK,1580.9,4.0,2.0,122.64,3,12264000.0,7757.606426718957
Super built-up  Area,Ready To Move,Nagarbhavi Gardens,3 BHK,1602.0,2.0,1.0,161.16,3,16116000.0,10059.925093632959
Super built-up  Area,Ready To Move,Marathahalli,2 BHK,1323.5,2.0,0.0,94.43,2,9443000.0,7134.869663770306
Super built-up  Area,Ready To Move,Old Airport Road Gardens,3 Bedroom,1310.5,3.0,2.0,53.83,3,5383000.0,4107.592521938192
Carpet  Area,Ready To Move,Bellandur,4 BHK,2585.0,4.0,1.0,139.47,4,13947000.0,5395.357833655706
Built-up  Area,Ready To Move,Kengeri,2 BHK,1275.89,2.0,2.0,53.06,2,5306000.0,4158.665715696494
Built-up  Area,Ready To Move,Ambalipura Extension,3 BHK,1742.4,2.0,0.0,109.37,3,10937000.0,6276.974288337924
Built-up  Area,18-Nov,Gottigere Township,4 BHK,2495.9880000000003,4.0,2.0,286.37,4,28637000.0,11473.21221095614
Plot  Area,Ready To Move,Electronic City,2 BHK,1272.0,2.0,0.0,44.12,2,4412000.0,3468.553459119497
Built-up  Area,Ready To Move,Attibele Phase 1,3 BHK,1869.06,2.0,2.0,183.18,3,18318000.0,9800.648454303233
Carpet  Area,Ready To Move,Btm Layout,6 BHK,3586.5,5.0,2.0,278.0,6,27800000.0,7751.289558064966
Carpet  Area,Ready To Move,Yelahanka,3 BHK,1400.87,2.0,0.0,66.53,3,6653000.0,4749.191573807706
Plot  Area,Ready To Move,Uttarahalli,3 BHK,1733.0,3.0,0.0,70.25,3,7025000.0,4053.664166185805
Super built-up  Area,18-Jun,Koramangala,2 Bedroom,1034.1,2.0,2.0,128.02,2,12802000.000000002,12379.84721013442
Carpet  Area,Ready To Move,Munnekollal Phase 2,2 BHK,1148.0,1.0,0.0,41.68,2,4168000.0,3630.6620209059233
Built-up  Area,Ready To Move,Jp Nagar,2 BHK,1276.0,1.0,3.0,88.93,2,8893000.0,6969.435736677116
Super built-up  Area,18-Jun,Bannerghatta Road,1 BHK,759.177867,1.0,2.0,36.62,1,3661999.9999999995,4823.6390432072485
Super built-up  Area,Ready To Move,Cv Raman Nagar,3 BHK,1989.0,3.0,1.0,112.01,3,11201000.0,5631.473102061337
Built-up  Area,19-Mar,Rajaji Nagar,2 BHK,1202.52,2.0,1.0,118.58,2,11858000.0,9860.958653494328
Super built-up  Area,Ready To Move,Attibele Phase 2,2 Bedroom,1046.0,1.0,1.0,85.4,2,8540000.0,8164.435946462715
Carpet  Area,Ready To Move,Banashankari,2 Bedroom,1161.0,3.0,1.0,87.98,2,8798000.0,7577.950043066322
Super built-up  Area,Ready To Move,Yelahanka,3 BHK,1726.0,3.0,3.0,84.82,3,8482000.0,4914.252607184241
Super built-up  Area,19-Mar,Rajaji Nagar,2 BHK,920.0,2.0,0.0,77.22,2,7722000.0,8393.478260869566
Carpet  Area,19-May,Bellandur,2 Bedroom,1038.88,2.0,1.0,74.12,2,7412000.0,7134.606499306945
Built-up  Area,Ready To Move,Basavanagudi,3 BHK,1424.0,3.0,0.0,141.99,3,14199000.0,9971.207865168539
Built-up  Area,Ready To Move,Hennur,2 BHK,1302.0,2.0,1.0,68.69,2,6869000.0,5275.7296466973885
Plot  Area,Ready To Move,Sonnenahalli Block,3 BHK,2021.88,3.0,0.0,137.31,3,13731000.0,6791.204225770075
Super built-up  Area,Ready To Move,Electronic City,4 BHK,2015.0,4.0,2.0,86.11,4,8611000.0,4273.449131513647
Built-up  Area,Ready To Move,Vasanthapura Nagar,2 BHK,1172.5,2.0,0.0,55.47,2,5547000.0,4730.91684434968
Plot  Area,Ready To Move,Vijayanagar,3 BHK,1602.0,4.0,2.0,102.23,3,10223000.0,6381.398252184769
Built-up  Area,18-Dec,Hebbal,3 BHK,1472.5,3.0,2.0,88.74,3,8874000.0,6026.485568760611
Super built-up  Area,19-Aug,Rt Nagar,1 BHK,684.98,2.0,2.0,40.56,1,4056000.0,5921.340769073549
Built-up  Area,Ready To Move,Bellandur,2 Bedroom,1344.0,3.0,0.0,81.65,2,8165000.000000001,6075.14880952381
Super built-up  Area,Ready To Move,Vijayanagar,2 Bedroom,1134.0,1.0,0.0,81.93,2,8193000.000000001,7224.867724867726
Super built-up  Area,Ready To Move,Whitefield,3 Bedroom,2170.0,2.0,1.0,113.13,3,11313000.0,5213.364055299539
Super built-up  Area,Ready To Move,Kadugodi Colony,1 Bedroom,488.0,1.0,0.0,23.74,1,2374000.0,4864.754098360656
Built-up  Area,Ready To Move,Varthur,2 BHK,1069.0,2.0,1.0,47.28,2,4728000.0,4422.825070159027
Super built-up  Area,Ready To Move,Jp Nagar,2 Bedroom,1121.0,2.0,0.0,71.8,2,7180000.0,6404.9955396967
Super built-up  Area,19-May,Attibele Phase 1,2 BHK,1330.5,2.0,3.0,123.41,2,12341000.0,9275.460353250657
Built-up  Area,Ready To Move,Uttarahalli,4 BHK,2495.0,4.0,2.0,91.57,4,9157000.0,3670.1402805611224
Super built-up  Area,Ready To Move,Nagarbhavi Main Road,3 BHK,1439.0,3.0,1.0,73.99,3,7398999.999999999,5141.76511466296
Super built-up  Area,Ready To Move,Kanakapura Road,3 BHK,1447.28,3.0,1.0,58.06,3,5806000.0,4011.6632579735783
Super built-up  Area,19-Aug,Bellandur,2 BHK,1331.0,2.0,1.0,79.96,2,7995999.999999999,6007.513148009015
Super built-up  Area,Ready To Move,Rt Nagar,3 Bedroom,1596.8,3.0,2.0,102.45,3,10245000.0,6415.956913827656
Built-up  Area,Ready To Move,Sarjapur Road,2 BHK,1021.0,2.0,0.0,56.64,2,5664000.0,5547.502448579824
Super built-up  Area,Ready To Move,Harlur Nagar,2 BHK,855.0,2.0,3.0,71.39,2,7139000.0,8349.707602339182
Built-up  Area,Ready To Move,Frazer Town,2 BHK,1033.0,1.0,0.0,89.2,2,8920000.0,8635.043562439496
Super built-up  Area,Ready To Move,Rajaji Nagar,2 BHK,1363.02,2.0,1.0,112.69,2,11269000.0,8267.670320318117
Carpet  Area,18-Jun,Thanisandra Phase 1,3 BHK,1400.59,3.0,1.0,54.12,3,5412000.0,3864.0858495348393
Super built-up  Area,Ready To Move,Yelahanka,4 BHK,2500.0,5.0,2.0,115.71,4,11571000.0,4628.4
Carpet  Area,Ready To Move,Ramamurthy Nagar Stage 2,2 BHK,1082.22,2.0,1.0,101.11,2,10111000.0,9342.832326144407
Built-up  Area,Ready To Move,Hennur,2 BHK,1099.0,3.0,1.0,72.53,2,7253000.0,6599.636032757052
Carpet  Area,18-Jun,Nagavara Phase 1,3 Bedroom,1411.0,3.0,0.0,106.14,3,10614000.0,7522.324592487597
Super built-up  Area,Ready To Move,Sarjapur Road,3 Bedroom,1661.0,3.0,2.0,99.26,3,9926000.0,5975.918121613486
Super built-up  Area,19-May,Chikkabanavara Enclave,3 BHK,1800.0,2.0,1.0,171.22,3,17122000.0,9512.222222222223
Super built-up  Area,Ready To Move,Hennur,3 BHK,1396.04,3.0,0.0,75.45,3,7545000.0,5404.572934872926
Super built-up  Area,Ready To Move,Frazer Town,2 BHK,1152.77,2.0,1.0,126.6,2,12660000.0,10982.24277175846
Built-up  Area,19-Mar,Rajarajeshwari Nagar Gardens,4 Bedroom,2869.07,4.0,0.0,130.9,4,13090000.0,4562.45403562827
Carpet  Area,Ready To Move,Whitefield,2 BHK,1420.056,2.0,1.0,87.12,2,8712000.0,6134.9693251533745
Built-up  Area,19-May,Doddakannelli Gardens,1 BHK,682.323621,1.0,0.0,29.61,1,2961000.0,4339.5830202396
Super built-up  Area,18-Jun,Hsr Layout,3 BHK,1368.19,4.0,3.0,116.08,3,11608000.0,8484.20175560412
Plot  Area,Ready To Move,Yelahanka,5 Bedroom,3304.49,5.0,0.0,161.45,5,16144999.999999998,4885.776625137313
Super built-up  Area,Ready To Move,Indiranagar,2 BHK,1339.0,2.0,3.0,174.43,2,17443000.0,13026.8857356236
Built-up  Area,19-Mar,Whitefield Hope Farm Enclave,3 BHK,1520.0,3.0,0.0,77.96,3,7795999.999999999,5128.947368421052
Plot  Area,19-May,Horamavu Block,3 BHK,1948.14,3.0,2.0,176.65,3,17665000.0,9067.623476752184
Carpet  Area,Ready To Move,Btm Layout,2 Bedroom,1083.0,3.0,1.0,72.52,2,7252000.0,6696.214219759926
Super built-up  Area,18-Jun,Ramamurthy Nagar Stage 2,4 BHK,2494.0,5.0,2.0,268.17,4,26817000.0,10752.60625501203
Carpet  Area,19-May,Btm Layout,3 Bedroom,1294.0,3.0,3.0,91.18,3,9118000.0,7046.367851622875
Super built-up  Area,18-Nov,Banashankari,2 Bedroom,1343.0,2.0,3.0,89.3,2,8930000.0,6649.292628443783
Built-up  Area,Ready To Move,Frazer Town,3 Bedroom,1644.0,2.0,0.0,171.5,3,17150000.0,10431.873479318734
Super built-up  Area,Ready To Move,Yelenahalli Township,2 BHK,1481.0400000000002,1.0,0.0,53.09,2,5309000.0,3584.6432236806563
Super built-up  Area,Ready To Move,Marathahalli,3 BHK,1878.0,2.0,1.0,118.71,3,11871000.0,6321.08626198083
Plot  Area,Ready To Move,Banashankari,3 Bedroom,1355.0,3.0,1.0,89.78,3,8978000.0,6625.830258302583
Plot  Area,Ready To Move,Indiranagar,2 BHK,1295.9099999999999,2.0,2.0,121.76,2,12176000.0,9395.714208548434
Super built-up  Area,19-Aug,Btm Layout,3 BHK,1678.0,3.0,2.0,100.88,3,10088000.0,6011.9189511323
Carpet  Area,Ready To Move,Btm Layout,3 Bedroom,1878.0,3.0,1.0,116.86,3,11686000.0,6222.577209797657
Super built-up  Area,Ready To Move,Marathahalli,1 BHK,497.5,1.0,2.0,32.37,1,3236999.9999999995,6506.532663316582
Super built-up  Area,Ready To Move,Malleshwaram,4 BHK,1742.4,4.0,2.0,188.71,4,18871000.0,10830.463728191
Super built-up  Area,Ready To Move,Jayanagar,2 BHK,1113.23,2.0,0.0,101.71,2,10171000.0,9136.476738858995
Super built-up  Area,Ready To Move,Rajaji Nagar,2 BHK,891.5,1.0,3.0,72.43,2,7243000.000000001,8124.509254066182
Super built-up  Area,Ready To Move,Bannerghatta Road,1 BHK,634.0,1.0,0.0,25.44,1,2544000.0,4012.6182965299686
Plot  Area,Ready To Move,Cv Raman Nagar,4 BHK,2421.0,4.0,3.0,149.19,4,14919000.0,6162.329615861215
Built-up  Area,Ready To Move,Thanisandra Phase 2,1 BHK,731.0,1.0,2.0,26.95,1,2695000.0,3686.730506155951
Built-up  Area,18-Nov,Cv Raman Nagar,3 BHK,1280.0,3.0,1.0,96.38,3,9638000.0,7529.6875
Super built-up  Area,Ready To Move,Subramanyapura Gardens,2 BHK,1360.0,2.0,2.0,135.68,2,13568000.0,9976.470588235294
Super built-up  Area,18-Nov,Cv Raman Nagar,2 BHK,1412.18,1.0,0.0,87.48,2,8748000.0,6194.677732300414
Super built-up  Area,Ready To Move,Sarjapur Road,2 BHK,839.0,1.0,3.0,52.43,2,5243000.0,6249.106078665078
Super built-up  Area,Ready To Move,Electronic City,4 BHK,1870.0,3.0,1.0,81.12,4,8112000.0,4337.967914438503
Built-up  Area,18-Nov,Cv Raman Nagar,2 BHK,1142.5,2.0,3.0,77.61,2,7761000.0,6792.997811816193
Super built-up  Area,19-Mar,Anekal Stage 2,1 Bedroom,720.0,2.0,2.0,36.81,1,3681000.0,5112.5
Super built-up  Area,Ready To Move,Sathanur Gardens,3 BHK,1649.0,3.0,1.0,98.46,3,9846000.0,5970.89144936325
Built-up  Area,Ready To Move,Whitefield,3 BHK,1441.0,4.0,1.0,86.48,3,8648000.0,6001.387925052047
Super built-up  Area,Ready To Move,Sathanur Enclave,5 BHK,2712.0,5.0,2.0,181.75,5,18175000.0,6701.69616519174
Super built-up  Area,Ready To Move,Indiranagar,2 BHK,1038.55,3.0,0.0,124.5,2,12450000.0,11987.867700158877
Super built-up  Area,Ready To Move,Varthur,3 BHK,1946.5,2.0,0.0,63.68,3,6368000.0,3271.5129720010273
Super built-up  Area,Ready To Move,Subramanyapura Main Road,2 BHK,1010.0,2.0,2.0,65.02,2,6502000.0,6437.623762376237
Plot  Area,18-Nov,Yelahanka,2 BHK,1136.916,2.0,2.0,58.54,2,5854000.0,5149.01716573608
Super built-up  Area,19-May,Electronic City,1 BHK,561.9240000000001,1.0,0.0,25.01,1,2501000.0,4450.779820758678
Super built-up  Area,18-Dec,Yeshwanthpur,3 BHK,1849.5,3.0,1.0,126.35,3,12635000.0,6831.576101649094
Built-up  Area,18-Nov,Koramangala,3 BHK,1561.0,2.0,3.0,234.52,3,23452000.0,15023.702754644459
Super built-up  Area,Ready To Move,Btm Layout,3 Bedroom,1306.8,4.0,2.0,107.68,3,10768000.0,8239.975512702786
Built-up  Area,Ready To Move,Yeshwanthpur,2 BHK,1174.0,2.0,0.0,80.53,2,8053000.0,6859.4548551959115
Super built-up  Area,Ready To Move,Attibele Phase 2,4 BHK,2420.0,3.0,0.0,195.25,4,19525000.0,8068.181818181818
Super built-up  Area,Ready To Move,Hennur,3 BHK,1869.63,4.0,2.0,112.18,3,11218000.0,6000.11767034119
Super built-up  Area,Ready To Move,Kr Puram,4 BHK,2797.0,4.0,2.0,143.2,4,14319999.999999998,5119.771183410797
Plot  Area,Ready To Move,Marathahalli,2 BHK,1133.0,3.0,1.0,75.62,2,7562000.0,6674.315975286849
Built-up  Area,18-Nov,Subramanyapura Gardens,4 BHK,2617.0,4.0,2.0,245.18,4,24518000.0,9368.742835307605
Built-up  Area,19-Aug,Kengeri,2 BHK,960.0,2.0,0.0,38.16,2,3815999.9999999995,3974.9999999999995
Plot  Area,Ready To Move,Electronic City,2 BHK,901.5,2.0,3.0,38.15,2,3815000.0,4231.835829173599
Super built-up  Area,Ready To Move,Bannerghatta Road,2 Bedroom,1394.0,1.0,1.0,68.93,2,6893000.000000001,4944.763271162124
Built-up  Area,Ready To Move,Sarjapur Road,1 BHK,674.0,1.0,2.0,38.58,1,3858000.0,5724.035608308605
Plot  Area,19-Mar,Kaggadasapura Block,2 BHK,1359.0,2.0,1.0,84.27,2,8427000.0,6200.883002207505
Super built-up  Area,Ready To Move,Nagarbhavi Extension,1 BHK,421.0,1.0,1.0,32.7,1,3270000.0000000005,7767.220902612828
Built-up  Area,19-May,Yelahanka,2 BHK,1042.0,2.0,0.0,43.71,2,4371000.0,4194.817658349329
Super built-up  Area,Ready To Move,Indiranagar,3 BHK,2062.5,2.0,0.0,235.13,3,23513000.0,11400.242424242424
Super built-up  Area,Ready To Move,Sarjapur Road,3 Bedroom,1407.0,2.0,1.0,70.45,3,7045000.0,5007.107320540156
Built-up  Area,Ready To Move,Kanakapura Road,2 BHK,1246.02,2.0,0.0,57.69,2,5769000.0,4629.941734482592
Built-up  Area,Ready To Move,Hebbal,3 BHK,1964.0,3.0,0.0,155.6,3,15560000.0,7922.6069246435845
Super built-up  Area,18-Jun,Sompura Main Road,3 BHK,1579.0,3.0,0.0,84.12,3,8412000.0,5327.422419252692
Built-up  Area,18-Nov,Uttarahalli,3 BHK,1515.17,2.0,0.0,70.63,3,7063000.0,4661.523129417821
Built-up  Area,19-Aug,Marathahalli,2 BHK,954.5,3.0,2.0,70.43,2,7043000.000000001,7378.732320586696
Super built-up  Area,Ready To Move,Basavanagudi,1 BHK,670.0,1.0,1.0,65.36,1,6536000.0,9755.223880597016
Super built-up  Area,Ready To Move,Electronic City,3 BHK,1773.0,3.0,2.0,71.23,3,7123000.0,4017.484489565708
Super built-up  Area,Ready To Move,Kengeri,5 BHK,3356.0,5.0,0.0,128.52,5,12852000.000000002,3829.5589988081056
Built-up  Area,Ready To Move,Marathahalli,3 BHK,1592.0,3.0,2.0,85.05,3,8505000.0,5342.336683417086
Super built-up  Area,Ready To Move,Hennur,3 BHK,1862.0,4.0,3.0,100.68,3,10068000.0,5407.089151450054
Super built-up  Area,Ready To Move,Banashankari,1 BHK,604.5,1.0,3.0,43.12,1,4312000.0,7133.167907361456
Built-up  Area,Ready To Move,Other,4 BHK,1765.6,4.0,2.0,152.62,4,15262000.0,8644.086995922067
Super built-up  Area,Ready To Move,Frazer Town,1 BHK,783.0,1.0,1.0,85.1,1,8510000.0,10868.45466155811
Super built-up  Area,19-Aug,Hennur,2 Bedroom,1167.4080000000001,1.0,3.0,72.98,2,7298000.0,6251.456217534915
Plot  Area,Ready To Move,Harlur Nagar,4 BHK,1969.0,3.0,0.0,199.97,4,19997000.0,10155.916708989334
Carpet  Area,Ready To Move,Doddakannelli Gardens,4 BHK,2568.5,4.0,0.0,115.25,4,11525000.0,4487.054701187463
Plot  Area,Ready To Move,Indiranagar,3 BHK,1606.0,3.0,1.0,201.33,3,20133000.0,12536.114570361146
Built-up  Area,Ready To Move,Hennur,3 BHK,1323.0,2.0,1.0,72.81,3,7281000.0,5503.401360544218
Carpet  Area,19-May,Varthur,3 BHK,1459.26,3.0,2.0,66.81,3,6681000.0,4578.347929772624
Super built-up  Area,Ready To Move,Bellandur,3 BHK,2097.0,4.0,0.0,126.15,3,12615000.0,6015.736766809729
Super built-up  Area,Ready To Move,Malleshwaram,4 BHK,1863.45,3.0,3.0,185.04,4,18504000.0,9929.96860661676
Built-up  Area,Ready To Move,Yelahanka,2 BHK,1140.76,2.0,1.0,44.91,2,4491000.0,3936.849118131772
Super built-up  Area,18-Nov,Malleshwaram,3 BHK,1782.0,3.0,0.0,178.79,3,17879000.0,10033.1088664422
Super built-up  Area,Ready To Move,Cv Raman Nagar,5 Bedroom,3434.62,6.0,0.0,216.35,5,21635000.0,6299.095678706815
Super built-up  Area,19-Aug,Kr Puram,2 BHK,1300.0,1.0,3.0,57.45,2,5745000.0,4419.2307692307695
Super built-up  Area,Ready To Move,Devanahalli Gardens,5 BHK,3405.0,5.0,0.0,116.92,5,11692000.0,3433.7738619676948
Super built-up  Area,Ready To Move,Kr Puram,3 BHK,2150.0,3.0,0.0,98.98,3,9898000.0,4603.720930232558
Built-up  Area,18-Jun,Horamavu Block,3 BHK,1960.21,3.0,0.0,226.96,3,22696000.0,11578.351299095504
Plot  Area,Ready To Move,Harlur Colony,3 Bedroom,1954.68,3.0,2.0,199.58,3,19958000.0,10210.366914277529
Built-up  Area,Ready To Move,Hennur,3 BHK,1847.12,2.0,1.0,117.79,3,11779000.0,6376.95439386721
Super built-up  Area,18-Dec,Koramangala,1 Bedroom,577.0,1.0,3.0,71.68,1,7168000.000000001,12422.876949740037
Plot  Area,19-Mar,Sompura Main Road,3 BHK,1447.0,3.0,0.0,85.35,3,8535000.0,5898.4105044920525
Built-up  Area,Ready To Move,Anekal Phase 1,2 Bedroom,1108.0,2.0,2.0,107.93,2,10793000.0,9740.974729241878
Super built-up  Area,Ready To Move,Ambalipura Phase 2,2 BHK,1088.0,2.0,0.0,100.74,2,10074000.0,9259.191176470587
Super built-up  Area,Ready To Move,Hebbal,2 BHK,1371.0,1.0,2.0,84.79,2,8479000.0,6184.536834427426
Super built-up  Area,Ready To Move,Electronic City,3 BHK,2011.0,3.0,2.0,89.7,3,8970000.0,4460.467429139731
Super built-up  Area,Ready To Move,Sonnenahalli Main Road,4 BHK,2475.0,5.0,2.0,271.71,4,27170999.999999996,10978.181818181816
Carpet  Area,Ready To Move,Vidyaranyapura Township,3 Bedroom,1821.5,3.0,1.0,120.3,3,12030000.0,6604.446884435904
Super built-up  Area,19-Mar,Kr Puram,4 BHK,1824.0,3.0,0.0,84.25,4,8425000.0,4618.9692982456145
Built-up  Area,Ready To Move,Kaggadasapura Layout,4 Bedroom,2016.0,4.0,1.0,77.18,4,7718000.000000001,3828.3730158730164
Super built-up  Area,Ready To Move,Nagavara Main Road,2 BHK,821.49,2.0,2.0,29.74,2,2974000.0,3620.2510073159747
Plot  Area,Ready To Move,Uttarahalli,4 BHK,2650.76,4.0,1.0,83.21,4,8320999.999999999,3139.099729888786
Super built-up  Area,Ready To Move,Hennur,3 BHK,1863.41,2.0,1.0,125.28,3,12528000.0,6723.158081152295
Super built-up  Area,Ready To Move,Kr Puram,2 BHK,952.0,1.0,3.0,43.83,2,4383000.0,4603.991596638655
Plot  Area,19-May,Rt Nagar,3 Bedroom,1653.0,3.0,1.0,103.6,3,10360000.0,6267.392619479734
Built-up  Area,Ready To Move,Domlur,2 BHK,1093.0,1.0,1.0,90.27,2,9027000.0,8258.920402561756
Super built-up  Area,Ready To Move,Basavanagudi,1 BHK,871.2,1.0,1.0,67.61,1,6761000.0,7760.560146923783
Super built-up  Area,Ready To Move,Bellandur,2 Bedroom,966.59822,3.0,2.0,58.29,2,5829000.0,6030.426995820456
Super built-up  Area,Ready To Move,Cv Raman Nagar,3 BHK,1908.94,2.0,2.0,109.7,3,10970000.0,5746.644734774272
Plot  Area,Ready To Move,Vijayanagar,1 BHK,480.0,1.0,2.0,29.75,1,2975000.0,6197.916666666667
Super built-up  Area,19-Mar,Rt Nagar,3 BHK,1377.0,4.0,3.0,80.44,3,8044000.0,5841.684822076979
Super built-up  Area,Ready To Move,Varthur,3 Bedroom,1306.8,3.0,3.0,60.39,3,6039000.0,4621.212121212121
Built-up  Area,19-Aug,Jp Nagar,1 Bedroom,665.0,1.0,1.0,45.69,1,4569000.0,6870.6766917293235
Super built-up  Area,Ready To Move,Attibele Phase 1,2 BHK,1460.0,3.0,0.0,128.55,2,12855000.000000002,8804.794520547946
Super built-up  Area,Ready To Move,Sarjapur Road,2 BHK,1008.0,2.0,1.0,55.42,2,5542000.0,5498.015873015873
Super built-up  Area,Ready To Move,Hsr Layout,2 BHK,1341.0,2.0,1.0,108.51,2,10851000.0,8091.7225950782995
Super built-up  Area,Ready To Move,Nagavara Main Road,2 Bedroom,1388.09,2.0,2.0,57.81,2,5781000.0,4164.715544381128
Super built-up  Area,Ready To Move,Whitefield,2 BHK,1176.0,2.0,3.0,74.8,2,7480000.0,6360.544217687075
Super built-up  Area,Ready To Move,Mahadevapura Phase 2,3 BHK,2178.0,2.0,2.0,100.19,3,10019000.0,4600.091827364555
Super built-up  Area,Ready To Move,Hsr Layout,3 Bedroom,1916.6400000000003,2.0,1.0,146.38,3,14638000.0,7637.3236497203425
Super built-up  Area,18-Jun,Talaghattapura Stage 2,4 BHK,2019.0,5.0,1.0,196.81,4,19681000.0,9747.894997523526
Super built-up  Area,Ready To Move,Btm Layout,3 Bedroom,1695.0,4.0,3.0,104.02,3,10402000.0,6136.8731563421825
Super built-up  Area,Ready To Move,Hsr Layout,3 BHK,1339.0,2.0,2.0,100.35,3,10035000.0,7494.398805078416
Plot  Area,19-Aug,Yeshwanthpur,1 BHK,708.0,1.0,1.0,38.87,1,3886999.9999999995,5490.112994350282
Plot  Area,Ready To Move,Hennur,3 BHK,1289.09,3.0,2.0,88.19,3,8819000.0,6841.260113723635
Plot  Area,Ready To Move,Kr Puram,3 BHK,1347.0,4.0,2.0,59.88,3,5988000.0,4445.43429844098
Super built-up  Area,19-Aug,Bannerghatta Road,1 BHK,499.0,1.0,0.0,23.5,1,2350000.0,4709.418837675351
Super built-up  Area,Ready To Move,Koramangala,3 Bedroom,1781.604,4.0,2.0,196.96,3,19696000.0,11055.20643195682
Built-up  Area,Ready To Move,Indiranagar,1 BHK,454.26,2.0,1.0,40.11,1,4011000.0,8829.745079910184
Carpet  Area,Ready To Move,Talaghattapura Stage 2,3 BHK,1424.412,3.0,0.0,145.61,3,14561000.000000002,10222.463725382826
Built-up  Area,18-Jun,Sarjapur Road,2 BHK,1060.0,2.0,1.0,49.23,2,4923000.0,4644.33962264151
Super built-up  Area,18-Nov,Indiranagar,4 BHK,2856.0,3.0,1.0,332.97,4,33297000.000000004,11658.613445378152
Super built-up  Area,Ready To Move,Cv Raman Nagar,2 BHK,1047.83,3.0,1.0,70.5,2,7050000.0,6728.190641611713
Super built-up  Area,Ready To Move,Jayanagar,3 BHK,1894.0,3.0,0.0,176.87,3,17687000.0,9338.43717001056
Plot  Area,18-Dec,Bellandur,3 BHK,2178.0,4.0,2.0,142.57,3,14257000.0,6545.913682277319
Super built-up  Area,19-Aug,Bellandur,2 Bedroom,1293.0,2.0,1.0,75.61,2,7561000.0,5847.641144624903
Super built-up  Area,Ready To Move,Mahadevapura Stage 2,3 BHK,1948.0,3.0,2.0,179.92,3,17992000.0,9236.139630390144
Plot  Area,18-Nov,Marathahalli,2 BHK,1027.0,1.0,1.0,67.22,2,6722000.0,6545.277507302823
Super built-up  Area,Ready To Move,Hebbal,2 BHK,1252.66,1.0,3.0,78.03,2,7803000.0,6229.144380757747
Super built-up  Area,18-Nov,Bannerghatta Road,4 BHK,2615.0,3.0,0.0,128.45,4,12844999.999999998,4912.045889101338
Super built-up  Area,18-Nov,Vijayanagar,2 BHK,943.0,3.0,1.0,65.76,2,6576000.000000001,6973.488865323437
Super built-up  Area,Ready To Move,Btm Layout,2 BHK,1006.0,2.0,1.0,74.99,2,7498999.999999999,7454.274353876739
Super built-up  Area,Ready To Move,Kalyan Nagar Phase 1,2 Bedroom,1019.26,2.0,1.0,116.05,2,11605000.0,11385.711202244765
Super built-up  Area,18-Jun,Jp Nagar,3 BHK,1325.0,2.0,2.0,100.95,3,10095000.0,7618.867924528302
Built-up  Area,Ready To Move,Whitefield,3 BHK,1746.0,2.0,1.0,103.67,3,10367000.0,5937.571592210767
Built-up  Area,19-Mar,Devanahalli Nagar,4 BHK,2685.0,5.0,2.0,155.36,4,15536000.000000002,5786.219739292365
Super built-up  Area,18-Nov,Ambalipura Extension,1 Bedroom,405.10800000000006,1.0,1.0,23.58,1,2358000.0,5820.670043543943
Super built-up  Area,18-Dec,Doddakannelli Enclave,3 BHK,1920.0,2.0,0.0,199.32,3,19932000.0,10381.25
Built-up  Area,Ready To Move,Marathahalli,4 Bedroom,1809.0,4.0,2.0,110.7,4,11070000.0,6119.4029850746265
Built-up  Area,Ready To Move,Jayanagar,3 BHK,1756.0,3.0,0.0,159.37,3,15937000.0,9075.740318906606
Super built-up  Area,Ready To Move,Jayanagar,2 BHK,1361.0,2.0,2.0,128.99,2,12899000.0,9477.590007347539
Built-up  Area,Ready To Move,Basavanagudi,2 BHK,1289.0,3.0,0.0,117.23,2,11723000.0,9094.647013188518
Built-up  Area,Ready To Move,Marathahalli,2 BHK,1090.0,1.0,2.0,53.25,2,5325000.0,4885.321100917431
Carpet  Area,Ready To Move,Vijayanagar,3 BHK,1454.0,3.0,0.0,87.78,3,8778000.0,6037.1389270976615
Plot  Area,Ready To Move,Vijayanagar,2 BHK,969.0,1.0,2.0,72.65,2,7265000.000000001,7497.4200206398355
Super built-up  Area,Ready To Move,Kanakapura Road,3 BHK,1712.4525,4.0,0.0,77.83,3,7783000.0,4544.943582376737
Built-up  Area,Ready To Move,Rt Nagar,2 BHK,990.99,2.0,1.0,59.59,2,5959000.0,6013.178740451468
Built-up  Area,Ready To Move,Hennur,2 BHK,1002.01,1.0,1.0,61.9,2,6190000.0,6177.583058053313
Super built-up  Area,19-Aug,Kengeri,3 BHK,1919.0,3.0,1.0,90.16,3,9016000.0,4698.280354351225
Carpet  Area,Ready To Move,Hebbal,3 BHK,1715.0,4.0,0.0,125.7,3,12570000.0,7329.446064139942
Super built-up  Area,Ready To Move,Sarjapur Road,3 BHK,2126.0,3.0,1.0,123.12,3,12312000.0,5791.157102539981
Super built-up  Area,18-Jun,Rajaji Nagar,2 BHK,1156.0,2.0,2.0,95.94,2,9594000.0,8299.307958477508
Carpet  Area,Ready To Move,Domlur,3 BHK,1674.0,4.0,2.0,221.17,3,22117000.0,13212.066905615293
Built-up  Area,Ready To Move,Devanahalli Nagar,5 BHK,2458.0,5.0,2.0,142.03,5,14203000.0,5778.275020341741
Super built-up  Area,Ready To Move,Kanakapura Road,1 BHK,449.0,1.0,2.0,20.24,1,2023999.9999999998,4507.795100222716
Built-up  Area,19-Aug,Kr Puram,3 BHK,2140.0,3.0,0.0,106.98,3,10698000.0,4999.065420560748
Super built-up  Area,Ready To Move,Bannerghatta Road,3 BHK,1560.0,3.0,0.0,71.6,3,7159999.999999999,4589.743589743589
Built-up  Area,Ready To Move,Varthur,2 BHK,986.0,1.0,0.0,32.82,2,3282000.0,3328.600405679513
Built-up  Area,Ready To Move,Haralur Road Block,2 BHK,1047.37,3.0,1.0,95.66,2,9566000.0,9133.353065296888
Carpet  Area,Ready To Move,Btm Layout,2 BHK,1410.0,2.0,0.0,92.43,2,9243000.0,6555.31914893617
Built-up  Area,Ready To Move,Nagavara Enclave,3 BHK,1735.51,3.0,0.0,70.71,3,7070999.999999999,4074.3066879476346
Carpet  Area,Ready To Move,Electronic City,3 BHK,1939.0,4.0,0.0,83.14,3,8314000.0,4287.777204744713
Super built-up  Area,Ready To Move,Jayanagar,3 Bedroom,1881.0,4.0,2.0,165.4,3,16540000.0,8793.195108984582
Built-up  Area,Ready To Move,Koramangala,3 BHK,1745.0,3.0,2.0,204.4,3,20440000.0,11713.467048710601
Built-up  Area,Ready To Move,Talaghattapura Main Road,2 Bedroom,1357.0,2.0,2.0,85.39,2,8539000.0,6292.557111274871
Super built-up  Area,Ready To Move,Kengeri,1 BHK,520.0,1.0,0.0,18.42,1,1842000.0000000002,3542.307692307693
Carpet  Area,Ready To Move,Malleshwaram,2 BHK,1363.24,3.0,1.0,164.66,2,16466000.0,12078.577506528563
Super built-up  Area,Ready To Move,Kanakapura Road,2 BHK,853.26,3.0,1.0,36.5,2,3650000.0,4277.7113658205
Super built-up  Area,Ready To Move,Kr Puram,2 BHK,937.0,2.0,0.0,47.75,2,4775000.0,5096.051227321238
Plot  Area,Ready To Move,Jp Nagar,2 BHK,1084.28,1.0,0.0,63.95,2,6395000.0,5897.923045707751
Plot  Area,Ready To Move,Other,2 BHK,985.0,2.0,1.0,82.14,2,8214000.0,8339.086294416244
Plot  Area,Ready To Move,Singasandra Extension,1 BHK,531.432,1.0,3.0,44.31,1,4431000.0,8337.849433229463
Super built-up  Area,Ready To Move,Electronic City,3 BHK,1796.0,4.0,1.0,73.59,3,7359000.0,4097.438752783964
Super built-up  Area,19-Mar,Indiranagar,3 Bedroom,1870.0,2.0,0.0,227.63,3,22763000.0,12172.727272727272
Super built-up  Area,18-Jun,Whitefield,2 Bedroom,1311.904132,2.0,2.0,73.21,2,7320999.999999999,5580.438251108428
Super built-up  Area,Ready To Move,Banashankari,3 BHK,1954.0,3.0,1.0,105.31,3,10531000.0,5389.457523029682
Built-up  Area,Ready To Move,Mahadevapura Nagar,3 BHK,2123.5499999999997,3.0,1.0,81.63,3,8163000.0,3844.0347531256625
Carpet  Area,Ready To Move,Sarjapur Road,3 BHK,1400.0,3.0,0.0,63.99,3,6399000.0,4570.714285714285
Super built-up  Area,Ready To Move,Nagavara Phase 1,2 BHK,1153.5,2.0,0.0,90.26,2,9026000.0,7824.880797572605
Super built-up  Area,Ready To Move,Varthur,2 BHK,881.0,2.0,1.0,42.84,2,4284000.0,4862.6560726447215
Built-up  Area,19-May,Yeshwanthpur,1 BHK,443.5,1.0,1.0,34.05,1,3404999.9999999995,7677.564825253663
Super built-up  Area,Ready To Move,Dodballapur Road Phase 2,4 Bedroom,2125.82,4.0,0.0,188.95,4,18895000.0,8888.33485431504
Built-up  Area,Ready To Move,Yeshwanthpur,1 BHK,499.0,1.0,2.0,36.5,1,3650000.0,7314.629258517034
Super built-up  Area,Ready To Move,Malleshwaram,4 BHK,2821.0,3.0,3.0,353.22,4,35322000.0,12521.091811414391
Super built-up  Area,Ready To Move,Jp Nagar,3 Bedroom,1406.5,3.0,1.0,89.32,3,8932000.0,6350.515463917526
Super built-up  Area,18-Dec,Yelahanka,2 BHK,1419.0,2.0,0.0,51.44,2,5144000.0,3625.088090204369
Plot  Area,Ready To Move,Hsr Layout,6 BHK,3206.0,7.0,1.0,273.35,6,27335000.000000004,8526.200873362446
Built-up  Area,Ready To Move,Ramamurthy Nagar Cross,3 BHK,1879.0,4.0,2.0,115.68,3,11568000.0,6156.466205428419
Built-up  Area,Ready To Move,Hsr Layout,2 BHK,1349.0,2.0,2.0,104.1,2,10410000.0,7716.827279466272
Super built-up  Area,Ready To Move,Ambalipura Phase 2,3 BHK,2168.13,3.0,3.0,194.28,3,19428000.0,8960.71730016189
Super built-up  Area,Ready To Move,Basavanagudi,3 Bedroom,1649.8349999999998,3.0,3.0,164.23,3,16422999.999999998,9954.328766209954
Built-up  Area,Ready To Move,Attibele Phase 2,2 BHK,1263.24,3.0,3.0,135.06,2,13506000.0,10691.55504892182
Super built-up  Area,19-Mar,Kr Puram,4 BHK,2425.0,5.0,3.0,119.24,4,11924000.0,4917.113402061856
Super built-up  Area,Ready To Move,Uttarahalli,1 Bedroom,511.83,1.0,2.0,18.98,1,1898000.0,3708.2625090362035
Super built-up  Area,Ready To Move,Kengeri,2 Bedroom,1321.0,3.0,2.0,50.64,2,5064000.0,3833.459500378501
Built-up  Area,Ready To Move,Hebbal,2 BHK,1275.0,2.0,1.0,96.42,2,9642000.0,7562.35294117647
Super built-up  Area,Ready To Move,Dodballapur Road Phase 2,4 BHK,2151.97,4.0,3.0,209.29,4,20929000.0,9725.507325845621
Built-up  Area,Ready To Move,Frazer Town,2 Bedroom,1126.0,2.0,2.0,120.63,2,12063000.0,10713.143872113676
Super built-up  Area,18-Nov,Whitefield,2 BHK,1170.5,2.0,2.0,63.18,2,6318000.0,5397.693293464332
Carpet  Area,Ready To Move,Subramanyapura Enclave,3 Bedroom,1767.0,3.0,2.0,73.07,3,7306999.999999999,4135.2574985851725
Super built-up  Area,18-Dec,Koramangala,3 BHK,2043.5,4.0,1.0,212.51,3,21251000.0,10399.31490090531
Built-up  Area,18-Dec,Cv Raman Nagar,2 BHK,1454.0,3.0,1.0,109.87,2,10987000.0,7556.396148555708
Super built-up  Area,Ready To Move,Hebbal,3 BHK,1598.0,4.0,2.0,115.21,3,11521000.0,7209.637046307885
Built-up  Area,Ready To Move,Mahadevapura Phase 2,2 BHK,1306.8,2.0,1.0,58.72,2,5872000.0,4493.419038873584
Built-up  Area,Ready To Move,Bannerghatta Road,5 BHK,2568.0,5.0,0.0,131.1,5,13110000.0,5105.140186915888
Built-up  Area,Ready To Move,Horamavu Nagar,2 Bedroom,1312.0,2.0,3.0,62.42,2,6242000.0,4757.621951219512
Built-up  Area,18-Nov,Jp Nagar,2 BHK,1385.0,1.0,1.0,88.96,2,8896000.0,6423.104693140795
Built-up  Area,19-Aug,Sarjapur Road,2 BHK,1505.0,2.0,2.0,82.33,2,8233000.0,5470.431893687708
Built-up  Area,Ready To Move,Varthur,1 Bedroom,460.0,1.0,0.0,18.16,1,1816000.0,3947.8260869565215
Carpet  Area,Ready To Move,Koramangala,2 BHK,944.5,1.0,3.0,116.22,2,11622000.0,12304.923239809423
Plot  Area,Ready To Move,Sathanur Gardens,3 BHK,1438.0,3.0,3.0,86.51,3,8651000.0,6015.994436717663
Carpet  Area,Ready To Move,Dodballapur Road Phase 1,4 BHK,2064.5,5.0,2.0,68.8,4,6880000.0,3332.5260353596514
Super built-up  Area,Ready To Move,Hebbal,2 BHK,992.0,2.0,2.0,78.09,2,7809000.0,7871.975806451613
Super built-up  Area,Ready To Move,Koramangala,3 Bedroom,1991.0,3.0,2.0,205.18,3,20518000.0,10305.374183827222
Built-up  Area,19-Aug,Domlur,1 Bedroom,565.0,2.0,0.0,62.56,1,6256000.0,11072.566371681416
Super built-up  Area,18-Jun,Malleshwaram,4 BHK,2178.0,4.0,1.0,252.21,4,25221000.0,11579.889807162534
Super built-up  Area,Ready To Move,Rt Nagar,2 BHK,969.0,2.0,3.0,63.4,2,6340000.0,6542.827657378741
Built-up  Area,Ready To Move,Chandapura Extension,2 BHK,1002.0,1.0,2.0,88.27,2,8827000.0,8809.38123752495
Super built-up  Area,Ready To Move,Vijayanagar,3 BHK,1620.53,3.0,3.0,89.6,3,8960000.0,5529.055309065553
Plot  Area,Ready To Move,Rajarajeshwari Nagar Gardens,1 Bedroom,404.5,1.0,2.0,23.03,1,2303000.0,5693.44870210136
Built-up  Area,18-Jun,Electronic City,2 BHK,1039.995,2.0,0.0,43.43,2,4343000.0,4175.981615296228
Super built-up  Area,18-Jun,Old Airport Road Gardens,3 BHK,1521.8775,2.0,1.0,63.68,3,6368000.0,4184.305241387694
Carpet  Area,Ready To Move,Yelahanka,2 Bedroom,1263.5,2.0,1.0,55.9,2,5590000.0,4424.218440838939
Super built-up  Area,Ready To Move,Varthur,2 BHK,837.5,2.0,3.0,31.81,2,3181000.0,3798.208955223881
Built-up  Area,Ready To Move,Sarjapur Road,3 Bedroom,1640.26,3.0,1.0,99.04,3,9904000.0,6038.067135697999
Super built-up  Area,Ready To Move,Domlur,1 BHK,501.0,1.0,1.0,51.55,1,5155000.0,10289.42115768463
Built-up  Area,Ready To Move,Hebbal,3 BHK,1892.0,3.0,3.0,116.07,3,11607000.0,6134.778012684989
Built-up  Area,Ready To Move,Marathahalli,3 BHK,1717.8974999999998,3.0,2.0,114.83,3,11483000.0,6684.333611289382
Plot  Area,Ready To Move,Electronic City,3 Bedroom,2178.0,3.0,2.0,81.46,3,8145999.999999999,3740.128558310376
Super built-up  Area,18-Nov,Marathahalli,2 Bedroom,1120.49,2.0,0.0,65.17,2,6517000.0,5816.205410133067
Super built-up  Area,18-Nov,Vasanthapura Nagar,3 Bedroom,1979.51,3.0,2.0,93.06,3,9306000.0,4701.163419230012
Super built-up  Area,Ready To Move,Horamavu Nagar,2 BHK,1180.0,2.0,1.0,45.33,2,4533000.0,3841.5254237288136
Built-up  Area,Ready To Move,Varthur,1 Bedroom,467.0,1.0,0.0,25.36,1,2536000.0,5430.406852248394
Built-up  Area,Ready To Move,Hebbal,2 BHK,962.39,1.0,2.0,73.41,2,7341000.0,7627.884745269589
Built-up  Area,Ready To Move,Cv Raman Nagar,1 BHK,687.0,1.0,0.0,48.99,1,4899000.0,7131.004366812227
Super built-up  Area,Ready To Move,Nagavara Enclave,2 BHK,1080.0,2.0,0.0,40.83,2,4083000.0,3780.5555555555557
Super built-up  Area,Ready To Move,Whitefield,3 BHK,1709.0,3.0,3.0,93.45,3,9345000.0,5468.110005851375
Super built-up  Area,Ready To Move,Jayanagar,4 Bedroom,2709.4320000000002,4.0,1.0,286.1,4,28610000.000000004,10559.408761688797
Super built-up  Area,18-Nov,Kaggadasapura Block,4 BHK,2003.76,5.0,2.0,156.58,4,15658000.000000002,7814.30909889408
Built-up  Area,Ready To Move,Sompura Main Road,3 BHK,1346.0,2.0,2.0,89.56,3,8956000.0,6653.7890044576525
Carpet  Area,18-Jun,Yelenahalli Layout,2 Bedroom,1058.0,2.0,2.0,54.4,2,5440000.0,5141.776937618148
Super built-up  Area,Ready To Move,Whitefield,2 BHK,1215.84,2.0,0.0,60.96,2,6096000.0,5013.817607579945
Plot  Area,Ready To Move,Rt Nagar,4 BHK,2258.58,4.0,0.0,146.67,4,14666999.999999998,6493.903248944026
Built-up  Area,Ready To Move,Cv Raman Nagar,2 BHK,1080.0,1.0,3.0,67.38,2,6738000.0,6238.888888888889
Built-up  Area,Ready To Move,Frazer Town,2 BHK,1033.0,2.0,1.0,113.02,2,11302000.0,10940.948693126815
Super built-up  Area,Ready To Move,Kengeri,2 BHK,1124.66,2.0,0.0,42.2,2,4220000.0,3752.2451229704975
Super built-up  Area,Ready To Move,Marathahalli,3 BHK,1839.0,3.0,1.0,111.06,3,11106000.0,6039.151712887438
Built-up  Area,Ready To Move,Kengeri,4 Bedroom,2835.0,5.0,2.0,110.37,4,11037000.0,3893.121693121693
Built-up  Area,18-Jun,Begur Gardens,3 BHK,1797.0,3.0,3.0,157.11,3,15711000.000000002,8742.904841402338
Super built-up  Area,19-May,Whitefield,2 BHK,1141.296317,1.0,2.0,70.16,2,7016000.0,6147.395637306696
Built-up  Area,Ready To Move,Talaghattapura Main Road,3 BHK,1850.5,3.0,3.0,104.16,3,10416000.0,5628.748986760335
Super built-up  Area,Ready To Move,Hennur,2 BHK,1296.43,2.0,0.0,73.86,2,7386000.0,5697.183804756138
Super built-up  Area,Ready To Move,Uttarahalli,4 BHK,2293.0,4.0,2.0,110.17,4,11017000.0,4804.622764936764
Built-up  Area,18-Jun,Hsr Layout,2 BHK,1103.0,2.0,0.0,88.35,2,8835000.0,8009.972801450589
Built-up  Area,Ready To Move,Hennur,2 BHK,1472.0,2.0,2.0,101.08,2,10108000.0,6866.847826086957
Super built-up  Area,Ready To Move,Kr Puram,2 BHK,1032.0,2.0,0.0,38.89,2,3889000.0,3768.4108527131784
Super built-up  Area,Ready To Move,Yelenahalli Township,3 BHK,2094.0,3.0,1.0,77.46,3,7745999.999999999,3699.1404011461314
Carpet  Area,Ready To Move,Anekal Stage 2,3 Bedroom,1523.0,3.0,1.0,75.44,3,7544000.0,4953.381483913329
Super built-up  Area,18-Dec,Koramangala,2 BHK,1197.62,2.0,2.0,137.74,2,13774000.0,11501.14393547202
Built-up  Area,Ready To Move,Koramangala,1 Bedroom,605.5,1.0,2.0,66.23,1,6623000.0,10938.067712634187
Super built-up  Area,Ready To Move,Kanakapura Road,1 BHK,594.0,1.0,2.0,27.61,1,2761000.0,4648.148148148148
Built-up  Area,Ready To Move,Hsr Layout,1 BHK,679.0,2.0,0.0,55.83,1,5583000.0,8222.385861561119
Super built-up  Area,18-Nov,Kr Puram,3 BHK,1411.0,3.0,2.0,55.83,3,5583000.0,3956.7682494684623
Plot  Area,Ready To Move,Vasanthapura Phase 1,1 Bedroom,658.0,1.0,0.0,63.43,1,6343000.0,9639.817629179332
Built-up  Area,Ready To Move,Yelahanka,2 Bedroom,1027.0,1.0,2.0,48.67,2,4867000.0,4739.04576436222
Super built-up  Area,Ready To Move,Dodballapur Road Phase 2,1 BHK,737.05,1.0,0.0,69.05,1,6905000.0,9368.428193473985
Built-up  Area,Ready To Move,Talaghattapura Main Road,2 BHK,1406.303535,2.0,1.0,91.96,2,9196000.0,6539.128837502353
Carpet  Area,Ready To Move,Cv Raman Nagar,2 BHK,1155.0,1.0,1.0,97.38,2,9738000.0,8431.16883116883
Built-up  Area,Ready To Move,Sonnenahalli Stage 2,2 BHK,1073.0,2.0,0.0,108.08,2,10808000.0,10072.693383038211
Super built-up  Area,Ready To Move,Btm Layout,4 BHK,2414.0,4.0,0.0,154.57,4,15457000.0,6403.065451532726
Super built-up  Area,Ready To Move,Basavanagudi,2 BHK,1126.0,3.0,0.0,113.21,2,11321000.0,10054.17406749556
Super built-up  Area,Ready To Move,Indiranagar,2 Bedroom,1034.5,2.0,3.0,103.93,2,10393000.0,10046.399226679556
Super built-up  Area,Ready To Move,Other,2 BHK,939.2625,2.0,1.0,84.74,2,8474000.0,9021.972025924595
Carpet  Area,Ready To Move,Btm Layout,5 BHK,2772.0,5.0,0.0,165.01,5,16501000.0,5952.741702741703
Built-up  Area,Ready To Move,Kaggadasapura Phase 2,5 BHK,2772.0,5.0,2.0,134.35,5,13435000.0,4846.681096681096
Built-up  Area,Ready To Move,Bannerghatta Road,2 BHK,1218.0,3.0,1.0,57.2,2,5720000.0,4696.223316912972
Built-up  Area,19-Mar,Yelenahalli Enclave,3 BHK,1394.0,4.0,3.0,95.48,3,9548000.0,6849.3543758967
Super built-up  Area,Ready To Move,Btm Layout,3 BHK,2007.0,3.0,1.0,129.07,3,12907000.0,6430.991529646238
Built-up  Area,Ready To Move,Mahadevapura Colony,2 BHK,1306.8,2.0,2.0,44.29,2,4429000.0,3389.194980104071
Built-up  Area,19-May,Marathahalli,2 Bedroom,900.93843,2.0,1.0,44.7,2,4470000.0,4961.493317584421
Carpet  Area,Ready To Move,Hebbal,4 BHK,2104.4925000000003,3.0,0.0,140.85,4,14085000.0,6692.824992248724
Super built-up  Area,Ready To Move,Hsr Layout,4 BHK,2425.7475,3.0,1.0,193.78,4,19378000.0,7988.46541117738
Built-up  Area,19-Mar,Kengeri,2 BHK,1071.81,1.0,1.0,39.64,2,3964000.0,3698.4166969892053
Built-up  Area,Ready To Move,Old Airport Road Colony,1 BHK,683.48,1.0,2.0,41.41,1,4140999.9999999995,6058.699596184233
Carpet  Area,18-Jun,Yeshwanthpur,3 BHK,2147.03,3.0,2.0,161.62,3,16162000.0,7527.607904873243
Built-up  Area,Ready To Move,Marathahalli,3 Bedroom,2159.0,4.0,1.0,145.0,3,14500000.0,6716.072255673923
Built-up  Area,Ready To Move,Bellandur,2 BHK,1378.0,1.0,2.0,96.06,2,9606000.0,6970.972423802613
Super built-up  Area,18-Jun,Electronic City,2 Bedroom,1496.41,2.0,2.0,53.98,2,5398000.0,3607.300138331072
Super built-up  Area,Ready To Move,Electronic City,2 BHK,1262.19,1.0,2.0,49.5,2,4950000.0,3921.75504480308
Super built-up  Area,Ready To Move,Dodballapur Road Gardens,2 BHK,1125.3,2.0,3.0,77.5,2,7750000.0,6887.052341597797
Super built-up  Area,Ready To Move,Frazer Town,2 BHK,1281.5,2.0,2.0,147.62,2,14762000.0,11519.31330472103
Built-up  Area,Ready To Move,Rt Nagar,3 BHK,1928.0,3.0,2.0,113.35,3,11335000.0,5879.149377593361
Super built-up  Area,Ready To Move,Gunjur Gardens,3 BHK,1255.0,3.0,2.0,43.15,3,4315000.0,3438.2470119521913
Built-up  Area,Ready To Move,Sathanur Gardens,2 BHK,822.0,2.0,0.0,43.86,2,4386000.0,5335.766423357664
Built-up  Area,19-Mar,Koramangala,2 BHK,1110.0,3.0,1.0,140.99,2,14099000.0,12701.801801801801
Super built-up  Area,Ready To Move,Kanakapura Road,3 BHK,1502.82,3.0,1.0,64.68,3,6468000.000000001,4303.90865173474
Super built-up  Area,Ready To Move,Thanisandra Phase 1,3 BHK,2066.21,3.0,2.0,78.52,3,7852000.0,3800.1945591203216
Super built-up  Area,Ready To Move,Indiranagar,2 BHK,1142.803263,2.0,1.0,131.54,2,13154000.0,11510.292651308258
Super built-up  Area,Ready To Move,Indiranagar,2 BHK,895.0,2.0,0.0,112.21,2,11221000.0,12537.430167597766
Super built-up  Area,Ready To Move,Varthur,2 BHK,894.0,2.0,2.0,42.35,2,4235000.0,4737.1364653243845
Built-up  Area,19-Mar,Mahadevapura Nagar,2 BHK,1184.832,2.0,2.0,51.18,2,5118000.0,4319.599740722735
Super built-up  Area,18-Jun,Yeshwanthpur,3 BHK,1823.0,3.0,0.0,131.14,3,13113999.999999998,7193.636862314865
Super built-up  Area,19-Aug,Domlur,1 BHK,623.0,1.0,0.0,54.2,1,5420000.0,8699.83948635634
Super built-up  Area,Ready To Move,Varthur,3 BHK,2178.48,2.0,1.0,95.16,3,9516000.0,4368.183320480335
Super built-up  Area,19-May,Banashankari,1 BHK,682.0,1.0,1.0,40.27,1,4027000.0000000005,5904.692082111437
Super built-up  Area,Ready To Move,Yelahanka,3 BHK,1489.2075,3.0,1.0,60.43,3,6043000.0,4057.862990886092
Super built-up  Area,19-Mar,Chandapura Main Road,3 BHK,1537.61,3.0,2.0,122.01,3,12201000.0,7935.042045772336
Super built-up  Area,Ready To Move,Koramangala,1 BHK,493.92,2.0,2.0,56.8,1,5680000.0,11499.838030450275
Super built-up  Area,Ready To Move,Kanakapura Road,3 BHK,1657.0,3.0,0.0,82.35,3,8234999.999999999,4969.824984912492
Super built-up  Area,18-Jun,Electronic City,3 BHK,1736.0,3.0,2.0,55.88,3,5588000.0,3218.89400921659
Built-up  Area,Ready To Move,Cv Raman Nagar,3 BHK,1796.63,3.0,0.0,119.7,3,11970000.0,6662.473631187278
Carpet  Area,Ready To Move,Electronic City,2 BHK,1119.492,2.0,1.0,41.88,2,4188000.0000000005,3740.982517070243
Built-up  Area,Ready To Move,Jp Nagar,2 BHK,980.1,2.0,1.0,64.4,2,6440000.000000001,6570.7580859096015
Carpet  Area,Ready To Move,Hsr Layout,2 BHK,1350.0,3.0,0.0,117.15,2,11715000.0,8677.777777777777
Super built-up  Area,Ready To Move,Uttarahalli,2 Bedroom,1090.0,1.0,2.0,49.15,2,4915000.0,4509.174311926606
Super built-up  Area,18-Dec,Hennur,3 BHK,1789.0,2.0,0.0,91.18,3,9118000.0,5096.702068194522
Built-up  Area,Ready To Move,Sompura Main Road,2 BHK,1006.0,1.0,0.0,48.0,2,4800000.0,4771.371769383698
Built-up  Area,Ready To Move,Whitefield Hope Farm Extension,3 BHK,2120.0,4.0,2.0,103.21,3,10321000.0,4868.396226415094
Super built-up  Area,Ready To Move,Whitefield,4 Bedroom,2613.6,3.0,1.0,119.45,4,11945000.0,4570.324456688093
Plot  Area,Ready To Move,Bannerghatta Road,3 BHK,2126.2725,3.0,1.0,86.96,3,8696000.0,4089.786233890529
Super built-up  Area,Ready To Move,Kanakapura Road,3 BHK,2143.0,3.0,3.0,102.54,3,10254000.0,4784.881007932804
Built-up  Area,Ready To Move,Malleshwaram,2 BHK,1195.0,2.0,2.0,109.48,2,10948000.0,9161.506276150627
Super built-up  Area,18-Dec,Marathahalli,5 BHK,2144.0,4.0,0.0,146.3,5,14630000.000000002,6823.694029850747
Super built-up  Area,Ready To Move,Vidyaranyapura Township,3 BHK,1976.0,4.0,1.0,107.13,3,10713000.0,5421.558704453441
Carpet  Area,Ready To Move,Chandapura Extension,2 BHK,944.67,2.0,1.0,117.99,2,11799000.0,12490.075899520469
Super built-up  Area,Ready To Move,Varthur,2 BHK,1497.43,1.0,3.0,60.15,2,6015000.0,4016.882258269168
Super built-up  Area,Ready To Move,Kengeri,4 BHK,1785.9599999999998,4.0,0.0,72.88,4,7288000.0,4080.718493135345
Plot  Area,Ready To Move,Rt Nagar,2 BHK,1388.0,2.0,2.0,74.75,2,7475000.0,5385.446685878963
Built-up  Area,18-Nov,Sarjapur Road,1 BHK,592.0,1.0,2.0,34.47,1,3447000.0,5822.635135135135
Built-up  Area,Ready To Move,Jayanagar,1 BHK,509.0,1.0,1.0,47.57,1,4757000.0,9345.776031434185
Plot  Area,19-Mar,Nallurhalli Nagar,2 BHK,895.0,3.0,2.0,38.65,2,3865000.0,4318.435754189944
Super built-up  Area,19-Aug,Varthur,2 BHK,1204.0,3.0,2.0,42.75,2,4275000.0,3550.6644518272424
Super built-up  Area,Ready To Move,Pattandur Agrahara Colony,2 BHK,1210.0,2.0,1.0,64.86,2,6486000.0,5360.330578512397
Carpet  Area,Ready To Move,Thanisandra Phase 2,3 BHK,1991.79,3.0,0.0,87.61,3,8761000.0,4398.556072678345
Built-up  Area,Ready To Move,Domlur,1 Bedroom,866.61,1.0,1.0,93.94,1,9394000.0,10839.939534508025
Built-up  Area,Ready To Move,Subramanyapura Gardens,2 Bedroom,1161.0,1.0,3.0,89.74,2,8974000.0,7729.543496985358
Built-up  Area,Ready To Move,Pattandur Agrahara Phase 2,5 BHK,2950.0,5.0,3.0,128.71,5,12871000.0,4363.050847457627
Built-up  Area,Ready To Move,Jp Nagar,3 BHK,2173.0,2.0,3.0,142.71,3,14271000.0,6567.418315692591
Super built-up  Area,Ready To Move,Varthur,3 BHK,1440.2025,4.0,1.0,65.08,3,6508000.0,4518.808986930657
Super built-up  Area,Ready To Move,Kr Puram,2 BHK,1078.5,3.0,2.0,48.79,2,4879000.0,4523.87575336115
Super built-up  Area,Ready To Move,Whitefield,3 BHK,2039.974328,3.0,2.0,118.85,3,11885000.0,5826.053709044519
Super built-up  Area,Ready To Move,Kr Puram,1 BHK,732.0,1.0,2.0,29.4,1,2940000.0,4016.3934426229507
Super built-up  Area,Ready To Move,Attibele Phase 2,3 BHK,1545.0,3.0,1.0,114.12,3,11412000.0,7386.407766990291
Super built-up  Area,Ready To Move,Old Airport Road Colony,2 BHK,957.0,2.0,3.0,59.46,2,5946000.0,6213.166144200627
Super built-up  Area,Ready To Move,Vijayanagar,1 BHK,433.19,1.0,2.0,24.97,1,2497000.0,5764.21431704333
Super built-up  Area,Ready To Move,Sompura Colony,3 Bedroom,1592.0,4.0,0.0,53.59,3,5359000.0,3366.2060301507536
Built-up  Area,18-Nov,Doddakannelli Gardens,1 BHK,479.0,1.0,1.0,23.84,1,2384000.0,4977.035490605428
Super built-up  Area,19-Mar,Indiranagar,3 BHK,1876.36,3.0,2.0,225.43,3,22543000.0,12014.219019804303
Super built-up  Area,Ready To Move,Marathahalli,3 BHK,1283.0,4.0,0.0,74.89,3,7489000.0,5837.100545596259
Plot  Area,19-Aug,Rajaji Nagar,3 BHK,1460.0,4.0,2.0,132.61,3,13261000.000000002,9082.876712328769
Built-up  Area,Ready To Move,Koramangala,2 BHK,1276.0,2.0,2.0,201.07,2,20107000.0,15757.836990595611
Carpet  Area,Ready To Move,Kanakapura Road,3 BHK,1682.0,4.0,3.0,70.22,3,7022000.0,4174.791914387633
Super built-up  Area,Ready To Move,Varthur,2 Bedroom,1205.0,2.0,0.0,54.29,2,5429000.0,4505.39419087137
Built-up  Area,18-Nov,Jp Nagar,1 BHK,522.0,2.0,3.0,38.83,1,3883000.0,7438.697318007663
Carpet  Area,19-Mar,Rajaji Nagar,3 BHK,1873.0,2.0,0.0,177.01,3,17701000.0,9450.613988254137
Super built-up  Area,18-Jun,Cv Raman Nagar,4 BHK,2060.5,4.0,1.0,130.8,4,13080000.000000002,6347.9737927687465
Carpet  Area,Ready To Move,Bannerghatta Road,2 BHK,1158.0,2.0,1.0,61.18,2,6118000.0,5283.246977547496
Built-up  Area,Ready To Move,Frazer Town,2 BHK,1246.0,2.0,2.0,122.31,2,12231000.0,9816.211878009632
Super built-up  Area,18-Dec,Whitefield,4 BHK,2842.0,3.0,0.0,143.71,4,14371000.0,5056.6502463054185
Super built-up  Area,19-Mar,Hennur,2 BHK,1314.0,1.0,3.0,78.38,2,7838000.0,5964.992389649924
Super built-up  Area,19-Aug,Indiranagar,3 Bedroom,2094.3,2.0,0.0,239.0,3,23900000.0,11411.92761304493
Super built-up  Area,Ready To Move,Attibele Cross,4 BHK,1844.0,4.0,2.0,71.75,4,7175000.0,3890.997830802603
Built-up  Area,Ready To Move,Jp Nagar,3 Bedroom,1976.0,2.0,0.0,115.88,3,11588000.0,5864.372469635628
Super built-up  Area,19-May,Btm Layout,2 Bedroom,1166.01,3.0,3.0,66.16,2,6616000.0,5674.0508228917415
Super built-up  Area,Ready To Move,Yelahanka,3 BHK,1759.58,3.0,0.0,87.96,3,8796000.0,4998.920196865161
Built-up  Area,Ready To Move,Whitefield,3 Bedroom,1635.26,3.0,2.0,93.61,3,9361000.0,5724.471949414772
Super built-up  Area,19-Aug,Yelenahalli Township,2 BHK,1014.0,2.0,2.0,40.61,2,4061000.0,4004.930966469428
Carpet  Area,Ready To Move,Malleshwaram,3 BHK,1634.0,3.0,1.0,128.33,3,12833000.000000002,7853.73317013464
Super built-up  Area,Ready To Move,Bellandur,3 Bedroom,2203.0,3.0,1.0,141.22,3,14122000.0,6410.349523377213
Built-up  Area,Ready To Move,Indiranagar,3 BHK,1504.18,2.0,1.0,169.57,3,16957000.0,11273.251871451555
Built-up  Area,Ready To Move,Vijayanagar,1 BHK,526.36,1.0,2.0,37.64,1,3764000.0,7150.999316057451
Carpet  Area,Ready To Move,Yelahanka,4 BHK,2472.68,4.0,2.0,105.22,4,10522000.0,4255.3019395959045
Super built-up  Area,18-Jun,Attibele Cross,2 Bedroom,1295.61,3.0,0.0,43.64,2,4364000.0,3368.297558678924
Super built-up  Area,Ready To Move,Uttarahalli,4 Bedroom,2599.0,4.0,2.0,118.76,4,11876000.0,4569.449788380146
Super built-up  Area,Ready To Move,Jayanagar,3 BHK,1306.8,3.0,1.0,135.45,3,13544999.999999998,10365.013774104682
Super built-up  Area,Ready To Move,Sompura Colony,2 BHK,957.0,2.0,1.0,32.98,2,3297999.9999999995,3446.1859979101355
Super built-up  Area,Ready To Move,Btm Layout,2 BHK,1548.0,2.0,1.0,103.91,2,10391000.0,6712.532299741602
Built-up  Area,Ready To Move,Kr Puram,2 Bedroom,809.0,3.0,1.0,39.38,2,3938000.0000000005,4867.737948084055
Built-up  Area,Ready To Move,Yelahanka,3 BHK,1340.0,3.0,1.0,67.07,3,6706999.999999999,5005.223880597015
Built-up  Area,Ready To Move,Bellandur,3 BHK,2179.0,4.0,3.0,149.25,3,14925000.0,6849.47223497017
Super built-up  Area,Ready To Move,Subramanyapura Enclave,3 BHK,1617.0,4.0,0.0,68.44,3,6844000.0,4232.529375386518
Super built-up  Area,Ready To Move,Btm Layout,3 BHK,2150.22,3.0,0.0,139.72,3,13972000.0,6497.939745700441
Built-up  Area,Ready To Move,Jayanagar,4 BHK,2008.0,4.0,2.0,168.09,4,16809000.0,8371.01593625498
Super built-up  Area,Ready To Move,Kr Puram,1 Bedroom,575.0,1.0,3.0,22.48,1,2248000.0,3909.5652173913045
Super built-up  Area,Ready To Move,Nallurhalli Nagar,4 Bedroom,2681.5,4.0,3.0,106.07,4,10607000.0,3955.6218534402387
Super built-up  Area,Ready To Move,Gunjur Nagar,3 BHK,1329.61,3.0,2.0,80.3,3,8030000.0,6039.364926557412
Super built-up  Area,Ready To Move,Singasandra Nagar,4 Bedroom,2560.0,5.0,2.0,245.92,4,24592000.0,9606.25
Plot  Area,Ready To Move,Bannerghatta Road,2 BHK,1449.0,2.0,3.0,66.11,2,6611000.0,4562.456866804693
Plot  Area,18-Nov,Kaggadasapura Block,2 BHK,1021.0,2.0,0.0,82.33,2,8233000.0,8063.663075416259
Built-up  Area,18-Dec,Kadugodi Gardens,2 BHK,1402.78,1.0,2.0,48.64,2,4864000.0,3467.4004476824593
Built-up  Area,Ready To Move,Uttarahalli,3 BHK,2091.93,3.0,1.0,91.67,3,9167000.0,4382.077794190054
Super built-up  Area,Ready To Move,Sompura Main Road,4 BHK,2473.0,4.0,0.0,138.97,4,13897000.0,5619.490497371614
Super built-up  Area,19-Mar,Sarjapur Enclave,2 BHK,956.0,2.0,1.0,34.47,2,3447000.0,3605.648535564854
Super built-up  Area,Ready To Move,Yeshwanthpur,3 BHK,1361.0,3.0,0.0,90.38,3,9038000.0,6640.7053637031595
Super built-up  Area,Ready To Move,Hennur,3 BHK,1855.47,3.0,1.0,113.15,3,11315000.0,6098.185365433017
Super built-up  Area,Ready To Move,Pattandur Agrahara Colony,2 BHK,1405.0,2.0,2.0,73.07,2,7306999.999999999,5200.711743772241
Plot  Area,19-Mar,Hsr Layout,2 BHK,1028.79,1.0,2.0,78.37,2,7837000.0,7617.68679711117
Super built-up  Area,Ready To Move,Malleshwaram,1 BHK,560.81,1.0,1.0,59.79,1,5979000.0,10661.364811611777
Super built-up  Area,Ready To Move,Yelahanka,5 Bedroom,2880.0,5.0,1.0,133.33,5,13333000.000000002,4629.51388888889
Built-up  Area,Ready To Move,Kengeri,2 BHK,861.38,1.0,2.0,33.33,2,3333000.0,3869.3724024240173
Built-up  Area,Ready To Move,Frazer Town,2 BHK,1161.0,1.0,0.0,94.19,2,9419000.0,8112.833763996555
Super built-up  Area,Ready To Move,Anekal Stage 2,2 Bedroom,1359.0,2.0,1.0,65.06,2,6506000.0,4787.343635025754
Super built-up  Area,19-May,Hsr Layout,3 BHK,1445.23,3.0,2.0,103.26,3,10326000.0,7144.883513350816
Plot  Area,Ready To Move,Koramangala,1 Bedroom,531.0,1.0,0.0,64.52,1,6452000.0,12150.659133709982
Super built-up  Area,Ready To Move,Cv Raman Nagar,4 BHK,1921.0332329999999,4.0,1.0,147.85,4,14785000.0,7696.379087055597
Super built-up  Area,Ready To Move,Yeshwanthpur,2 BHK,1192.0,2.0,0.0,74.62,2,7462000.0,6260.067114093959
Built-up  Area,Ready To Move,Bannerghatta Road,3 BHK,1742.4,3.0,2.0,87.56,3,8756000.0,5025.252525252525
Super built-up  Area,19-Mar,Varthur,2 BHK,1257.22,2.0,0.0,56.11,2,5611000.0,4463.021587311688
Carpet  Area,Ready To Move,Sarjapur Road,1 BHK,494.14,1.0,1.0,26.21,1,2621000.0,5304.164811591857
Super built-up  Area,Ready To Move,Koramangala,2 BHK,1337.06,2.0,1.0,174.56,2,17456000.0,13055.509849969336
Super built-up  Area,19-May,Koramangala,2 BHK,758.0,1.0,0.0,80.2,2,8020000.0,10580.47493403694
Carpet  Area,Ready To Move,Hsr Layout,4 BHK,2269.44,4.0,2.0,167.29,4,16729000.0,7371.422024816695
Plot  Area,Ready To Move,Yeshwanthpur,2 Bedroom,1127.0,2.0,1.0,89.11,2,8911000.0,7906.832298136646
Super built-up  Area,Ready To Move,Uttarahalli,3 Bedroom,2071.0,4.0,0.0,85.85,3,8585000.0,4145.340415258329
Super built-up  Area,18-Nov,Sarjapur Road,1 BHK,561.9240000000001,1.0,1.0,30.4,1,3040000.0,5409.984268335219
Super built-up  Area,Ready To Move,Yelenahalli Layout,3 BHK,1283.0,2.0,1.0,99.13,3,9913000.0,7726.422447388933
Built-up  Area,19-Aug,Varthur,3 BHK,1800.19,3.0,2.0,87.48,3,8748000.0,4859.487054144284
Super built-up  Area,18-Dec,Jayanagar,3 BHK,1202.2559999999999,3.0,0.0,115.81,3,11581000.0,9632.723812565711
Super built-up  Area,18-Nov,Marathahalli,2 BHK,1218.21,2.0,3.0,71.12,2,7112000.0,5838.073895305407
Built-up  Area,Ready To Move,Bannerghatta Road,4 BHK,1897.47,5.0,1.0,98.59,4,9859000.0,5195.866074298935
Super built-up  Area,18-Nov,Kanakapura Road,3 BHK,1685.0,3.0,2.0,76.67,3,7667000.0,4550.148367952523
Built-up  Area,19-May,Bellandur,3 BHK,2042.49,2.0,3.0,121.68,3,12168000.0,5957.434308123908
Plot  Area,Ready To Move,Varthur,1 Bedroom,729.63,1.0,0.0,27.8,1,2780000.0,3810.1503501774873
Super built-up  Area,19-May,Btm Layout,3 BHK,1756.0,2.0,3.0,96.09,3,9609000.0,5472.095671981777
Built-up  Area,19-May,Yeshwanthpur,5 BHK,3196.0,6.0,2.0,220.51,5,22051000.0,6899.561952440551
Built-up  Area,Ready To Move,Sarjapur Road,2 Bedroom,1079.0,2.0,2.0,53.21,2,5321000.0,4931.417979610751
Super built-up  Area,Ready To Move,Kr Puram,4 BHK,2260.0,4.0,1.0,88.77,4,8877000.0,3927.8761061946902
Super built-up  Area,19-May,Jayanagar,1 BHK,483.0,2.0,0.0,46.93,1,4693000.0,9716.356107660455
Super built-up  Area,18-Dec,Electronic City,2 BHK,1177.56,2.0,0.0,49.68,2,4968000.0,4218.893304799755
Super built-up  Area,Ready To Move,Harlur Nagar,1 BHK,743.0,1.0,2.0,73.42,1,7342000.0,9881.56123822342
Super built-up  Area,Ready To Move,Electronic City,3 BHK,1458.06,3.0,1.0,65.63,3,6563000.0,4501.186508099804
Super built-up  Area,Ready To Move,Frazer Town,3 BHK,2163.0,3.0,2.0,169.34,3,16934000.0,7828.9412852519645
Super built-up  Area,Ready To Move,Jp Nagar,5 Bedroom,3438.5175000000004,4.0,2.0,257.66,5,25766000.000000004,7493.345606064242
Super built-up  Area,Ready To Move,Marathahalli,3 BHK,1336.7475,4.0,0.0,84.92,3,8492000.0,6352.733032977432
Super built-up  Area,Ready To Move,Yelahanka,3 Bedroom,1929.0,4.0,2.0,83.08,3,8308000.0,4306.89476412649
Plot  Area,19-Mar,Btm Layout,2 BHK,1009.0,2.0,0.0,69.67,2,6967000.0,6904.856293359762
Super built-up  Area,19-Mar,Uttarahalli,5 Bedroom,2981.0,6.0,0.0,117.36,5,11736000.0,3936.9339147936935
Super built-up  Area,19-May,Sarjapur Road,3 Bedroom,1775.5,4.0,0.0,84.08,3,8408000.0,4735.567445789919
Super built-up  Area,Ready To Move,Subramanyapura Main Road,4 BHK,1902.5,4.0,2.0,132.38,4,13238000.0,6958.212877792378
Super built-up  Area,Ready To Move,Hennur,2 BHK,1445.0,3.0,0.0,95.41,2,9541000.0,6602.768166089965
Super built-up  Area,Ready To Move,Cv Raman Nagar,4 BHK,2424.0,3.0,2.0,199.89,4,19989000.0,8246.287128712871
Plot  Area,Ready To Move,Gunjur Stage 2,2 Bedroom,1299.0,1.0,0.0,131.46,2,13146000.0,10120.092378752886
Super built-up  Area,18-Nov,Subramanyapura Gardens,3 BHK,1859.0,3.0,2.0,155.09,3,15509000.0,8342.657342657343
Super built-up  Area,Ready To Move,Varthur,4 BHK,2386.0,4.0,0.0,85.63,4,8563000.0,3588.851634534786
Built-up  Area,Ready To Move,Kr Puram,3 Bedroom,1605.0,4.0,1.0,80.39,3,8039000.0,5008.722741433022
Super built-up  Area,Ready To Move,Yelahanka,2 BHK,1174.0,2.0,1.0,45.27,2,4527000.0,3856.0477001703575
Super built-up  Area,Ready To Move,Koramangala,2 Bedroom,1371.0,2.0,3.0,191.8,2,19180000.0,13989.788475565281
Super built-up  Area,Ready To Move,Marathahalli,1 BHK,598.99,1.0,1.0,34.61,1,3461000.0,5778.059733885374
Super built-up  Area,Ready To Move,Jalahalli Gardens,2 BHK,1278.0,3.0,0.0,117.78,2,11778000.0,9215.962441314554
Plot  Area,19-Mar,Btm Layout,1 BHK,435.6,1.0,2.0,26.76,1,2676000.0,6143.250688705234
Super built-up  Area,19-Mar,Singasandra Nagar,3 BHK,1529.0,3.0,0.0,124.99,3,12499000.0,8174.623937213865
Super built-up  Area,19-Aug,Cv Raman Nagar,2 BHK,868.0,3.0,1.0,56.99,2,5699000.0,6565.668202764977
Super built-up  Area,Ready To Move,Domlur,3 Bedroom,1501.5,3.0,0.0,145.1,3,14510000.0,9663.669663669663
Carpet  Area,Ready To Move,Mahadevapura Stage 2,2 BHK,1182.0,2.0,2.0,110.13,2,11013000.0,9317.25888324873
Built-up  Area,Ready To Move,Devanahalli Nagar,2 BHK,1361.0,3.0,1.0,77.59,2,7759000.0,5700.955180014695
Super built-up  Area,Ready To Move,Jp Nagar,1 BHK,515.69,1.0,2.0,30.0,1,3000000.0,5817.448467102328
Super built-up  Area,Ready To Move,Hsr Layout,4 BHK,2476.0,5.0,3.0,212.78,4,21278000.0,8593.699515347334
Super built-up  Area,Ready To Move,Doddakannelli Enclave,3 BHK,1524.68,3.0,1.0,161.91,3,16191000.0,10619.277487735131
Super built-up  Area,Ready To Move,Thanisandra Phase 1,2 BHK,1243.04,3.0,1.0,45.85,2,4585000.0,3688.537778349852
Super built-up  Area,18-Nov,Sarjapur Road,2 BHK,1073.5,2.0,1.0,58.71,2,5871000.0,5469.026548672567
Super built-up  Area,Ready To Move,Attibele Phase 2,2 BHK,1318.87,2.0,2.0,113.36,2,11336000.0,8595.236831530023
Super built-up  Area,Ready To Move,Electronic City,1 BHK,634.56,2.0,0.0,32.77,1,3277000.0000000005,5164.20827029753
Built-up  Area,18-Jun,Rt Nagar,3 Bedroom,1608.56,3.0,0.0,88.3,3,8830000.0,5489.38180733078
Carpet  Area,Ready To Move,Hebbal,3 BHK,1925.0,3.0,2.0,121.09,3,12109000.0,6290.38961038961
Super built-up  Area,Ready To Move,Bellandur,2 BHK,995.86,2.0,2.0,59.24,2,5924000.0,5948.627317092764
Built-up  Area,Ready To Move,Kengeri,1 BHK,475.0,1.0,1.0,16.55,1,1655000.0,3484.2105263157896
Built-up  Area,Ready To Move,Sarjapur Road,3 BHK,2179.66,3.0,2.0,113.51,3,11351000.0,5207.692942936054
Built-up  Area,Ready To Move,Jp Nagar,2 BHK,1457.0,3.0,2.0,101.03,2,10103000.0,6934.111187371311
Super built-up  Area,Ready To Move,Kumaraswamy Layout Layout,2 BHK,1059.5,3.0,0.0,54.03,2,5403000.0,5099.5752713544125
Carpet  Area,Ready To Move,Banashankari,2 BHK,988.0,1.0,1.0,63.37,2,6337000.0,6413.967611336032
Built-up  Area,18-Nov,Malleshwaram,2 Bedroom,987.0,1.0,2.0,84.32,2,8432000.0,8543.05977710233
Super built-up  Area,Ready To Move,Varthur,2 BHK,1110.0,1.0,1.0,41.59,2,4159000.0000000005,3746.8468468468473
Built-up  Area,Ready To Move,Other,1 BHK,657.0,1.0,0.0,42.55,1,4255000.0,6476.40791476408
Carpet  Area,Ready To Move,Bannerghatta Road,1 BHK,764.78,1.0,1.0,36.22,1,3622000.0,4736.002510525903
Built-up  Area,18-Jun,Yelahanka,3 BHK,1404.0,3.0,0.0,63.17,3,6317000.0,4499.28774928775
Built-up  Area,Ready To Move,Nagavara Main Road,4 BHK,2270.5,4.0,1.0,93.12,4,9312000.0,4101.299273287822
Super built-up  Area,Ready To Move,Jayanagar,5 Bedroom,3277.07,5.0,1.0,298.38,5,29838000.0,9105.084725074532
Built-up  Area,Ready To Move,Basavanagudi,3 Bedroom,1380.12,3.0,0.0,141.81,3,14181000.0,10275.193461438137
Super built-up  Area,Ready To Move,Doddakannelli Gardens,3 BHK,1661.78,3.0,3.0,81.54,3,8154000.000000001,4906.786698600296
Built-up  Area,18-Jun,Sonnenahalli Main Road,3 BHK,1568.0,2.0,1.0,154.63,3,15463000.0,9861.607142857143
Built-up  Area,Ready To Move,Vijayanagar,2 BHK,908.0,2.0,0.0,60.56,2,6056000.0,6669.6035242290745
Super built-up  Area,Ready To Move,Whitefield,2 BHK,1193.0,2.0,3.0,72.78,2,7278000.0,6100.586756077117
Super built-up  Area,Ready To Move,Uttarahalli,3 BHK,1298.5,3.0,2.0,54.95,3,5495000.0,4231.805929919137
Built-up  Area,Ready To Move,Dodballapur Road Phase 1,3 BHK,2058.0,3.0,1.0,68.58,3,6858000.0,3332.3615160349855
Built-up  Area,Ready To Move,Vijayanagar,3 BHK,1420.27,3.0,3.0,76.25,3,7625000.0,5368.697501179353
Carpet  Area,19-Aug,Jp Nagar,4 BHK,2883.37,4.0,1.0,215.6,4,21560000.0,7477.361559563983
Carpet  Area,19-Mar,Subramanyapura Main Road,3 BHK,1315.0,3.0,0.0,78.71,3,7870999.999999999,5985.551330798478
Super built-up  Area,19-May,Yelahanka,4 BHK,2028.0,4.0,0.0,97.7,4,9770000.0,4817.554240631163
Super built-up  Area,Ready To Move,Horamavu Extension,2 BHK,945.0,1.0,0.0,60.03,2,6003000.0,6352.380952380952
Super built-up  Area,Ready To Move,Bannerghatta Road,6 BHK,3593.0,5.0,3.0,166.28,6,16628000.0,4627.887559142778
Super built-up  Area,Ready To Move,Cv Raman Nagar,3 BHK,1750.0,3.0,2.0,137.66,3,13766000.0,7866.285714285715
Super built-up  Area,19-Aug,Rajaji Nagar,3 BHK,1983.5,3.0,2.0,161.95,3,16194999.999999998,8164.860095790269
Built-up  Area,Ready To Move,Bellandur,3 BHK,1751.0,3.0,2.0,130.04,3,13004000.0,7426.613363792118
Carpet  Area,Ready To Move,Kaggadasapura Phase 2,2 BHK,1372.0,3.0,0.0,62.9,2,6290000.0,4584.548104956269
Super built-up  Area,Ready To Move,Sarjapur Road,2 BHK,1057.0,2.0,0.0,58.78,2,5878000.0,5561.021759697256
Super built-up  Area,19-Aug,Dodballapur Road Gardens,3 BHK,1842.57,4.0,2.0,134.51,3,13451000.0,7300.129710133129
Super built-up  Area,Ready To Move,Pattandur Agrahara Colony,4 BHK,2232.45,3.0,1.0,135.51,4,13551000.0,6070.012766243365
Super built-up  Area,Ready To Move,Bannerghatta Road,1 BHK,629.0,1.0,1.0,31.03,1,3103000.0,4933.227344992051
Built-up  Area,Ready To Move,Dodballapur Road Phase 1,4 BHK,2321.26,5.0,2.0,89.59,4,8959000.0,3859.541800573826
Built-up  Area,Ready To Move,Gunjur Stage 2,2 BHK,1285.0,2.0,2.0,139.59,2,13959000.0,10863.035019455252
Super built-up  Area,Ready To Move,Kaggadasapura Layout,4 Bedroom,2467.99,4.0,2.0,97.33,4,9733000.0,3943.695071698022
Super built-up  Area,Ready To Move,Whitefield,2 BHK,1144.0,2.0,0.0,58.68,2,5868000.0,5129.370629370629
Built-up  Area,Ready To Move,Begur Gardens,2 BHK,1264.0,1.0,2.0,125.91,2,12591000.0,9961.23417721519
Plot  Area,Ready To Move,Begur Gardens,2 BHK,1029.0,2.0,1.0,92.65,2,9265000.0,9003.887269193392
Super built-up  Area,Ready To Move,Attibele Cross,3 BHK,1585.953026,3.0,2.0,53.88,3,5388000.0,3397.3263467892903
Super built-up  Area,Ready To Move,Electronic City,2 BHK,1238.23,2.0,0.0,46.28,2,4628000.0,3737.593177358003
Super built-up  Area,Ready To Move,Bellandur,3 BHK,1559.44,4.0,2.0,115.8,3,11580000.0,7425.742574257425
Carpet  Area,19-Mar,Mahadevapura Nagar,4 BHK,1962.0,3.0,0.0,95.09,4,9509000.0,4846.585117227319
Carpet  Area,18-Jun,Jayanagar,4 Bedroom,2379.0,4.0,1.0,213.52,4,21352000.0,8975.199663724254
Built-up  Area,Ready To Move,Jp Nagar,2 BHK,865.0,2.0,3.0,54.15,2,5415000.0,6260.115606936416
Super built-up  Area,18-Nov,Vidyaranyapura Township,4 BHK,2462.5,4.0,2.0,166.64,4,16663999.999999998,6767.106598984771
Built-up  Area,Ready To Move,Indiranagar,1 BHK,719.0,1.0,3.0,93.56,1,9356000.0,13012.517385257303
Super built-up  Area,Ready To Move,Uttarahalli,3 BHK,1857.0,3.0,3.0,66.7,3,6670000.0,3591.8147549811524
Carpet  Area,Ready To Move,Haralur Road Block,3 BHK,1499.81,3.0,0.0,161.27,3,16127000.000000002,10752.695341409913
Built-up  Area,Ready To Move,Ambalipura Phase 2,3 BHK,1774.5,2.0,2.0,147.68,3,14768000.0,8322.344322344323
Plot  Area,Ready To Move,Sarjapur Road,1 BHK,628.5041209999999,1.0,1.0,28.95,1,2895000.0,4606.175048452865
Super built-up  Area,19-May,Kanakapura Road,1 BHK,679.6,1.0,3.0,29.2,1,2920000.0,4296.64508534432
Super built-up  Area,Ready To Move,Singasandra Main Road,1 BHK,497.5,1.0,0.0,30.06,1,3006000.0,6042.211055276382
Built-up  Area,Ready To Move,Chandapura Main Road,4 Bedroom,2331.0,4.0,1.0,179.98,4,17998000.0,7721.149721149721
Super built-up  Area,19-Mar,Whitefield,2 BHK,1322.0,3.0,2.0,69.76,2,6976000.000000001,5276.853252647505
Super built-up  Area,Ready To Move,Jp Nagar,3 BHK,1455.0,3.0,1.0,85.75,3,8575000.0,5893.470790378007
Built-up  Area,Ready To Move,Marathahalli,2 BHK,1367.0,1.0,1.0,96.68,2,9668000.0,7072.421360643745
Super built-up  Area,Ready To Move,Indiranagar,1 BHK,653.0,1.0,1.0,82.18,1,8218000.000000001,12584.992343032161
Super built-up  Area,Ready To Move,Sathanur Extension,4 BHK,2272.3,5.0,0.0,94.0,4,9400000.0,4136.777714210271
Super built-up  Area,Ready To Move,Chikkabanavara Enclave,2 BHK,1225.76,1.0,2.0,118.79,2,11879000.0,9691.130400730975
Super built-up  Area,Ready To Move,Jp Nagar,2 Bedroom,1336.0,2.0,2.0,94.75,2,9475000.0,7092.065868263473
Super built-up  Area,Ready To Move,Gottigere Layout,5 Bedroom,3574.0,4.0,3.0,336.96,5,33696000.0,9428.091773922775
Super built-up  Area,Ready To Move,Rt Nagar,4 BHK,2308.0,4.0,0.0,126.84,4,12684000.0,5495.667244367418
Super built-up  Area,Ready To Move,Varthur,2 BHK,892.0,3.0,1.0,43.52,2,4352000.0,4878.923766816143
Super built-up  Area,Ready To Move,Jayanagar,2 BHK,1148.0,2.0,1.0,109.88,2,10988000.0,9571.42857142857
Super built-up  Area,Ready To Move,Banashankari,1 BHK,519.0,2.0,0.0,35.93,1,3593000.0,6922.928709055876
Carpet  Area,Ready To Move,Sathanur Enclave,2 BHK,1458.01,3.0,3.0,88.05,2,8805000.0,6039.053230087585
Super built-up  Area,19-Mar,Cv Raman Nagar,3 BHK,1416.0,3.0,0.0,86.67,3,8667000.0,6120.762711864407
Built-up  Area,Ready To Move,Kengeri,2 Bedroom,1144.0,2.0,2.0,54.23,2,5423000.0,4740.384615384615
Built-up  Area,18-Jun,Hsr Layout,2 BHK,1130.59,1.0,2.0,80.33,2,8033000.0,7105.139794266711
Super built-up  Area,19-Mar,Kumaraswamy Layout Layout,3 BHK,1968.0,3.0,3.0,86.64,3,8664000.0,4402.4390243902435
Built-up  Area,Ready To Move,Dodballapur Road Phase 2,3 BHK,1735.36,3.0,1.0,154.53,3,15453000.0,8904.780564263323
Built-up  Area,Ready To Move,Talaghattapura Main Road,3 BHK,1277.3,3.0,2.0,78.18,3,7818000.000000001,6120.723400923825
Super built-up  Area,18-Dec,Rajaji Nagar,1 BHK,622.0,2.0,0.0,50.53,1,5053000.0,8123.79421221865
Carpet  Area,18-Jun,Whitefield,6 BHK,3631.5,6.0,0.0,181.76,6,18176000.0,5005.094313644499
Super built-up  Area,Ready To Move,Rt Nagar,3 BHK,1828.0,4.0,1.0,121.05,3,12105000.0,6621.99124726477
Super built-up  Area,Ready To Move,Talaghattapura Stage 2,4 BHK,2560.4,4.0,3.0,295.74,4,29574000.0,11550.538978284643
Super built-up  Area,Ready To Move,Bannerghatta Road,1 BHK,522.0,1.0,3.0,27.26,1,2726000.0,5222.222222222223
Super built-up  Area,19-May,Vishveshwarya Layout Enclave,1 BHK,637.0,1.0,2.0,67.63,1,6763000.0,10616.95447409733
Carpet  Area,19-Mar,Munnekollal Phase 2,4 Bedroom,1845.0,5.0,2.0,61.59,4,6159000.0,3338.211382113821
Super built-up  Area,Ready To Move,Kengeri,3 BHK,1937.0,3.0,1.0,74.64,3,7464000.0,3853.381517811048
Super built-up  Area,Ready To Move,Jayanagar,3 Bedroom,1838.5,3.0,2.0,157.93,3,15793000.0,8590.155017677454
Super built-up  Area,Ready To Move,Basavanagudi,4 BHK,2382.99,3.0,1.0,205.52,4,20552000.0,8624.459187827058
Built-up  Area,18-Dec,Sarjapur Road,2 BHK,957.0,2.0,3.0,54.12,2,5412000.0,5655.172413793103
Super built-up  Area,19-May,Sathanur Extension,3 BHK,1969.0,4.0,1.0,83.84,3,8384000.0,4257.998984255967
Super built-up  Area,Ready To Move,Malleshwaram,5 BHK,2971.0,5.0,1.0,307.66,5,30766000.000000004,10355.435880175026
Super built-up  Area,Ready To Move,Kumaraswamy Layout Stage 2,3 BHK,1216.65,3.0,3.0,110.89,3,11089000.0,9114.371429745612
Super built-up  Area,Ready To Move,Kalyan Nagar Block,2 BHK,1095.0,2.0,1.0,105.66,2,10566000.0,9649.315068493152
Super built-up  Area,Ready To Move,Whitefield,3 BHK,1627.68,3.0,3.0,79.4,3,7940000.000000001,4878.1087191585575
Super built-up  Area,Ready To Move,Sarjapur Road,3 BHK,1393.0,3.0,0.0,98.41,3,9841000.0,7064.608758076095
Super built-up  Area,Ready To Move,Rt Nagar,3 BHK,2130.54,3.0,3.0,122.6,3,12260000.0,5754.409680174979
Super built-up  Area,Ready To Move,Thanisandra Phase 2,3 BHK,1661.0,3.0,0.0,66.05,3,6605000.0,3976.5201685731486
Plot  Area,Ready To Move,Vijayanagar,1 BHK,541.0,1.0,0.0,38.43,1,3843000.0,7103.51201478743
Super built-up  Area,Ready To Move,Devanahalli Extension,3 Bedroom,1442.0,3.0,2.0,151.27,3,15127000.000000002,10490.291262135923
Plot  Area,Ready To Move,Sarjapur Enclave,4 BHK,1664.47,4.0,2.0,65.83,4,6583000.0,3955.012706747493
Super built-up  Area,18-Jun,Hennur,2 BHK,969.0,1.0,3.0,58.04,2,5804000.0,5989.680082559339
Plot  Area,Ready To Move,Mahadevapura Nagar,2 BHK,1127.0,1.0,0.0,55.84,2,5584000.0,4954.7471162378
Built-up  Area,Ready To Move,Varthur,2 Bedroom,1005.0,2.0,1.0,50.27,2,5027000.0,5001.9900497512435
Super built-up  Area,Ready To Move,Yeshwanthpur,3 BHK,2102.5,2.0,0.0,170.02,3,17002000.0,8086.563614744352
Built-up  Area,Ready To Move,Harlur Colony,1 BHK,528.5,1.0,1.0,52.85,1,5285000.0,10000.0
Super built-up  Area,Ready To Move,Dodballapur Road Phase 1,3 BHK,1426.0,4.0,1.0,50.25,3,5025000.0,3523.842917251052
Super built-up  Area,Ready To Move,Yelahanka,2 Bedroom,1257.0,2.0,3.0,64.78,2,6478000.0,5153.540175019889
Super built-up  Area,Ready To Move,Kanakapura Road,3 Bedroom,2115.213989,3.0,2.0,108.1,3,10810000.0,5110.594037395997
Super built-up  Area,Ready To Move,Hsr Layout,3 BHK,1601.0,3.0,2.0,126.58,3,12658000.0,7906.30855715178
Built-up  Area,Ready To Move,Hennur,2 Bedroom,903.76,2.0,0.0,56.3,2,5630000.0,6229.529963707179
Built-up  Area,Ready To Move,Sompura Main Road,2 BHK,1269.0,2.0,3.0,67.2,2,6720000.0,5295.508274231678
Super built-up  Area,Ready To Move,Bannerghatta Road,3 Bedroom,2055.43,3.0,2.0,110.38,3,11038000.0,5370.165853373747
Super built-up  Area,Ready To Move,Sarjapur Road,2 Bedroom,1349.0,3.0,2.0,79.35,2,7934999.999999999,5882.134914751668
Carpet  Area,Ready To Move,Kengeri,3 Bedroom,1545.0,2.0,3.0,63.07,3,6307000.0,4082.2006472491908
Built-up  Area,Ready To Move,Rt Nagar,3 BHK,1918.9880919999998,2.0,2.0,117.04,3,11704000.0,6099.04774750421
Plot  Area,Ready To Move,Kr Puram,2 BHK,996.0,2.0,0.0,48.11,2,4811000.0,4830.321285140562
Plot  Area,Ready To Move,Hsr Layout,2 BHK,1214.0,2.0,2.0,91.71,2,9171000.0,7554.365733113674
Super built-up  Area,Ready To Move,Hebbal,3 BHK,1976.0,3.0,0.0,124.08,3,12408000.0,6279.352226720648
Super built-up  Area,Ready To Move,Hennur,5 BHK,2187.0,5.0,2.0,139.8,5,13980000.000000002,6392.3182441700965
Plot  Area,Ready To Move,Jp Nagar,3 BHK,2024.0,2.0,3.0,141.79,3,14179000.0,7005.434782608696
Super built-up  Area,Ready To Move,Rt Nagar,5 BHK,3310.0,6.0,2.0,206.12,5,20612000.0,6227.190332326284
Super built-up  Area,Ready To Move,Gunjur Nagar,3 Bedroom,1437.0,4.0,1.0,77.17,3,7717000.0,5370.215727209465
Built-up  Area,Ready To Move,Varthur,3 BHK,1605.0,3.0,2.0,76.34,3,7634000.0,4756.386292834891
Plot  Area,Ready To Move,Vidyaranyapura Phase 2,3 BHK,1933.0,3.0,1.0,201.14,3,20114000.0,10405.58717020176
Super built-up  Area,Ready To Move,Bellandur,5 BHK,2941.0,5.0,0.0,182.52,5,18252000.0,6206.052363141788
Super built-up  Area,Ready To Move,Uttarahalli,2 BHK,1024.0,2.0,0.0,43.73,2,4373000.0,4270.5078125
Super built-up  Area,Ready To Move,Indiranagar,4 BHK,2623.0,4.0,1.0,230.5,4,23050000.0,8787.647731605033
Built-up  Area,Ready To Move,Btm Layout,2 BHK,999.0,2.0,0.0,82.52,2,8252000.0,8260.26026026026
Super built-up  Area,19-Mar,Bannerghatta Road,3 BHK,1644.96,3.0,1.0,76.57,3,7656999.999999999,4654.824433420873
Carpet  Area,Ready To Move,Indiranagar,3 BHK,1596.0,2.0,3.0,167.88,3,16788000.0,10518.796992481202
Super built-up  Area,Ready To Move,Mahadevapura Stage 2,3 BHK,1793.0,2.0,0.0,181.3,3,18130000.0,10111.544896820971
Carpet  Area,Ready To Move,Yeshwanthpur,3 BHK,1545.39,3.0,1.0,104.02,3,10402000.0,6730.987000045296
Carpet  Area,Ready To Move,Uttarahalli,3 BHK,2023.72,2.0,2.0,101.35,3,10135000.0,5008.103887889629
Super built-up  Area,Ready To Move,Pattandur Agrahara Colony,2 BHK,1087.0,3.0,1.0,65.48,2,6548000.0,6023.91904323827
Super built-up  Area,19-Aug,Jp Nagar,2 BHK,1125.77,2.0,1.0,82.93,2,8293000.000000001,7366.5135862565185
Plot  Area,18-Nov,Talaghattapura Main Road,4 BHK,1991.0,4.0,0.0,122.18,4,12218000.0,6136.614766449021
Built-up  Area,Ready To Move,Jp Nagar,3 Bedroom,1459.5,3.0,2.0,100.72,3,10072000.0,6900.993490921548
Super built-up  Area,19-Aug,Kaggadasapura Block,3 Bedroom,1538.0,3.0,3.0,115.7,3,11570000.0,7522.756827048114
Super built-up  Area,Ready To Move,Thanisandra Phase 1,2 BHK,1082.0,2.0,0.0,38.39,2,3839000.0,3548.0591497227356
Carpet  Area,Ready To Move,Varthur,2 BHK,1343.0,1.0,2.0,56.58,2,5658000.0,4212.956068503351
Super built-up  Area,Ready To Move,Whitefield,4 BHK,2411.66,3.0,2.0,148.92,4,14891999.999999998,6174.999792673925
Super built-up  Area,Ready To Move,Subramanyapura Gardens,3 BHK,1906.0,2.0,2.0,151.85,3,15185000.0,7966.946484784889
Built-up  Area,Ready To Move,Vasanthapura Nagar,3 BHK,2090.88,2.0,1.0,115.59,3,11559000.0,5528.2943067033975
Super built-up  Area,Ready To Move,Hebbal,4 BHK,2565.5755649999996,4.0,1.0,172.69,4,17269000.0,6731.043215248272
Built-up  Area,Ready To Move,Thanisandra Phase 2,2 Bedroom,889.0,2.0,1.0,34.86,2,3486000.0,3921.259842519685
Super built-up  Area,Ready To Move,Hsr Layout,2 BHK,878.0,1.0,2.0,64.69,2,6469000.0,7367.881548974943
Super built-up  Area,Ready To Move,Bellandur,2 Bedroom,1142.0,3.0,3.0,70.25,2,7025000.0,6151.488616462347
Super built-up  Area,Ready To Move,Yeshwanthpur,2 BHK,1407.0,2.0,1.0,105.54,2,10554000.0,7501.0660980810235
Carpet  Area,Ready To Move,Yelahanka,2 BHK,1310.0,2.0,0.0,48.95,2,4895000.0,3736.641221374046
Super built-up  Area,Ready To Move,Kanakapura Road,2 BHK,1317.178443,3.0,1.0,61.07,2,6107000.0,4636.425711683166
Super built-up  Area,Ready To Move,Vidyaranyapura Extension,2 BHK,1191.0,2.0,0.0,65.76,2,6576000.000000001,5521.410579345089
Super built-up  Area,Ready To Move,Domlur,3 BHK,1693.0,3.0,0.0,146.16,3,14616000.0,8633.195510927348
Super built-up  Area,Ready To Move,Hsr Layout,2 BHK,1089.0,2.0,0.0,85.26,2,8526000.0,7829.201101928375
Carpet  Area,Ready To Move,Whitefield,3 BHK,1885.94,3.0,0.0,106.84,3,10684000.0,5665.079482910379
Built-up  Area,Ready To Move,Dodballapur Road Phase 1,3 BHK,2025.0,3.0,0.0,77.98,3,7798000.0,3850.864197530864
Super built-up  Area,18-Nov,Jayanagar,3 BHK,2121.0,4.0,0.0,194.31,3,19431000.0,9161.244695898162
Super built-up  Area,Ready To Move,Uttarahalli,3 BHK,1766.0,3.0,1.0,66.29,3,6629000.000000001,3753.680634201586
Super built-up  Area,18-Jun,Kumaraswamy Layout Stage 2,2 BHK,1333.0,2.0,2.0,114.44,2,11444000.0,8585.146286571642
Plot  Area,Ready To Move,Uttarahalli,2 BHK,1452.07,2.0,2.0,71.54,2,7154000.000000001,4926.759729214157
Plot  Area,Ready To Move,Hebbal,3 Bedroom,1449.0,2.0,1.0,118.38,3,11838000.0,8169.772256728778
Super built-up  Area,Ready To Move,Hsr Layout,3 Bedroom,1477.5,3.0,1.0,121.27,3,12127000.0,8207.783417935701
Built-up  Area,Ready To Move,Sarjapur Road,3 BHK,2004.47,2.0,2.0,113.1,3,11310000.0,5642.389260003892
Super built-up  Area,Ready To Move,Basavanagudi,3 BHK,1816.52,2.0,2.0,201.22,3,20122000.0,11077.224583269108
Super built-up  Area,Ready To Move,Whitefield,2 BHK,1508.0,2.0,0.0,86.69,2,8669000.0,5748.67374005305
Super built-up  Area,18-Dec,Hebbal,2 BHK,983.73,1.0,2.0,66.36,2,6636000.0,6745.753407947303
Super built-up  Area,Ready To Move,Hennur,1 BHK,475.4,1.0,0.0,25.85,1,2585000.0,5437.526293647455
Super built-up  Area,19-May,Marathahalli,4 BHK,1973.0,4.0,2.0,122.7,4,12270000.0,6218.9559047136345
Super built-up  Area,Ready To Move,Domlur,3 BHK,1411.3440000000003,3.0,3.0,165.77,3,16577000.000000002,11745.54183813443
Super built-up  Area,Ready To Move,Yelahanka,2 BHK,940.66,2.0,1.0,41.47,2,4147000.0,4408.606722939213
Built-up  Area,Ready To Move,Subramanyapura Gardens,2 BHK,976.0,1.0,1.0,87.99,2,8799000.0,9015.368852459016
Built-up  Area,Ready To Move,Whitefield,3 BHK,1865.0,3.0,0.0,95.49,3,9549000.0,5120.107238605898
Super built-up  Area,Ready To Move,Hsr Layout,4 BHK,2848.0,4.0,3.0,247.06,4,24706000.0,8674.859550561798
Built-up  Area,Ready To Move,Jalahalli Gardens,4 BHK,2052.460452,5.0,0.0,206.31,4,20631000.0,10051.838017096177
Built-up  Area,Ready To Move,Bellandur,3 Bedroom,1279.0,4.0,0.0,77.14,3,7714000.0,6031.274433150899
Super built-up  Area,Ready To Move,Whitefield,3 BHK,1481.0,3.0,0.0,90.67,3,9067000.0,6122.2147197839295
Built-up  Area,Ready To Move,Frazer Town,2 BHK,890.4,3.0,2.0,97.88,2,9788000.0,10992.812219227313
Super built-up  Area,Ready To Move,Jp Nagar,1 BHK,785.26,1.0,0.0,47.72,1,4772000.0,6076.968137941573
Built-up  Area,18-Dec,Ramamurthy Nagar Extension,3 BHK,1997.0,4.0,3.0,67.02,3,6702000.0,3356.034051076615
Super built-up  Area,Ready To Move,Varthur,2 BHK,1025.0,3.0,1.0,54.42,2,5442000.0,5309.268292682927
Super built-up  Area,Ready To Move,Marathahalli,2 BHK,1201.0,2.0,1.0,79.66,2,7966000.0,6632.805995004163
Super built-up  Area,19-Mar,Yeshwanthpur,3 BHK,2042.85,3.0,1.0,161.86,3,16186000.000000002,7923.244486868836
Built-up  Area,Ready To Move,Yeshwanthpur,2 BHK,1387.0,2.0,1.0,75.21,2,7520999.999999999,5422.494592645998
Built-up  Area,18-Jun,Varthur,2 BHK,1106.0,3.0,2.0,42.51,2,4251000.0,3843.5804701627485
Super built-up  Area,Ready To Move,Whitefield,3 BHK,1485.0,3.0,1.0,68.32,3,6831999.999999999,4600.6734006734005
Super built-up  Area,18-Nov,Jayanagar,3 BHK,2145.0,2.0,0.0,214.96,3,21496000.0,10021.445221445221
Super built-up  Area,Ready To Move,Jp Nagar,3 BHK,1883.0,3.0,2.0,118.38,3,11838000.0,6286.776420605417
Super built-up  Area,Ready To Move,Jp Nagar,3 BHK,1295.0,3.0,2.0,95.6,3,9560000.0,7382.239382239382
Carpet  Area,Ready To Move,Yeshwanthpur,2 BHK,849.4200000000001,2.0,3.0,44.43,2,4443000.0,5230.627957900685
Super built-up  Area,Ready To Move,Banashankari,1 BHK,495.0,1.0,0.0,22.78,1,2278000.0,4602.020202020202
Super built-up  Area,Ready To Move,Yeshwanthpur,1 BHK,701.0,1.0,0.0,44.86,1,4486000.0,6399.429386590585
Built-up  Area,Ready To Move,Ambalipura Phase 2,3 Bedroom,1751.0,4.0,2.0,190.81,3,19081000.0,10897.201599086236
Super built-up  Area,19-Aug,Attibele Phase 2,3 BHK,1538.5,4.0,0.0,130.99,3,13099000.0,8514.137146571336
Super built-up  Area,Ready To Move,Whitefield,3 BHK,1603.0,3.0,3.0,102.02,3,10202000.0,6364.316905801622
Super built-up  Area,Ready To Move,Hennur,2 BHK,1318.0,2.0,1.0,74.5,2,7450000.0,5652.503793626707
Built-up  Area,Ready To Move,Hsr Layout,2 BHK,1041.0,2.0,3.0,85.72,2,8572000.0,8234.390009606148
Super built-up  Area,Ready To Move,Bannerghatta Road,4 BHK,1847.0,4.0,2.0,92.16,4,9216000.0,4989.713048186248
Built-up  Area,19-Mar,Bellandur,4 BHK,2102.0,4.0,3.0,120.18,4,12018000.0,5717.411988582303
Carpet  Area,Ready To Move,Hsr Layout,3 Bedroom,1339.0,3.0,2.0,97.41,3,9741000.0,7274.831964152352
Super built-up  Area,19-Aug,Whitefield,1 BHK,642.0,2.0,3.0,41.23,1,4122999.9999999995,6422.118380062305
Built-up  Area,Ready To Move,Malleshwaram,4 Bedroom,2179.0,4.0,3.0,260.29,4,26029000.000000004,11945.387792565398
Super built-up  Area,19-Aug,Gottigere Layout,2 BHK,1154.0,2.0,1.0,116.49,2,11649000.0,10094.454072790295
Built-up  Area,19-Aug,Marathahalli,2 BHK,1295.72,2.0,1.0,81.4,2,8140000.000000001,6282.221467601025
Super built-up  Area,Ready To Move,Frazer Town,4 BHK,2630.0,5.0,3.0,210.4,4,21040000.0,8000.0
Super built-up  Area,Ready To Move,Malleshwaram,3 Bedroom,1643.0,3.0,1.0,168.78,3,16878000.0,10272.671941570297
Built-up  Area,Ready To Move,Kanakapura Road,4 BHK,2860.0,5.0,0.0,133.78,4,13378000.0,4677.622377622378
Plot  Area,Ready To Move,Rajaji Nagar,1 BHK,464.0,2.0,0.0,45.77,1,4577000.0,9864.224137931034
Built-up  Area,19-Aug,Domlur,2 BHK,1036.0,2.0,1.0,126.92,2,12692000.0,12250.965250965251
Plot  Area,18-Dec,Old Airport Road Colony,2 BHK,1379.0,2.0,0.0,93.99,2,9399000.0,6815.808556925308
Carpet  Area,18-Dec,Jp Nagar,1 BHK,326.0,1.0,0.0,24.18,1,2418000.0,7417.17791411043
Built-up  Area,Ready To Move,Sarjapur Road,2 BHK,1165.73,2.0,2.0,59.44,2,5944000.0,5098.950871985794
Super built-up  Area,Ready To Move,Dodballapur Road Phase 1,5 BHK,2392.0,5.0,1.0,97.48,5,9748000.0,4075.2508361204013
Plot  Area,18-Nov,Whitefield Hope Farm Enclave,2 BHK,996.0,1.0,1.0,54.64,2,5464000.0,5485.943775100402
Carpet  Area,19-Aug,Electronic City,3 Bedroom,1486.0,3.0,0.0,53.43,3,5343000.0,3595.558546433378
Built-up  Area,Ready To Move,Kr Puram,2 BHK,1219.0,1.0,1.0,51.9,2,5190000.0,4257.5881870385565
Super built-up  Area,Ready To Move,Devanahalli Extension,5 Bedroom,2839.0,6.0,0.0,246.97,5,24697000.0,8699.189855582952
Super built-up  Area,18-Jun,Yelenahalli Township,2 BHK,1308.0,2.0,1.0,57.86,2,5786000.0,4423.547400611621
Built-up  Area,Ready To Move,Bellandur,2 Bedroom,1377.0,3.0,2.0,87.11,2,8711000.0,6326.071169208424
Plot  Area,18-Dec,Gunjur Stage 2,3 BHK,2049.0,4.0,2.0,188.07,3,18807000.0,9178.623718887262
Plot  Area,Ready To Move,Whitefield,3 BHK,1532.0,3.0,3.0,83.22,3,8322000.0,5432.1148825065275
Super built-up  Area,19-May,Chikkabanavara Enclave,2 BHK,1254.0,1.0,3.0,113.96,2,11396000.0,9087.719298245614
Carpet  Area,Ready To Move,Kanakapura Road,4 BHK,2398.73,5.0,3.0,116.0,4,11600000.0,4835.89232635603
Carpet  Area,Ready To Move,Ambalipura Phase 2,2 BHK,929.0,2.0,2.0,93.95,2,9395000.0,10113.02475780409
Super built-up  Area,Ready To Move,Vijayanagar,2 BHK,980.0,2.0,3.0,75.54,2,7554000.000000001,7708.163265306123
Super built-up  Area,19-May,Vijayanagar,1 BHK,487.5,1.0,2.0,31.7,1,3170000.0,6502.5641025641025
Built-up  Area,Ready To Move,Indiranagar,1 BHK,696.96,1.0,2.0,67.75,1,6775000.0,9720.787419651055
Built-up  Area,Ready To Move,Hebbal,2 BHK,1096.75,2.0,2.0,79.4,2,7940000.000000001,7239.571461135173
Carpet  Area,Ready To Move,Indiranagar,2 Bedroom,917.0,3.0,0.0,102.23,2,10223000.0,11148.309705561614
Built-up  Area,Ready To Move,Electronic City,3 Bedroom,2088.66,3.0,0.0,89.38,3,8938000.0,4279.29868911168
Super built-up  Area,18-Jun,Varthur,3 BHK,1649.0,3.0,0.0,80.9,3,8090000.000000001,4906.00363856883
Super built-up  Area,Ready To Move,Yelahanka,2 BHK,1209.0,2.0,1.0,54.18,2,5418000.0,4481.389578163772
Super built-up  Area,Ready To Move,Hebbal,1 Bedroom,547.0,1.0,0.0,36.99,1,3699000.0,6762.340036563071
Super built-up  Area,Ready To Move,Yeshwanthpur,4 Bedroom,2246.15,4.0,3.0,140.54,4,14054000.0,6256.9285221378805
Built-up  Area,Ready To Move,Gottigere Phase 2,1 BHK,619.53,2.0,1.0,58.31,1,5831000.0,9411.97359288493
Super built-up  Area,Ready To Move,Yelahanka,3 BHK,2128.5,3.0,2.0,95.63,3,9563000.0,4492.835330044632
Super built-up  Area,18-Nov,Kengeri,1 Bedroom,749.232,2.0,0.0,33.51,1,3351000.0,4472.579921839964
Super built-up  Area,Ready To Move,Btm Layout,5 BHK,3326.0,6.0,0.0,244.48,5,24448000.0,7350.5712567648825
Super built-up  Area,19-Aug,Btm Layout,3 BHK,2018.6618059999998,3.0,1.0,144.47,3,14447000.0,7156.721327495113
Super built-up  Area,Ready To Move,Jalahalli Block,1 BHK,641.5,1.0,1.0,47.39,1,4739000.0,7387.373343725643
Carpet  Area,18-Jun,Sarjapur Road,2 BHK,867.0,1.0,2.0,48.98,2,4898000.0,5649.365628604383
Built-up  Area,Ready To Move,Indiranagar,2 BHK,845.0,2.0,0.0,106.05,2,10605000.0,12550.295857988165
Built-up  Area,18-Nov,Vidyaranyapura Extension,3 BHK,1952.0325,3.0,0.0,106.66,3,10666000.0,5464.048370096297
Built-up  Area,Ready To Move,Kr Puram,3 BHK,2078.5,2.0,2.0,87.86,3,8786000.0,4227.086841472215
Plot  Area,19-Mar,Kaggadasapura Phase 2,4 BHK,1804.0,4.0,3.0,89.93,4,8993000.0,4985.033259423503
Built-up  Area,Ready To Move,Mahadevapura Phase 2,3 BHK,1752.0,3.0,3.0,80.08,3,8008000.0,4570.776255707762
Carpet  Area,19-May,Varthur,5 BHK,2425.51,5.0,1.0,126.37,5,12637000.0,5210.038301223248
Super built-up  Area,Ready To Move,Sarjapur Road,2 BHK,925.65,2.0,0.0,58.71,2,5871000.0,6342.570085885594
Super built-up  Area,Ready To Move,Gunjur Colony,3 BHK,1848.01,2.0,3.0,80.19,3,8019000.0,4339.262233429473
Super built-up  Area,18-Dec,Uttarahalli,2 BHK,1010.0,2.0,1.0,46.86,2,4686000.0,4639.60396039604
Built-up  Area,Ready To Move,Koramangala,4 Bedroom,2037.18,4.0,0.0,253.39,4,25339000.0,12438.272513965383
Super built-up  Area,19-Aug,Koramangala,1 BHK,686.0,1.0,0.0,93.39,1,9339000.0,13613.702623906705
Super built-up  Area,Ready To Move,Talaghattapura Main Road,3 Bedroom,1742.4,3.0,0.0,116.13,3,11613000.0,6664.944903581267
Super built-up  Area,Ready To Move,Hsr Layout,1 BHK,566.0,2.0,1.0,42.76,1,4276000.0,7554.770318021201
Built-up  Area,Ready To Move,Whitefield,2 BHK,1039.0,2.0,1.0,52.18,2,5218000.0,5022.13666987488
Built-up  Area,Ready To Move,Kanakapura Road,2 BHK,1090.92,3.0,1.0,49.53,2,4953000.0,4540.20459795402
Super built-up  Area,Ready To Move,Whitefield,1 BHK,630.93,1.0,3.0,42.79,1,4279000.0,6782.051891652006
Super built-up  Area,Ready To Move,Bannerghatta Road,2 BHK,948.5,2.0,2.0,39.23,2,3922999.9999999995,4136.004217185028
Super built-up  Area,Ready To Move,Vijayanagar,2 Bedroom,1173.51,3.0,1.0,72.35,2,7234999.999999999,6165.264889093402
Super built-up  Area,19-Aug,Basavanagudi,5 BHK,2688.0,5.0,2.0,227.68,5,22768000.0,8470.238095238095
Built-up  Area,Ready To Move,Whitefield,2 Bedroom,963.0,2.0,1.0,55.67,2,5567000.0,5780.893042575286
Plot  Area,Ready To Move,Kadugodi Gardens,2 BHK,913.0,2.0,2.0,37.83,2,3783000.0,4143.483023001096
Super built-up  Area,Ready To Move,Sarjapur Enclave,2 BHK,1484.47,2.0,2.0,59.15,2,5915000.0,3984.5870916892895
Carpet  Area,Ready To Move,Varthur,1 BHK,717.0,1.0,3.0,35.28,1,3528000.0,4920.502092050209
Super built-up  Area,Ready To Move,Uttarahalli,2 Bedroom,1085.0,2.0,0.0,43.66,2,4366000.0,4023.9631336405528
Plot  Area,18-Dec,Varthur,2 BHK,1251.0,2.0,1.0,56.11,2,5611000.0,4485.211830535572
Super built-up  Area,Ready To Move,Bellandur,1 BHK,552.0,1.0,3.0,37.18,1,3718000.0,6735.507246376812
Super built-up  Area,Ready To Move,Varthur,1 BHK,752.61,1.0,2.0,29.82,1,2982000.0,3962.2115039661976
Built-up  Area,Ready To Move,Marathahalli,3 BHK,1706.0,3.0,3.0,109.25,3,10925000.0,6403.868698710434
Super built-up  Area,Ready To Move,Banashankari,2 BHK,1091.5,2.0,0.0,78.68,2,7868000.000000001,7208.428767750803
Super built-up  Area,Ready To Move,Chikkabanavara Enclave,2 BHK,885.73,2.0,2.0,89.12,2,8912000.0,10061.756968827973
Carpet  Area,Ready To Move,Jp Nagar,3 BHK,1348.48,3.0,2.0,92.19,3,9219000.0,6836.586378737541
Super built-up  Area,Ready To Move,Yeshwanthpur,2 BHK,1229.0,2.0,1.0,78.69,2,7869000.0,6402.766476810415
Built-up  Area,18-Dec,Frazer Town,3 BHK,1480.6,3.0,1.0,117.74,3,11774000.0,7952.1815480210735
Super built-up  Area,Ready To Move,Kumaraswamy Layout Phase 1,2 Bedroom,1193.0,2.0,3.0,64.47,2,6447000.0,5404.023470243084
Built-up  Area,Ready To Move,Indiranagar,2 BHK,1022.0,1.0,0.0,122.51,2,12251000.0,11987.279843444227
Super built-up  Area,19-Aug,Nagavara Enclave,4 BHK,2528.91,4.0,1.0,83.58,4,8358000.0,3304.9811974328863
Super built-up  Area,Ready To Move,Pattandur Agrahara Layout,2 BHK,1491.0,1.0,2.0,62.95,2,6295000.0,4221.998658618377
Built-up  Area,Ready To Move,Marathahalli,2 BHK,1124.0,3.0,2.0,75.44,2,7544000.0,6711.743772241993
Super built-up  Area,19-May,Marathahalli,2 BHK,1271.0,2.0,0.0,80.81,2,8081000.0,6357.985837922895
Super built-up  Area,18-Dec,Electronic City,3 BHK,1280.82,3.0,2.0,54.87,3,5487000.0,4283.974328945519
Super built-up  Area,18-Nov,Sonnenahalli Block,3 BHK,1973.0,4.0,1.0,130.26,3,13026000.0,6602.128737962494
Super built-up  Area,Ready To Move,Btm Layout,3 BHK,1598.0,2.0,3.0,105.59,3,10559000.0,6607.634543178974
Super built-up  Area,Ready To Move,Electronic City,4 BHK,2743.0,3.0,2.0,97.5,4,9750000.0,3554.5023696682465
Built-up  Area,Ready To Move,Nallurhalli Nagar,2 BHK,1012.0,1.0,1.0,41.46,2,4146000.0,4096.837944664032
Super built-up  Area,Ready To Move,Yeshwanthpur,2 BHK,980.0,1.0,1.0,69.74,2,6973999.999999999,7116.326530612244
Super built-up  Area,19-May,Yelahanka,2 Bedroom,981.34,3.0,0.0,48.93,2,4893000.0,4986.039497014286
Super built-up  Area,Ready To Move,Sompura Main Road,3 BHK,2191.0,3.0,1.0,129.15,3,12915000.0,5894.568690095846
Super built-up  Area,Ready To Move,Hennur,2 BHK,874.18,2.0,2.0,60.58,2,6058000.0,6929.922899174084
Built-up  Area,Ready To Move,Btm Layout,2 Bedroom,1071.576,2.0,2.0,75.28,2,7528000.0,7025.166670399486
Built-up  Area,Ready To Move,Hennur,3 BHK,1556.1370229999998,4.0,2.0,91.56,3,9156000.0,5883.800632381716
Carpet  Area,Ready To Move,Yelahanka,3 BHK,2115.5,4.0,3.0,107.74,3,10774000.0,5092.8858425904045
Super built-up  Area,Ready To Move,Kanakapura Road,4 Bedroom,2547.0,3.0,0.0,95.68,4,9568000.0,3756.576364350216
Built-up  Area,Ready To Move,Yeshwanthpur,4 BHK,2475.5,5.0,1.0,134.48,4,13447999.999999998,5432.437891335083
Built-up  Area,19-Mar,Malleshwaram,3 Bedroom,1533.0,4.0,0.0,199.51,3,19951000.0,13014.350945857796
Super built-up  Area,Ready To Move,Indiranagar,3 BHK,2116.0,4.0,0.0,185.25,3,18525000.0,8754.725897920605
Super built-up  Area,Ready To Move,Varthur,3 BHK,1906.0,3.0,0.0,96.41,3,9641000.0,5058.237145855194
Super built-up  Area,Ready To Move,Bannerghatta Road,2 BHK,1295.0,3.0,2.0,54.09,2,5409000.0,4176.8339768339765
Built-up  Area,Ready To Move,Frazer Town,2 BHK,1079.0,2.0,2.0,96.13,2,9613000.0,8909.17516218721
Super built-up  Area,18-Dec,Whitefield Hope Farm Enclave,3 BHK,1924.0,4.0,0.0,115.16,3,11516000.0,5985.446985446985
Super built-up  Area,Ready To Move,Marathahalli,1 Bedroom,617.0,1.0,2.0,35.62,1,3561999.9999999995,5773.095623987033
Super built-up  Area,19-Mar,Marathahalli,4 BHK,1886.0,4.0,2.0,117.03,4,11703000.0,6205.196182396607
Carpet  Area,Ready To Move,Sarjapur Road,1 BHK,463.0,1.0,0.0,24.67,1,2467000.0,5328.29373650108
Super built-up  Area,18-Jun,Kanakapura Road,2 BHK,1028.016,3.0,2.0,52.84,2,5284000.0,5139.9978210455865
Super built-up  Area,Ready To Move,Jalahalli Gardens,3 BHK,2134.44,3.0,2.0,191.34,3,19134000.0,8964.412211165458
Built-up  Area,Ready To Move,Kengeri,4 BHK,2960.0,4.0,1.0,131.0,4,13100000.0,4425.675675675676
Super built-up  Area,18-Nov,Banashankari,2 BHK,1019.0,2.0,2.0,55.07,2,5507000.0,5404.317958783121
Super built-up  Area,Ready To Move,Basavanagudi,3 BHK,1579.05,4.0,0.0,146.09,3,14609000.0,9251.765301922042
Super built-up  Area,18-Jun,Bellandur,3 Bedroom,1591.5,4.0,0.0,108.08,3,10808000.0,6791.077599748664
Built-up  Area,Ready To Move,Sarjapur Road,4 BHK,2083.0,5.0,2.0,117.83,4,11783000.0,5656.745079212674
Built-up  Area,19-Aug,Varthur,2 Bedroom,1198.0,1.0,1.0,47.0,2,4700000.0,3923.205342237062
Super built-up  Area,Ready To Move,Banashankari,2 Bedroom,797.1,2.0,2.0,51.19,2,5119000.0,6422.029858236106
Built-up  Area,Ready To Move,Hebbal,2 BHK,904.0,1.0,0.0,63.07,2,6307000.0,6976.769911504425
Super built-up  Area,Ready To Move,Hsr Layout,1 Bedroom,639.0,1.0,2.0,55.82,1,5582000.0,8735.524256651017
Super built-up  Area,Ready To Move,Mahadevapura Phase 2,4 BHK,2570.04,5.0,1.0,123.09,4,12309000.0,4789.419619928095
Plot  Area,Ready To Move,Begur Gardens,4 BHK,2770.02,3.0,1.0,274.71,4,27470999.999999996,9917.256915112524
Super built-up  Area,19-Aug,Electronic City,2 Bedroom,948.0,3.0,3.0,39.49,2,3949000.0,4165.611814345992
Built-up  Area,Ready To Move,Bannerghatta Road,4 BHK,2709.0,4.0,2.0,116.26,4,11626000.0,4291.620524178664
Plot  Area,Ready To Move,Mahadevapura Nagar,2 BHK,1306.8,2.0,3.0,50.84,2,5084000.0,3890.4193449647996
Carpet  Area,19-May,Bannerghatta Road,1 BHK,675.0,1.0,2.0,27.83,1,2783000.0,4122.962962962963
Carpet  Area,Ready To Move,Anekal Stage 2,3 Bedroom,1849.0,4.0,2.0,87.39,3,8739000.0,4726.338561384532
Super built-up  Area,Ready To Move,Pattandur Agrahara Phase 2,1 BHK,663.0,1.0,1.0,36.06,1,3606000.0,5438.914027149322
Super built-up  Area,Ready To Move,Kaggadasapura Layout,5 BHK,3421.0,5.0,3.0,125.01,5,12501000.0,3654.1946799181524
Built-up  Area,19-Aug,Kaggadasapura Layout,1 BHK,396.5,1.0,1.0,15.41,1,1541000.0,3886.5069356872636
Super built-up  Area,Ready To Move,Hsr Layout,3 BHK,2077.0,3.0,2.0,145.74,3,14574000.0,7016.851227732306
Super built-up  Area,Ready To Move,Sompura Colony,3 BHK,1964.0,3.0,2.0,67.24,3,6723999.999999999,3423.625254582484
Super built-up  Area,Ready To Move,Koramangala,3 Bedroom,1590.82,3.0,1.0,196.53,3,19653000.0,12354.006110056449
Super built-up  Area,Ready To Move,Banashankari,2 BHK,1116.0,3.0,1.0,65.18,2,6518000.000000001,5840.501792114696
Built-up  Area,Ready To Move,Pattandur Agrahara Colony,4 BHK,1972.87,5.0,1.0,106.59,4,10659000.0,5402.788830485537
Super built-up  Area,Ready To Move,Sathanur Enclave,1 BHK,586.0,1.0,0.0,41.48,1,4147999.9999999995,7078.498293515358
Built-up  Area,18-Dec,Ambalipura Extension,3 BHK,1348.0,4.0,1.0,70.08,3,7008000.0,5198.813056379822
Built-up  Area,Ready To Move,Banashankari,2 BHK,1302.0,2.0,2.0,79.74,2,7973999.999999999,6124.4239631336395
Super built-up  Area,Ready To Move,Kaggadasapura Phase 2,3 BHK,2032.5,3.0,0.0,86.74,3,8674000.0,4267.650676506765
Super built-up  Area,Ready To Move,Hsr Layout,2 BHK,1006.03,3.0,1.0,82.77,2,8277000.0,8227.388845263064
Super built-up  Area,Ready To Move,Hebbal,1 BHK,750.5,1.0,2.0,50.4,1,5040000.0,6715.5229846768825
Super built-up  Area,Ready To Move,Marathahalli,3 BHK,1535.0,2.0,2.0,101.42,3,10142000.0,6607.166123778502
Super built-up  Area,Ready To Move,Mahadevapura Stage 2,2 BHK,985.92,2.0,2.0,99.8,2,9980000.0,10122.525154170724
Super built-up  Area,18-Nov,Dodballapur Road Phase 2,2 BHK,1206.0,2.0,2.0,101.8,2,10180000.0,8441.127694859038
Carpet  Area,Ready To Move,Domlur,3 Bedroom,1605.0,3.0,2.0,176.13,3,17613000.0,10973.831775700935
Super built-up  Area,Ready To Move,Banashankari,3 BHK,1673.0,3.0,3.0,98.92,3,9892000.0,5912.731619844591
Built-up  Area,Ready To Move,Uttarahalli,2 BHK,978.0,2.0,0.0,45.99,2,4599000.0,4702.453987730061
Super built-up  Area,Ready To Move,Whitefield,2 Bedroom,934.52,3.0,2.0,58.69,2,5869000.0,6280.2294225912765
Super built-up  Area,Ready To Move,Jp Nagar,5 Bedroom,2679.0,5.0,2.0,207.04,5,20704000.0,7728.256812243374
Super built-up  Area,Ready To Move,Whitefield,2 Bedroom,1272.0,1.0,2.0,69.36,2,6936000.0,5452.830188679245
Super built-up  Area,18-Nov,Yeshwanthpur,2 BHK,1202.87,2.0,3.0,79.55,2,7955000.0,6613.349738541988
Super built-up  Area,Ready To Move,Hsr Layout,2 BHK,1276.3080000000002,2.0,1.0,107.14,2,10714000.0,8394.525459371875
Super built-up  Area,Ready To Move,Bellandur,2 BHK,1162.0,2.0,2.0,69.02,2,6902000.0,5939.759036144578
Built-up  Area,Ready To Move,Yelahanka,2 BHK,1248.0,2.0,1.0,60.35,2,6035000.0,4835.73717948718
Super built-up  Area,Ready To Move,Jayanagar,2 BHK,1352.0,2.0,2.0,105.74,2,10574000.0,7821.005917159763
Super built-up  Area,Ready To Move,Horamavu Extension,2 BHK,944.0,3.0,2.0,59.73,2,5973000.0,6327.330508474576
Built-up  Area,Ready To Move,Attibele Cross,3 BHK,1525.0,3.0,2.0,47.12,3,4712000.0,3089.8360655737706
Super built-up  Area,Ready To Move,Malleshwaram,2 BHK,1246.65,2.0,1.0,151.28,2,15128000.0,12134.921589860825
Super built-up  Area,Ready To Move,Yeshwanthpur,2 BHK,1112.5,2.0,0.0,77.54,2,7754000.000000001,6969.8876404494395
Carpet  Area,18-Dec,Jp Nagar,1 BHK,458.0,2.0,0.0,29.34,1,2934000.0,6406.113537117904
Super built-up  Area,Ready To Move,Akshaya Nagar Layout,4 BHK,2592.5,4.0,2.0,239.74,4,23974000.0,9247.444551591128
Built-up  Area,18-Dec,Vijayanagar,2 BHK,1044.0,2.0,3.0,66.81,2,6681000.0,6399.425287356322
Super built-up  Area,Ready To Move,Nagavara Phase 1,2 BHK,999.1575,2.0,3.0,65.97,2,6597000.0,6602.562659040242
Built-up  Area,Ready To Move,Nagavara Enclave,4 BHK,2260.0,3.0,3.0,84.09,4,8409000.0,3720.7964601769913
Super built-up  Area,Ready To Move,Hebbal,4 BHK,2368.83,4.0,3.0,185.96,4,18596000.0,7850.288961217141
Super built-up  Area,Ready To Move,Nagarbhavi Extension,2 BHK,1222.0,1.0,0.0,103.65,2,10365000.0,8481.996726677578
Built-up  Area,18-Dec,Hennur,3 BHK,1916.64,2.0,1.0,113.99,3,11399000.0,5947.3870940813085
Super built-up  Area,19-Aug,Jayanagar,2 BHK,833.15,2.0,3.0,65.35,2,6534999.999999999,7843.725619636319
Super built-up  Area,Ready To Move,Koramangala,5 BHK,3094.28,5.0,1.0,335.13,5,33513000.0,10830.629419444911
Carpet  Area,Ready To Move,Frazer Town,3 BHK,1592.0,2.0,0.0,159.35,3,15935000.0,10009.422110552763
Built-up  Area,Ready To Move,Sarjapur Stage 2,3 BHK,1951.83,3.0,0.0,136.4,3,13640000.0,6988.313531403863
Super built-up  Area,Ready To Move,Devanahalli Gardens,3 Bedroom,1808.25,3.0,2.0,75.49,3,7548999.999999999,4174.754596986036
Built-up  Area,Ready To Move,Sarjapur Road,3 BHK,1392.0,2.0,0.0,68.77,3,6877000.0,4940.373563218391
Super built-up  Area,Ready To Move,Vijayanagar,3 BHK,1403.0,3.0,2.0,77.44,3,7744000.0,5519.60085531005
Carpet  Area,Ready To Move,Kumaraswamy Layout Stage 2,3 Bedroom,1537.0,2.0,1.0,138.96,3,13896000.0,9040.988939492518
Built-up  Area,19-Mar,Jp Nagar,2 BHK,1097.08,2.0,2.0,61.45,2,6145000.0,5601.232362270755
Super built-up  Area,Ready To Move,Basavanagudi,3 BHK,1454.0,4.0,1.0,122.39,3,12239000.0,8417.469050894086
Built-up  Area,18-Jun,Mahadevapura Stage 2,3 BHK,1688.0,3.0,0.0,164.84,3,16484000.0,9765.402843601896
Built-up  Area,Ready To Move,Ramamurthy Nagar Stage 2,2 BHK,1186.0,3.0,2.0,103.42,2,10342000.0,8720.067453625632
Super built-up  Area,19-Mar,Varthur,2 Bedroom,1341.0,2.0,2.0,56.65,2,5665000.0,4224.459358687546
Super built-up  Area,Ready To Move,Yelenahalli Township,2 BHK,1221.0,2.0,3.0,48.22,2,4822000.0,3949.221949221949
Super built-up  Area,Ready To Move,Other,2 Bedroom,1381.0,2.0,1.0,128.1,2,12810000.0,9275.887038377987
Built-up  Area,Ready To Move,Btm Layout,2 BHK,1009.76,3.0,2.0,70.97,2,7097000.0,7028.402788781493
Super built-up  Area,Ready To Move,Rajaji Nagar,4 BHK,1970.18,4.0,3.0,184.75,4,18475000.0,9377.315778253764
Super built-up  Area,Ready To Move,Pattandur Agrahara Colony,3 BHK,1938.0,3.0,2.0,120.31,3,12031000.0,6207.946336429309
Super built-up  Area,Ready To Move,Marathahalli,2 BHK,1422.0,2.0,0.0,86.47,2,8647000.0,6080.8720112517585
Super built-up  Area,Ready To Move,Gottigere Layout,3 BHK,2091.0,3.0,0.0,171.09,3,17109000.0,8182.209469153515
Super built-up  Area,Ready To Move,Vijayanagar,2 BHK,1286.0,2.0,1.0,80.52,2,8052000.0,6261.275272161742
Plot  Area,Ready To Move,Electronic City,2 BHK,1178.0,1.0,0.0,51.39,2,5139000.0,4362.478777589135
Built-up  Area,Ready To Move,Vidyaranyapura Extension,3 BHK,2176.67,3.0,0.0,127.8,3,12780000.0,5871.353948921977
Built-up  Area,19-Mar,Yelahanka,2 BHK,1351.0,2.0,0.0,72.73,2,7273000.0,5383.419689119171
Super built-up  Area,Ready To Move,Varthur,4 Bedroom,2178.0,4.0,1.0,105.69,4,10569000.0,4852.617079889807
Super built-up  Area,Ready To Move,Electronic City,1 BHK,721.0,1.0,1.0,27.03,1,2703000.0,3748.9597780859917
Carpet  Area,Ready To Move,Attibele Phase 1,2 BHK,1168.0,2.0,1.0,99.55,2,9955000.0,8523.116438356165
Built-up  Area,19-Aug,Nagavara Phase 1,3 BHK,1619.0,3.0,2.0,113.0,3,11300000.0,6979.617047560222
Super built-up  Area,Ready To Move,Sathanur Gardens,1 Bedroom,726.0,1.0,0.0,43.68,1,4368000.0,6016.528925619835
Super built-up  Area,Ready To Move,Jayanagar,4 BHK,1820.0,4.0,1.0,167.56,4,16756000.0,9206.593406593407
Built-up  Area,19-May,Btm Layout,2 BHK,1106.0,2.0,0.0,75.44,2,7544000.0,6820.976491862568
Super built-up  Area,Ready To Move,Whitefield,1 BHK,651.0,1.0,3.0,31.24,1,3124000.0,4798.771121351767
Carpet  Area,18-Jun,Whitefield Hope Farm Enclave,1 BHK,522.5,2.0,2.0,26.91,1,2691000.0,5150.239234449761
Super built-up  Area,18-Dec,Kengeri,2 Bedroom,1422.0,1.0,0.0,55.56,2,5556000.0,3907.1729957805906
Built-up  Area,Ready To Move,Rajaji Nagar,2 BHK,1251.72,2.0,1.0,121.39,2,12139000.0,9697.85575048733
Carpet  Area,Ready To Move,Pattandur Agrahara Phase 2,2 BHK,1097.85,3.0,0.0,60.02,2,6002000.0,5467.049232590974
Super built-up  Area,19-May,Whitefield,3 Bedroom,2005.5,3.0,0.0,108.23,3,10823000.0,5396.659187235104
Built-up  Area,Ready To Move,Electronic City,6 BHK,4062.0,6.0,3.0,193.0,6,19300000.0,4751.354012801576
Super built-up  Area,18-Nov,Uttarahalli,3 Bedroom,1357.0,3.0,1.0,59.54,3,5954000.0,4387.61974944731
Plot  Area,Ready To Move,Kengeri,5 BHK,3226.0,5.0,1.0,130.43,5,13043000.0,4043.087414755115
Super built-up  Area,Ready To Move,Singasandra Main Road,3 Bedroom,2003.0,3.0,0.0,138.57,3,13857000.0,6918.122815776335
Plot  Area,19-May,Koramangala,3 Bedroom,1470.15,2.0,0.0,197.44,3,19744000.0,13429.922116790804
Super built-up  Area,Ready To Move,Domlur,2 BHK,1283.3,1.0,0.0,150.12,2,15012000.0,11697.966180939766
Super built-up  Area,19-Aug,Whitefield Hope Farm Extension,4 BHK,2205.0,3.0,0.0,103.9,4,10390000.0,4712.018140589569
Carpet  Area,18-Dec,Marathahalli,1 BHK,449.63,1.0,2.0,22.88,1,2288000.0,5088.6284278184285
Built-up  Area,Ready To Move,Jp Nagar,2 BHK,978.0,3.0,0.0,75.06,2,7506000.0,7674.8466257668715
Super built-up  Area,Ready To Move,Btm Layout,2 Bedroom,1242.0,1.0,0.0,68.63,2,6863000.0,5525.764895330112
Super built-up  Area,19-Aug,Ramamurthy Nagar Cross,5 BHK,2793.5,5.0,0.0,173.79,5,17379000.0,6221.227850366923
Super built-up  Area,Ready To Move,Koramangala,2 BHK,992.0,1.0,2.0,107.81,2,10781000.0,10867.943548387097
Super built-up  Area,Ready To Move,Ramamurthy Nagar Cross,2 BHK,1020.6,3.0,0.0,59.29,2,5929000.0,5809.327846364883
Super built-up  Area,Ready To Move,Jp Nagar,1 BHK,614.0,1.0,0.0,36.55,1,3654999.9999999995,5952.768729641693
Plot  Area,Ready To Move,Jalahalli Gardens,2 BHK,1256.0,1.0,1.0,109.54,2,10954000.0,8721.337579617835
Super built-up  Area,19-May,Kadugodi Gardens,2 BHK,1007.0,2.0,1.0,44.69,2,4469000.0,4437.934458788481
Built-up  Area,Ready To Move,Frazer Town,3 BHK,1918.0,2.0,0.0,208.15,3,20815000.0,10852.45046923879
Built-up  Area,Ready To Move,Koramangala,2 BHK,1398.0,2.0,0.0,177.98,2,17798000.0,12731.0443490701
Super built-up  Area,Ready To Move,Whitefield,3 BHK,1700.0,2.0,2.0,92.28,3,9228000.0,5428.235294117647
Super built-up  Area,19-Mar,Singasandra Nagar,4 Bedroom,2392.0,4.0,2.0,216.49,4,21649000.0,9050.585284280936
Super built-up  Area,Ready To Move,Rt Nagar,4 BHK,2429.0,5.0,0.0,150.85,4,15085000.0,6210.374639769452
Super built-up  Area,Ready To Move,Rt Nagar,3 BHK,1376.056976,3.0,3.0,91.4,3,9140000.0,6642.16682841772
Super built-up  Area,Ready To Move,Btm Layout,5 BHK,3116.11,5.0,0.0,231.97,5,23197000.0,7444.217309401786
Built-up  Area,Ready To Move,Kanakapura Road,3 BHK,2130.0,4.0,1.0,96.08,3,9608000.0,4510.7981220657275
Super built-up  Area,Ready To Move,Hsr Layout,2 Bedroom,1252.35,1.0,1.0,109.0,2,10900000.0,8703.637162135186
Super built-up  Area,Ready To Move,Koramangala,1 BHK,653.0,1.0,3.0,78.25,1,7825000.0,11983.154670750382
Super built-up  Area,18-Jun,Kengeri,2 Bedroom,1248.0,3.0,1.0,51.0,2,5100000.0,4086.5384615384614
Super built-up  Area,Ready To Move,Vijayanagar,1 BHK,580.49,2.0,1.0,32.7,1,3270000.0000000005,5633.171975400093
Super built-up  Area,18-Jun,Cv Raman Nagar,2 Bedroom,1197.9,1.0,0.0,94.88,2,9488000.0,7920.527589949077
Super built-up  Area,Ready To Move,Cv Raman Nagar,3 Bedroom,1742.4,3.0,2.0,91.81,3,9181000.0,5269.16896235078
Super built-up  Area,Ready To Move,Domlur,5 BHK,2872.454354,5.0,3.0,276.45,5,27645000.0,9624.173822467641
Carpet  Area,Ready To Move,Varthur,1 BHK,598.5,1.0,2.0,20.79,1,2079000.0,3473.684210526316
Plot  Area,Ready To Move,Singasandra Extension,3 BHK,1527.0,3.0,1.0,131.75,3,13175000.0,8628.028814669286
Super built-up  Area,Ready To Move,Kumaraswamy Layout Phase 1,2 BHK,1388.0,1.0,2.0,72.67,2,7267000.0,5235.590778097982
Carpet  Area,Ready To Move,Yeshwanthpur,2 BHK,916.0,1.0,1.0,59.69,2,5969000.0,6516.375545851528
Built-up  Area,Ready To Move,Electronic City,2 BHK,1200.5,1.0,2.0,56.33,2,5633000.0,4692.2115785089545
Built-up  Area,Ready To Move,Kengeri,1 BHK,634.0,1.0,2.0,20.45,1,2045000.0,3225.5520504731862
Super built-up  Area,Ready To Move,Jp Nagar,3 BHK,2164.0,4.0,2.0,144.76,3,14476000.0,6689.463955637708
Super built-up  Area,Ready To Move,Kengeri,2 BHK,1214.0,2.0,1.0,42.94,2,4294000.0,3537.0675453047775
Super built-up  Area,Ready To Move,Kanakapura Road,3 BHK,1542.5,3.0,0.0,57.7,3,5770000.0,3740.680713128039
Built-up  Area,Ready To Move,Sarjapur Road,1 BHK,613.21,1.0,0.0,37.43,1,3743000.0,6103.944814989971
Carpet  Area,Ready To Move,Kaggadasapura Phase 2,3 Bedroom,1942.42,3.0,1.0,82.9,3,8290000.000000001,4267.872035913963
Super built-up  Area,Ready To Move,Sonnenahalli Block,3 BHK,1966.0,2.0,3.0,110.95,3,11095000.0,5643.438453713123
Super built-up  Area,19-Aug,Begur Gardens,3 BHK,1893.0,3.0,0.0,189.15,3,18915000.0,9992.076069730587
Super built-up  Area,Ready To Move,Dodballapur Road Phase 1,2 BHK,891.0,2.0,0.0,33.58,2,3358000.0,3768.7991021324356
Super built-up  Area,Ready To Move,Cv Raman Nagar,3 BHK,1464.0,2.0,3.0,98.01,3,9801000.0,6694.672131147541
Super built-up  Area,Ready To Move,Marathahalli,3 BHK,1620.29,3.0,1.0,79.82,3,7981999.999999999,4926.27862913429
Built-up  Area,18-Jun,Hsr Layout,2 BHK,1016.0,2.0,3.0,78.26,2,7826000.000000001,7702.755905511812
Carpet  Area,Ready To Move,Koramangala,2 BHK,1325.0,1.0,2.0,152.24,2,15224000.0,11489.811320754718
Super built-up  Area,Ready To Move,Uttarahalli,3 Bedroom,1280.0,4.0,1.0,57.08,3,5708000.0,4459.375
Super built-up  Area,Ready To Move,Btm Layout,3 BHK,1282.76,3.0,0.0,91.22,3,9122000.0,7111.228912657083
Super built-up  Area,Ready To Move,Attibele Phase 1,1 BHK,418.0,1.0,0.0,37.13,1,3713000.0000000005,8882.775119617227
Built-up  Area,Ready To Move,Bellandur,4 BHK,2764.0,4.0,2.0,166.18,4,16618000.0,6012.301013024602
Carpet  Area,Ready To Move,Kanakapura Road,1 BHK,773.1899999999999,2.0,2.0,30.95,1,3095000.0,4002.897088684541
Carpet  Area,19-Aug,Whitefield,3 Bedroom,1526.33,4.0,3.0,83.56,3,8356000.0,5474.5697195233015
Super built-up  Area,Ready To Move,Pattandur Agrahara Layout,3 BHK,1366.0,3.0,0.0,65.68,3,6568000.000000001,4808.199121522694
Super built-up  Area,Ready To Move,Varthur,2 Bedroom,913.0,2.0,1.0,37.53,2,3753000.0,4110.624315443592
Super built-up  Area,Ready To Move,Uttarahalli,3 BHK,1751.0,3.0,2.0,55.67,3,5567000.0,3179.3260993717877
Super built-up  Area,Ready To Move,Whitefield,3 BHK,1464.0,3.0,2.0,99.58,3,9958000.0,6801.912568306011
Built-up  Area,Ready To Move,Bellandur,4 BHK,2694.0,5.0,1.0,155.93,4,15593000.0,5788.047512991834
Super built-up  Area,19-Mar,Btm Layout,4 BHK,2035.5,3.0,1.0,145.37,4,14537000.0,7141.734217636944
Super built-up  Area,Ready To Move,Kr Puram,3 BHK,1333.0,2.0,1.0,66.36,3,6636000.0,4978.244561140285
Super built-up  Area,Ready To Move,Sarjapur Stage 2,2 BHK,1002.0,2.0,0.0,72.79,2,7279000.000000001,7264.471057884232
Built-up  Area,19-Mar,Marathahalli,2 Bedroom,1188.66,2.0,0.0,62.69,2,6269000.0,5274.006023589588
Super built-up  Area,Ready To Move,Whitefield,3 BHK,1267.34,3.0,1.0,83.48,3,8348000.0,6587.0247920842085
Plot  Area,19-May,Sonnenahalli Main Road,4 BHK,1856.0,4.0,1.0,165.14,4,16513999.999999998,8897.629310344826
Super built-up  Area,18-Dec,Yeshwanthpur,4 Bedroom,2514.01,4.0,2.0,137.64,4,13763999.999999998,5474.918556409878
Built-up  Area,Ready To Move,Yelenahalli Enclave,2 BHK,1184.832,2.0,3.0,86.1,2,8610000.0,7266.853022200615
Super built-up  Area,18-Dec,Kalyan Nagar Block,5 BHK,2399.0,6.0,1.0,202.88,5,20288000.0,8456.8570237599
Carpet  Area,Ready To Move,Sathanur Extension,2 BHK,1096.5,1.0,0.0,42.6,2,4260000.0,3885.0889192886457
Built-up  Area,Ready To Move,Sonnenahalli Block,2 Bedroom,1018.5,3.0,1.0,66.59,2,6659000.0,6538.046146293569
Plot  Area,Ready To Move,Nallurhalli Nagar,3 Bedroom,1372.0,3.0,0.0,53.35,3,5335000.0,3888.4839650145773
Carpet  Area,Ready To Move,Singasandra Extension,3 Bedroom,2111.0,3.0,0.0,164.12,3,16412000.0,7774.514448128849
Super built-up  Area,Ready To Move,Hennur,4 BHK,1944.0,4.0,0.0,102.64,4,10264000.0,5279.835390946502
Plot  Area,18-Dec,Bellandur,4 BHK,1990.57,5.0,1.0,123.54,4,12354000.0,6206.262527818665
Super built-up  Area,Ready To Move,Vasanthapura Extension,3 BHK,1883.0,3.0,1.0,159.13,3,15913000.0,8450.876261285182
Built-up  Area,Ready To Move,Sarjapur Road,4 BHK,2415.0,3.0,2.0,120.24,4,12024000.0,4978.88198757764
Super built-up  Area,Ready To Move,Whitefield Hope Farm Enclave,2 BHK,1277.0,3.0,1.0,68.67,2,6867000.0,5377.447141738449
Super built-up  Area,19-Mar,Bannerghatta Road,3 BHK,1504.0,4.0,1.0,68.57,3,6856999.999999999,4559.175531914893
Plot  Area,Ready To Move,Singasandra Nagar,3 BHK,1529.0,2.0,2.0,148.38,3,14838000.0,9704.381948986265
Carpet  Area,Ready To Move,Btm Layout,2 BHK,1020.0,2.0,0.0,73.61,2,7361000.0,7216.666666666667
Super built-up  Area,Ready To Move,Gottigere Township,2 BHK,1334.0,2.0,0.0,105.23,2,10523000.0,7888.305847076462
Super built-up  Area,18-Nov,Harlur Colony,3 BHK,1705.18,3.0,0.0,182.02,3,18202000.0,10674.532893888036
Built-up  Area,Ready To Move,Sarjapur Road,2 BHK,1117.55,2.0,2.0,59.95,2,5995000.0,5364.413225359044
Built-up  Area,Ready To Move,Yelahanka,2 BHK,826.0,2.0,1.0,38.12,2,3811999.9999999995,4615.01210653753
Super built-up  Area,Ready To Move,Vidyaranyapura Extension,4 BHK,2357.685,3.0,3.0,138.78,4,13878000.0,5886.282518657073
Super built-up  Area,Ready To Move,Hsr Layout,3 BHK,1435.89,3.0,1.0,105.57,3,10557000.0,7352.234502642959
Super built-up  Area,Ready To Move,Sarjapur Road,4 Bedroom,2151.0,4.0,2.0,135.28,4,13528000.0,6289.167828916783
Super built-up  Area,Ready To Move,Kengeri,3 BHK,1851.3,2.0,3.0,84.58,3,8458000.0,4568.681467077189
Super built-up  Area,Ready To Move,Yelahanka,3 BHK,1492.0,2.0,0.0,68.65,3,6865000.000000001,4601.206434316355
Plot  Area,Ready To Move,Mahadevapura Stage 2,2 Bedroom,1236.41,1.0,0.0,123.7,2,12370000.0,10004.771879878033
Carpet  Area,Ready To Move,Doddakannelli Enclave,3 BHK,1478.0,3.0,2.0,164.62,3,16462000.0,11138.024357239512
Super built-up  Area,Ready To Move,Electronic City,1 BHK,700.0,2.0,3.0,23.79,1,2379000.0,3398.5714285714284
Built-up  Area,Ready To Move,Vijayanagar,2 BHK,950.0,3.0,2.0,67.0,2,6700000.0,7052.631578947368
Super built-up  Area,18-Nov,Subramanyapura Stage 2,3 Bedroom,1982.8,3.0,2.0,91.67,3,9167000.0,4623.260036312286
Plot  Area,Ready To Move,Btm Layout,2 BHK,1067.44,2.0,0.0,80.18,2,8018000.000000001,7511.429213819981
Super built-up  Area,Ready To Move,Mahadevapura Nagar,4 BHK,2504.7000000000003,3.0,2.0,81.62,4,8162000.0,3258.673693456302
Carpet  Area,18-Jun,Btm Layout,2 Bedroom,1327.0,2.0,2.0,88.04,2,8804000.0,6634.513941220799
Super built-up  Area,Ready To Move,Btm Layout,4 BHK,2727.5,4.0,3.0,202.02,4,20202000.0,7406.782768102658
Built-up  Area,Ready To Move,Vasanthapura Nagar,3 BHK,1746.119858,3.0,2.0,86.0,3,8600000.0,4925.205999232156
Super built-up  Area,19-Mar,Bannerghatta Road,2 BHK,1466.0,3.0,0.0,78.46,2,7845999.999999999,5351.978171896316
Super built-up  Area,Ready To Move,Sarjapur Enclave,3 BHK,1800.0,2.0,3.0,62.76,3,6276000.0,3486.6666666666665
Super built-up  Area,Ready To Move,Uttarahalli,1 BHK,595.0,1.0,1.0,24.51,1,2451000.0,4119.327731092437
Built-up  Area,19-May,Jayanagar,2 BHK,1356.0,2.0,1.0,130.04,2,13004000.0,9589.970501474927
Super built-up  Area,Ready To Move,Btm Layout,2 Bedroom,1091.58,2.0,2.0,84.11,2,8411000.0,7705.344546437275
Plot  Area,18-Nov,Domlur,2 BHK,1296.0,2.0,2.0,125.2,2,12520000.0,9660.493827160493
Built-up  Area,Ready To Move,Yelenahalli Extension,2 BHK,821.09,2.0,0.0,42.5,2,4250000.0,5176.0464748078775
Built-up  Area,18-Nov,Gunjur Stage 2,1 BHK,656.0,1.0,2.0,70.76,1,7076000.000000001,10786.58536585366
Carpet  Area,Ready To Move,Sonnenahalli Main Road,4 BHK,1965.0,5.0,0.0,183.33,4,18333000.0,9329.770992366412
Super built-up  Area,Ready To Move,Vidyaranyapura Phase 2,2 BHK,1066.5,3.0,1.0,105.42,2,10542000.0,9884.66947960619
Built-up  Area,Ready To Move,Domlur,3 BHK,1598.0,2.0,1.0,150.27,3,15027000.000000002,9403.629536921153
Super built-up  Area,Ready To Move,Talaghattapura Stage 2,2 BHK,1562.0,1.0,1.0,156.49,2,15649000.0,10018.565941101153
Super built-up  Area,19-Aug,Sarjapur Enclave,2 BHK,1483.0,2.0,2.0,52.17,2,5217000.0,3517.8691840863116
Super built-up  Area,Ready To Move,Electronic City,3 BHK,1776.0,3.0,2.0,69.28,3,6928000.0,3900.900900900901
Super built-up  Area,Ready To Move,Malleshwaram,2 BHK,913.38,2.0,1.0,101.51,2,10151000.0,11113.665725108936
Built-up  Area,Ready To Move,Thanisandra Phase 1,4 BHK,2580.0,4.0,1.0,96.24,4,9624000.0,3730.232558139535
Built-up  Area,Ready To Move,Nallurhalli Township,4 BHK,2260.9,3.0,0.0,104.74,4,10474000.0,4632.668406386837
Carpet  Area,19-Mar,Whitefield,3 BHK,1742.4,3.0,2.0,100.55,3,10055000.0,5770.775941230487
Super built-up  Area,Ready To Move,Kadugodi Colony,1 BHK,589.0,2.0,0.0,28.95,1,2895000.0,4915.110356536503
Plot  Area,18-Jun,Jp Nagar,4 BHK,2692.29,4.0,2.0,185.51,4,18551000.0,6890.416708452655
Super built-up  Area,18-Jun,Sonnenahalli Stage 2,3 BHK,1769.5,3.0,3.0,179.08,3,17908000.0,10120.372986719412
Plot  Area,Ready To Move,Btm Layout,3 BHK,1664.0,2.0,1.0,120.21,3,12021000.0,7224.158653846154
Super built-up  Area,Ready To Move,Kaggadasapura Phase 2,2 BHK,973.34,2.0,2.0,51.23,2,5123000.0,5263.320114245793
Super built-up  Area,18-Jun,Basavanagudi,6 BHK,2632.0,7.0,1.0,285.14,6,28514000.0,10833.586626139817
Super built-up  Area,Ready To Move,Jayanagar,2 BHK,1375.0,2.0,2.0,122.18,2,12218000.0,8885.818181818182
Super built-up  Area,Ready To Move,Domlur,2 Bedroom,1182.0,2.0,1.0,118.41,2,11841000.0,10017.76649746193
Super built-up  Area,Ready To Move,Bellandur,2 BHK,1315.0,2.0,3.0,97.04,2,9704000.0,7379.467680608365
Built-up  Area,Ready To Move,Btm Layout,3 BHK,1819.21,3.0,0.0,115.91,3,11591000.0,6371.446946751612
Super built-up  Area,Ready To Move,Rt Nagar,2 BHK,1075.5,2.0,2.0,58.39,2,5839000.0,5429.102742910274
Carpet  Area,18-Nov,Jayanagar,3 BHK,1634.0,2.0,2.0,144.3,3,14430000.000000002,8831.08935128519
Built-up  Area,Ready To Move,Indiranagar,2 BHK,1107.69,2.0,3.0,160.81,2,16081000.0,14517.599689443798
Super built-up  Area,18-Nov,Basavanagudi,2 BHK,1287.0,2.0,2.0,116.9,2,11690000.0,9083.139083139084
Super built-up  Area,19-Aug,Electronic City,2 BHK,859.54,3.0,2.0,34.14,2,3414000.0,3971.891942201643
Super built-up  Area,Ready To Move,Varthur,2 Bedroom,807.0,2.0,1.0,36.61,2,3661000.0,4536.555142503098
Super built-up  Area,19-Mar,Yelahanka,3 BHK,1814.92,3.0,0.0,79.21,3,7920999.999999999,4364.379697176734
Super built-up  Area,Ready To Move,Hsr Layout,1 BHK,533.61,1.0,1.0,39.74,1,3974000.0,7447.386668165889
Super built-up  Area,Ready To Move,Whitefield,2 Bedroom,871.2,2.0,2.0,55.69,2,5569000.0,6392.332415059687
Plot  Area,Ready To Move,Hsr Layout,2 BHK,955.0,2.0,0.0,67.88,2,6788000.0,7107.853403141361
Super built-up  Area,Ready To Move,Yelahanka,2 BHK,1347.17,3.0,0.0,62.71,2,6271000.0,4654.943325638189
Super built-up  Area,Ready To Move,Bannerghatta Road,4 Bedroom,2613.0,5.0,2.0,126.03,4,12603000.0,4823.1917336394945
Super built-up  Area,Ready To Move,Pattandur Agrahara Colony,2 BHK,1401.5,1.0,1.0,82.49,2,8248999.999999999,5885.836603638958
Super built-up  Area,19-Mar,Jayanagar,2 BHK,1038.46,1.0,2.0,93.18,2,9318000.0,8972.902182077307
Super built-up  Area,Ready To Move,Banashankari,2 BHK,1046.0,3.0,2.0,77.63,2,7763000.0,7421.606118546845
Built-up  Area,Ready To Move,Sarjapur Stage 2,4 BHK,2358.0,4.0,0.0,166.98,4,16697999.999999998,7081.4249363867675
Super built-up  Area,19-Aug,Sompura Main Road,2 BHK,1127.0,3.0,1.0,60.36,2,6036000.0,5355.811889973381
Super built-up  Area,18-Dec,Hennur,2 BHK,1248.0,1.0,0.0,76.59,2,7659000.0,6137.0192307692305
Super built-up  Area,19-Mar,Kanakapura Road,2 BHK,1162.0,3.0,2.0,52.71,2,5271000.0,4536.144578313253
Super built-up  Area,Ready To Move,Subramanyapura Gardens,2 BHK,1348.5,2.0,1.0,138.56,2,13856000.0,10275.120504263998
Super built-up  Area,Ready To Move,Marathahalli,3 Bedroom,2074.21,4.0,2.0,119.84,3,11984000.0,5777.6213594573355
Super built-up  Area,Ready To Move,Yelahanka,3 BHK,2098.0,3.0,2.0,92.31,3,9231000.0,4399.904671115348
Super built-up  Area,Ready To Move,Banashankari,2 Bedroom,1346.5,1.0,2.0,68.95,2,6895000.0,5120.683252877831
Super built-up  Area,Ready To Move,Rt Nagar,3 Bedroom,2042.0,4.0,0.0,113.51,3,11351000.0,5558.765915768854
Plot  Area,Ready To Move,Kr Puram,2 BHK,1144.0,1.0,0.0,49.29,2,4929000.0,4308.566433566433
Built-up  Area,Ready To Move,Subramanyapura Gardens,2 BHK,1368.0,3.0,2.0,139.85,2,13985000.0,10222.95321637427
Super built-up  Area,Ready To Move,Domlur,4 BHK,1731.0,5.0,0.0,218.96,4,21896000.0,12649.335644136338
Plot  Area,Ready To Move,Electronic City,4 BHK,2651.0,3.0,2.0,100.36,4,10036000.0,3785.7412297246324
Super built-up  Area,18-Jun,Btm Layout,3 BHK,1754.0,4.0,2.0,104.96,3,10496000.0,5984.036488027366
Built-up  Area,Ready To Move,Hsr Layout,3 BHK,1778.0,3.0,0.0,142.57,3,14257000.0,8018.560179977503
Built-up  Area,19-Mar,Rajaji Nagar,4 Bedroom,1749.0,4.0,0.0,149.34,4,14934000.0,8538.593481989708
Super built-up  Area,18-Dec,Vijayanagar,2 BHK,1035.0,1.0,1.0,62.04,2,6204000.0,5994.202898550725
Super built-up  Area,18-Jun,Whitefield,3 BHK,1448.0,2.0,2.0,85.68,3,8568000.0,5917.1270718232045
Super built-up  Area,18-Jun,Devanahalli Nagar,2 BHK,910.0,1.0,2.0,49.61,2,4961000.0,5451.648351648351
Built-up  Area,Ready To Move,Yelahanka,2 BHK,970.0,2.0,0.0,43.5,2,4350000.0,4484.5360824742265
Built-up  Area,Ready To Move,Varthur,2 BHK,1053.0,2.0,3.0,44.41,2,4441000.0,4217.473884140551
Super built-up  Area,Ready To Move,Bannerghatta Road,2 Bedroom,1065.0,1.0,1.0,47.06,2,4706000.0,4418.779342723004
Built-up  Area,Ready To Move,Nallurhalli Nagar,2 BHK,1267.5,2.0,3.0,46.31,2,4631000.0,3653.6489151873766
Super built-up  Area,Ready To Move,Frazer Town,3 BHK,1910.0,3.0,2.0,193.79,3,19379000.0,10146.073298429319
Built-up  Area,Ready To Move,Kr Puram,2 BHK,1460.5,2.0,1.0,64.77,2,6477000.0,4434.782608695652
Super built-up  Area,19-May,Indiranagar,4 BHK,1840.4099999999999,5.0,0.0,210.89,4,21089000.0,11458.859710607963
Super built-up  Area,Ready To Move,Electronic City,5 BHK,2489.0,4.0,2.0,119.32,5,11932000.0,4793.893129770992
Built-up  Area,Ready To Move,Malleshwaram,2 BHK,1210.98,1.0,2.0,123.05,2,12305000.0,10161.191762043964
Built-up  Area,19-Aug,Btm Layout,1 Bedroom,490.0,1.0,0.0,27.17,1,2717000.0,5544.897959183673
Super built-up  Area,Ready To Move,Frazer Town,1 BHK,660.0,1.0,1.0,54.35,1,5435000.0,8234.848484848484
Super built-up  Area,Ready To Move,Rajaji Nagar,4 BHK,2099.0,4.0,1.0,190.96,4,19096000.0,9097.665555026202
Super built-up  Area,Ready To Move,Hebbal,2 Bedroom,1264.0,2.0,2.0,92.05,2,9205000.0,7282.43670886076
Super built-up  Area,Ready To Move,Devanahalli Stage 2,3 BHK,1348.0,2.0,1.0,58.73,3,5873000.0,4356.824925816024
Super built-up  Area,Ready To Move,Whitefield,2 BHK,1250.0,2.0,2.0,85.12,2,8512000.0,6809.6
Built-up  Area,19-Mar,Kr Puram,3 BHK,2028.0,4.0,1.0,87.1,3,8710000.0,4294.871794871795
Super built-up  Area,Ready To Move,Jp Nagar,2 BHK,919.0,2.0,1.0,68.39,2,6839000.0,7441.784548422198
Built-up  Area,Ready To Move,Nagarbhavi Main Road,4 BHK,2370.29,4.0,2.0,102.14,4,10214000.0,4309.177358044796
Super built-up  Area,Ready To Move,Electronic City,1 BHK,524.0,1.0,3.0,24.27,1,2427000.0,4631.679389312977
Built-up  Area,Ready To Move,Bannerghatta Road,3 BHK,1924.0,4.0,0.0,94.34,3,9434000.0,4903.326403326403
Super built-up  Area,Ready To Move,Uttarahalli,4 BHK,2225.5,4.0,2.0,85.21,4,8521000.0,3828.8025162884746
Plot  Area,19-May,Banashankari,4 Bedroom,1768.5359999999998,5.0,1.0,120.05,4,12005000.0,6788.100440138059
Plot  Area,Ready To Move,Hebbal,1 BHK,426.0,2.0,1.0,28.71,1,2871000.0,6739.43661971831
Built-up  Area,19-Mar,Basavanagudi,2 BHK,1347.0,3.0,1.0,101.33,2,10133000.0,7522.64291017075
Plot  Area,19-Mar,Whitefield,3 BHK,1799.028,3.0,2.0,100.73,3,10073000.0,5599.134643818773
Built-up  Area,19-Mar,Kumaraswamy Layout Phase 1,3 BHK,1906.99,3.0,2.0,114.36,3,11436000.0,5996.88514360327
Super built-up  Area,19-Mar,Kengeri,3 BHK,1491.0,2.0,2.0,58.11,3,5811000.0,3897.38430583501
Super built-up  Area,19-Aug,Sarjapur Road,3 BHK,2048.0,3.0,3.0,94.37,3,9437000.0,4607.91015625
Carpet  Area,Ready To Move,Cv Raman Nagar,4 BHK,2004.44,4.0,0.0,145.56,4,14556000.0,7261.878629442637
Super built-up  Area,18-Jun,Bannerghatta Road,2 Bedroom,1122.64,2.0,3.0,52.76,2,5276000.0,4699.636570939927
Super built-up  Area,Ready To Move,Nagarbhavi Colony,2 BHK,1079.0,3.0,1.0,51.97,2,5197000.0,4816.496756255792
Super built-up  Area,19-Aug,Whitefield Hope Farm Extension,2 BHK,1416.0,2.0,0.0,72.98,2,7298000.0,5153.954802259887
Built-up  Area,Ready To Move,Frazer Town,5 BHK,2175.35,5.0,0.0,226.72,5,22672000.0,10422.230905371549
Super built-up  Area,Ready To Move,Yelenahalli Layout,1 Bedroom,509.0,1.0,1.0,24.46,1,2446000.0,4805.500982318271
Built-up  Area,Ready To Move,Frazer Town,2 BHK,1037.0,2.0,0.0,99.19,2,9919000.0,9565.091610414658
Super built-up  Area,Ready To Move,Sarjapur Road,1 BHK,577.0,1.0,0.0,39.07,1,3907000.0,6771.230502599653
Super built-up  Area,Ready To Move,Bellandur,2 BHK,1241.46,3.0,1.0,82.62,2,8262000.0,6655.06742061766
Plot  Area,Ready To Move,Hebbal,5 BHK,3517.0,4.0,1.0,225.96,5,22596000.0,6424.793858402048
Plot  Area,19-Aug,Kr Puram,2 BHK,1322.39,2.0,2.0,71.82,2,7181999.999999999,5431.075552597947
Super built-up  Area,Ready To Move,Btm Layout,2 BHK,1368.5,2.0,0.0,92.89,2,9289000.0,6787.72378516624
Plot  Area,Ready To Move,Jalahalli Gardens,2 BHK,834.0,2.0,1.0,78.64,2,7864000.0,9429.25659472422
Plot  Area,Ready To Move,Subramanyapura Gardens,2 BHK,815.0,2.0,1.0,76.95,2,7695000.0,9441.717791411043
Super built-up  Area,Ready To Move,Jp Nagar,3 BHK,1558.0,3.0,2.0,96.85,3,9685000.0,6216.302952503209
Built-up  Area,Ready To Move,Yelahanka,3 BHK,1680.0,3.0,2.0,83.11,3,8311000.0,4947.023809523809
Super built-up  Area,Ready To Move,Rt Nagar,3 Bedroom,1446.5,3.0,2.0,85.52,3,8552000.0,5912.20186657449
Super built-up  Area,Ready To Move,Uttarahalli,3 BHK,1819.0,3.0,0.0,67.97,3,6797000.0,3736.668499175371
Built-up  Area,Ready To Move,Horamavu Nagar,2 Bedroom,1265.0,2.0,3.0,53.72,2,5372000.0,4246.640316205534
Super built-up  Area,19-May,Sarjapur Road,3 BHK,1684.0,3.0,0.0,75.86,3,7586000.0,4504.750593824228
Super built-up  Area,Ready To Move,Jp Nagar,1 BHK,583.0,1.0,1.0,39.11,1,3911000.0,6708.404802744425
Built-up  Area,Ready To Move,Vasanthapura Extension,2 Bedroom,1024.0,2.0,2.0,108.18,2,10818000.0,10564.453125
Super built-up  Area,Ready To Move,Indiranagar,2 BHK,1193.0,3.0,2.0,137.66,2,13766000.0,11538.977367979882
Built-up  Area,Ready To Move,Kr Puram,1 BHK,821.0,1.0,1.0,34.48,1,3447999.9999999995,4199.756394640682
Super built-up  Area,Ready To Move,Hsr Layout,2 BHK,1299.03,3.0,3.0,101.26,2,10126000.0,7795.047073585675
Super built-up  Area,Ready To Move,Btm Layout,2 BHK,1099.89,3.0,0.0,63.53,2,6353000.0,5776.032148669412
Built-up  Area,Ready To Move,Domlur,1 BHK,423.0,1.0,1.0,48.08,1,4808000.0,11366.430260047282
Super built-up  Area,Ready To Move,Other,3 BHK,1937.502,4.0,1.0,154.2,3,15419999.999999998,7958.701461985587
Super built-up  Area,Ready To Move,Whitefield,2 BHK,1372.14,1.0,2.0,68.93,2,6893000.000000001,5023.539872024721
Super built-up  Area,Ready To Move,Jp Nagar,2 BHK,1305.0,2.0,2.0,82.51,2,8251000.000000001,6322.605363984675
Plot  Area,Ready To Move,Malleshwaram,3 BHK,1554.0,3.0,0.0,166.59,3,16659000.0,10720.07722007722
Plot  Area,Ready To Move,Talaghattapura Main Road,3 BHK,2033.0,3.0,2.0,107.44,3,10744000.0,5284.800787014265
Built-up  Area,Ready To Move,Gottigere Layout,2 BHK,1306.8,2.0,1.0,126.6,2,12660000.0,9687.786960514233
Plot  Area,19-Aug,Hebbal,2 BHK,1177.0,3.0,0.0,92.08,2,9208000.0,7823.279524214104
Super built-up  Area,19-May,Sompura Main Road,4 Bedroom,2657.5,4.0,2.0,170.02,4,17002000.0,6397.742238946378
Super built-up  Area,Ready To Move,Varthur,4 Bedroom,2394.0,5.0,2.0,118.5,4,11850000.0,4949.874686716792
Super built-up  Area,Ready To Move,Nagarbhavi Colony,2 BHK,1058.0,3.0,3.0,46.61,2,4661000.0,4405.482041587902
Super built-up  Area,Ready To Move,Cv Raman Nagar,5 BHK,2162.0,5.0,0.0,164.97,5,16497000.0,7630.434782608696
Built-up  Area,Ready To Move,Munnekollal Phase 2,1 BHK,485.128973,1.0,2.0,17.81,1,1780999.9999999998,3671.188692331513
Carpet  Area,19-Mar,Rt Nagar,3 BHK,1546.3799999999999,2.0,1.0,86.1,3,8610000.0,5567.842315601599
Carpet  Area,Ready To Move,Subramanyapura Gardens,2 BHK,1340.0,1.0,2.0,133.58,2,13358000.000000002,9968.656716417912
Carpet  Area,Ready To Move,Haralur Road Block,3 BHK,2178.0,3.0,1.0,216.99,3,21699000.0,9962.809917355371
Carpet  Area,19-May,Begur Gardens,2 BHK,889.78,2.0,3.0,98.22,2,9822000.0,11038.68371957113
Super built-up  Area,Ready To Move,Sathanur Gardens,2 BHK,863.0325,2.0,0.0,47.14,2,4714000.0,5462.1349717420835
Super built-up  Area,Ready To Move,Btm Layout,2 BHK,1202.11,3.0,1.0,72.52,2,7252000.0,6032.725790485064
Super built-up  Area,Ready To Move,Subramanyapura Gardens,1 Bedroom,594.0,2.0,2.0,51.58,1,5158000.0,8683.501683501683
Super built-up  Area,Ready To Move,Electronic City,2 Bedroom,1412.71,1.0,2.0,54.56,2,5456000.0,3862.080681810138
Built-up  Area,Ready To Move,Sarjapur Road,3 BHK,1979.0,4.0,2.0,100.8,3,10080000.0,5093.481556341587
Built-up  Area,Ready To Move,Jp Nagar,1 BHK,728.0,1.0,1.0,47.92,1,4792000.0,6582.417582417583
Super built-up  Area,Ready To Move,Koramangala,3 BHK,1522.89,4.0,0.0,179.16,3,17916000.0,11764.474124854716
Plot  Area,Ready To Move,Haralur Road Block,1 BHK,628.0,1.0,0.0,61.44,1,6144000.0,9783.43949044586
Super built-up  Area,19-Mar,Bannerghatta Road,3 BHK,1334.0,4.0,0.0,67.77,3,6777000.0,5080.209895052474
Super built-up  Area,19-Aug,Ramamurthy Nagar Extension,2 BHK,1058.0,2.0,3.0,39.9,2,3990000.0,3771.2665406427222
Built-up  Area,Ready To Move,Jayanagar,3 Bedroom,2097.0,2.0,1.0,223.26,3,22326000.0,10646.638054363377
Super built-up  Area,18-Nov,Chandapura Extension,3 BHK,2019.0,4.0,1.0,234.44,3,23444000.0,11611.688954928182
Carpet  Area,Ready To Move,Yelahanka,3 Bedroom,1401.0,3.0,1.0,62.62,3,6262000.0,4469.664525339043
Built-up  Area,Ready To Move,Kumaraswamy Layout Phase 1,2 BHK,1120.73,2.0,2.0,58.68,2,5868000.0,5235.873047031845
Built-up  Area,Ready To Move,Other,2 BHK,967.0,2.0,2.0,80.78,2,8078000.0,8353.67114788004
Super built-up  Area,Ready To Move,Jayanagar,3 BHK,2248.0,2.0,2.0,223.74,3,22374000.0,9952.846975088967
Built-up  Area,19-Aug,Whitefield,3 Bedroom,1991.0,3.0,0.0,118.22,3,11822000.0,5937.719738824711
Super built-up  Area,Ready To Move,Anekal Phase 1,2 BHK,1218.0,2.0,1.0,125.41,2,12541000.0,10296.387520525452
Super built-up  Area,18-Dec,Yelahanka,2 BHK,1003.0,2.0,3.0,45.63,2,4563000.0,4549.351944167497
Super built-up  Area,Ready To Move,Bannerghatta Road,4 Bedroom,1842.97,3.0,1.0,94.99,4,9499000.0,5154.180480420191
Built-up  Area,19-Mar,Ambalipura Phase 2,3 BHK,1666.22,3.0,2.0,143.45,3,14344999.999999998,8609.307294354885
Built-up  Area,Ready To Move,Yeshwanthpur,2 BHK,1070.06,2.0,1.0,60.11,2,6011000.0,5617.442012597425
Plot  Area,Ready To Move,Yelenahalli Township,2 BHK,1272.75,1.0,1.0,51.13,2,5113000.0,4017.2854056177566
Carpet  Area,Ready To Move,Hennur,3 BHK,2001.0,3.0,3.0,131.41,3,13141000.0,6567.216391804098
Super built-up  Area,Ready To Move,Nallurhalli Main Road,3 Bedroom,1651.0,2.0,1.0,119.45,3,11945000.0,7235.009085402786
Super built-up  Area,Ready To Move,Bannerghatta Road,2 BHK,1316.38,3.0,1.0,65.03,2,6503000.0,4940.062899770583
Built-up  Area,Ready To Move,Basavanagudi,2 BHK,1305.6,1.0,0.0,122.08,2,12208000.0,9350.490196078432
Super built-up  Area,Ready To Move,Hennur,2 BHK,1520.37,1.0,2.0,102.18,2,10218000.0,6720.732453284399
Carpet  Area,Ready To Move,Yelenahalli Enclave,2 BHK,1432.0,1.0,2.0,107.45,2,10745000.0,7503.491620111732
Built-up  Area,19-May,Kanakapura Road,1 BHK,525.0,2.0,0.0,23.47,1,2347000.0,4470.476190476191
Super built-up  Area,Ready To Move,Marathahalli,3 BHK,2009.0,3.0,1.0,110.41,3,11041000.0,5495.769039323046
Super built-up  Area,Ready To Move,Whitefield,2 BHK,998.25,2.0,1.0,48.58,2,4858000.0,4866.516403706486
Built-up  Area,Ready To Move,Yelahanka,2 BHK,756.8549999999999,2.0,2.0,34.55,2,3454999.9999999995,4564.943086852832
Super built-up  Area,Ready To Move,Kr Puram,2 BHK,1260.022134,3.0,1.0,67.5,2,6750000.0,5357.048751653119
Super built-up  Area,18-Jun,Indiranagar,3 BHK,1968.8249489999998,3.0,0.0,277.96,3,27795999.999999996,14118.065709253666
Super built-up  Area,18-Jun,Bellandur,3 BHK,1525.15,3.0,1.0,109.55,3,10955000.0,7182.900042618759
Super built-up  Area,Ready To Move,Electronic City,2 BHK,1108.0,3.0,1.0,49.0,2,4900000.0,4422.382671480144
Built-up  Area,Ready To Move,Haralur Road Block,3 BHK,1609.0,3.0,1.0,152.85,3,15285000.0,9499.689247980112
Built-up  Area,19-Aug,Jalahalli Block,3 Bedroom,1700.05,3.0,2.0,98.4,3,9840000.0,5788.065056910091
Super built-up  Area,Ready To Move,Hsr Layout,3 Bedroom,1742.4,3.0,2.0,121.57,3,12157000.0,6977.157943067034
Super built-up  Area,Ready To Move,Banashankari,3 BHK,1877.0,3.0,2.0,125.98,3,12598000.0,6711.77410761854
Super built-up  Area,19-Aug,Talaghattapura Stage 2,4 BHK,2172.0,4.0,3.0,197.92,4,19792000.0,9112.338858195211
Built-up  Area,Ready To Move,Ramamurthy Nagar Stage 2,2 BHK,1415.0,1.0,2.0,131.74,2,13174000.0,9310.247349823321
Built-up  Area,18-Nov,Electronic City,4 BHK,2189.0,4.0,0.0,89.33,4,8933000.0,4080.8588396528094
Super built-up  Area,18-Dec,Koramangala,2 BHK,1189.0,3.0,3.0,152.08,2,15208000.000000002,12790.580319596302
Super built-up  Area,Ready To Move,Bellandur,2 Bedroom,1142.0,2.0,1.0,79.18,2,7918000.000000001,6933.450087565675
Super built-up  Area,19-Mar,Basavanagudi,4 BHK,2112.0,5.0,2.0,182.96,4,18296000.0,8662.878787878788
Plot  Area,Ready To Move,Kaggadasapura Block,2 BHK,1371.25,2.0,1.0,98.31,2,9831000.0,7169.371011850501
Super built-up  Area,Ready To Move,Marathahalli,2 Bedroom,904.0,2.0,0.0,54.57,2,5457000.0,6036.504424778761
Super built-up  Area,Ready To Move,Whitefield,2 BHK,1030.0,2.0,3.0,56.17,2,5617000.0,5453.398058252427
Built-up  Area,Ready To Move,Marathahalli,3 BHK,1298.0,3.0,1.0,94.75,3,9475000.0,7299.691833590138
Super built-up  Area,Ready To Move,Basavanagudi,3 BHK,2112.0,4.0,1.0,207.18,3,20718000.0,9809.65909090909
Super built-up  Area,Ready To Move,Sathanur Gardens,2 BHK,1037.0,1.0,0.0,49.08,2,4908000.0,4732.88331726133
Super built-up  Area,Ready To Move,Bellandur,3 BHK,1689.0,4.0,2.0,106.52,3,10652000.0,6306.690349319124
Super built-up  Area,18-Dec,Electronic City,1 BHK,742.0,2.0,0.0,29.28,1,2928000.0,3946.091644204852
Super built-up  Area,Ready To Move,Kr Puram,2 Bedroom,1118.9475,2.0,3.0,53.37,2,5337000.0,4769.660774969335
Super built-up  Area,Ready To Move,Cv Raman Nagar,2 BHK,908.5,2.0,1.0,71.49,2,7148999.999999999,7869.014859658777
Built-up  Area,Ready To Move,Btm Layout,1 BHK,575.761011,1.0,1.0,37.44,1,3744000.0,6502.698043928507
Super built-up  Area,Ready To Move,Bellandur,2 BHK,1211.5125,3.0,3.0,81.81,2,8181000.0,6752.716129631349
Carpet  Area,19-May,Attibele Phase 1,3 Bedroom,2104.0,4.0,0.0,177.16,3,17716000.0,8420.152091254753
Super built-up  Area,Ready To Move,Varthur,2 BHK,1128.0,1.0,1.0,50.07,2,5007000.0,4438.829787234043
Built-up  Area,Ready To Move,Harlur Nagar,2 BHK,1306.8,2.0,2.0,119.44,2,11944000.0,9139.88368533823
Built-up  Area,Ready To Move,Electronic City,2 BHK,1093.0,1.0,3.0,52.98,2,5298000.0,4847.209515096066
Built-up  Area,Ready To Move,Sarjapur Road,2 BHK,1410.85,2.0,2.0,76.82,2,7681999.999999999,5444.944536981252
Super built-up  Area,Ready To Move,Electronic City,3 BHK,1426.5900000000001,3.0,2.0,49.13,3,4913000.0,3443.876656923152
Plot  Area,Ready To Move,Vijayanagar,2 BHK,953.8,2.0,1.0,59.45,2,5945000.0,6232.962885300902
Super built-up  Area,Ready To Move,Mahadevapura Stage 2,3 BHK,2250.0,3.0,0.0,239.37,3,23937000.0,10638.666666666666
Super built-up  Area,18-Jun,Btm Layout,4 BHK,2443.7160000000003,3.0,1.0,122.83,4,12283000.0,5026.361492088278
Super built-up  Area,Ready To Move,Domlur,4 BHK,2262.0,3.0,0.0,206.05,4,20605000.0,9109.19540229885
Built-up  Area,Ready To Move,Bannerghatta Road,4 BHK,1679.0,4.0,2.0,87.44,4,8744000.0,5207.8618225134005
Super built-up  Area,Ready To Move,Sompura Colony,2 BHK,1006.55,3.0,1.0,36.14,2,3614000.0,3590.4823406686205
Super built-up  Area,Ready To Move,Other,2 BHK,800.48,3.0,1.0,42.49,2,4249000.0,5308.065160903458
Built-up  Area,Ready To Move,Anekal Stage 2,4 BHK,2341.0,5.0,2.0,109.26,4,10926000.0,4667.236223835967
Super built-up  Area,Ready To Move,Jayanagar,3 BHK,1434.0,3.0,2.0,148.64,3,14863999.999999998,10365.411436541142
Super built-up  Area,Ready To Move,Nallurhalli Township,2 BHK,1295.0,3.0,0.0,61.34,2,6134000.0,4736.679536679537
Super built-up  Area,18-Nov,Sarjapur Road,3 BHK,1337.5,3.0,3.0,72.77,3,7277000.0,5440.747663551402
Plot  Area,Ready To Move,Domlur,3 BHK,1616.5,3.0,1.0,197.77,3,19777000.0,12234.457160532014
Super built-up  Area,Ready To Move,Haralur Road Block,2 Bedroom,1278.0,2.0,1.0,131.96,2,13196000.0,10325.508607198748
Super built-up  Area,Ready To Move,Sarjapur Road,3 BHK,1860.0,3.0,2.0,104.23,3,10423000.0,5603.763440860215
Built-up  Area,Ready To Move,Malleshwaram,2 BHK,1491.0,2.0,1.0,143.29,2,14329000.0,9610.328638497653
Super built-up  Area,Ready To Move,Uttarahalli,2 BHK,1164.0,1.0,2.0,44.58,2,4458000.0,3829.896907216495
Built-up  Area,Ready To Move,Nagavara Phase 2,2 BHK,1259.0,2.0,2.0,67.05,2,6705000.0,5325.655281969817
Plot  Area,Ready To Move,Singasandra Nagar,2 BHK,982.12,1.0,2.0,78.84,2,7884000.0,8027.532277114813
Built-up  Area,Ready To Move,Thanisandra Phase 1,2 Bedroom,1105.3349999999998,2.0,2.0,39.53,2,3953000.0,3576.291350586022
Super built-up  Area,Ready To Move,Jp Nagar,2 BHK,1069.8,3.0,3.0,70.66,2,7066000.0,6604.97289212937
Super built-up  Area,Ready To Move,Kr Puram,5 Bedroom,2410.0,6.0,0.0,131.44,5,13144000.0,5453.941908713693
Built-up  Area,Ready To Move,Koramangala,3 BHK,1886.17,2.0,0.0,260.16,3,26016000.000000004,13793.030320702801
Built-up  Area,Ready To Move,Vidyaranyapura Extension,1 BHK,722.0,2.0,3.0,38.72,1,3872000.0,5362.880886426593
Plot  Area,Ready To Move,Electronic City,2 BHK,929.0,2.0,1.0,43.26,2,4326000.0,4656.620021528525
Built-up  Area,Ready To Move,Whitefield,2 Bedroom,1276.65,2.0,1.0,72.33,2,7233000.0,5665.6092116085065
Super built-up  Area,18-Nov,Devanahalli Extension,2 Bedroom,1030.0,1.0,1.0,100.14,2,10014000.0,9722.330097087379
Super built-up  Area,19-May,Vasanthapura Phase 1,4 BHK,1893.94,4.0,0.0,181.45,4,18145000.0,9580.55693422178
Super built-up  Area,Ready To Move,Kaggadasapura Phase 2,3 BHK,1916.0,2.0,0.0,95.94,3,9594000.0,5007.306889352818
Built-up  Area,18-Jun,Uttarahalli,1 BHK,693.0,1.0,3.0,25.15,1,2515000.0,3629.148629148629
Built-up  Area,Ready To Move,Koramangala,2 BHK,1299.27,2.0,0.0,140.88,2,14088000.0,10843.011845113026
Super built-up  Area,Ready To Move,Sarjapur Road,3 BHK,1342.1924999999999,2.0,1.0,64.49,3,6448999.999999999,4804.824941280777
Super built-up  Area,Ready To Move,Whitefield,2 BHK,1289.0,1.0,3.0,86.4,2,8640000.0,6702.870442203259
Built-up  Area,Ready To Move,Sarjapur Road,4 BHK,2574.96,4.0,2.0,138.39,4,13838999.999999998,5374.452418678347
Carpet  Area,Ready To Move,Jayanagar,2 BHK,1268.77,2.0,3.0,100.19,2,10019000.0,7896.62428966637
Super built-up  Area,Ready To Move,Hennur,2 BHK,1253.0,2.0,0.0,72.52,2,7252000.0,5787.709497206704
Built-up  Area,Ready To Move,Bellandur,2 BHK,1136.0,3.0,2.0,86.64,2,8664000.0,7626.760563380281
Super built-up  Area,Ready To Move,Rajaji Nagar,5 BHK,2792.0,5.0,2.0,268.2,5,26820000.0,9606.017191977078
Super built-up  Area,Ready To Move,Chandapura Extension,2 BHK,1289.7,2.0,1.0,126.32,2,12632000.0,9794.525858726834
Super built-up  Area,18-Jun,Varthur,1 Bedroom,443.7675,1.0,0.0,21.87,1,2187000.0,4928.256350453785
Super built-up  Area,Ready To Move,Thanisandra Phase 1,3 Bedroom,1302.0,3.0,2.0,49.43,3,4943000.0,3796.4669738863286
Plot  Area,18-Nov,Yelenahalli Township,2 BHK,947.43,2.0,1.0,41.71,2,4171000.0,4402.43606387807
Carpet  Area,19-May,Varthur,3 BHK,1503.72,3.0,0.0,66.7,3,6670000.0,4435.666214454819
Carpet  Area,19-Mar,Bannerghatta Road,3 Bedroom,2032.07,3.0,2.0,83.61,3,8361000.0,4114.523613851885
Super built-up  Area,Ready To Move,Thanisandra Phase 1,1 BHK,671.0,1.0,0.0,23.69,1,2369000.0,3530.5514157973175
Built-up  Area,Ready To Move,Sathanur Enclave,1 BHK,606.39,1.0,2.0,36.46,1,3646000.0,6012.632134434934
Carpet  Area,Ready To Move,Banashankari,2 Bedroom,1308.0,1.0,2.0,63.35,2,6335000.0,4843.272171253822
Built-up  Area,Ready To Move,Rajaji Nagar,2 BHK,1015.59,2.0,0.0,90.06,2,9006000.0,8867.751750214162
Plot  Area,Ready To Move,Varthur,3 BHK,1798.0,3.0,3.0,76.42,3,7642000.0,4250.27808676307
Super built-up  Area,Ready To Move,Nagarbhavi Extension,2 BHK,1056.33,2.0,3.0,79.36,2,7936000.0,7512.803763975274
Built-up  Area,Ready To Move,Horamavu Block,3 BHK,1874.0,3.0,1.0,213.21,3,21321000.0,11377.26787620064
Plot  Area,Ready To Move,Cv Raman Nagar,2 BHK,983.0,1.0,2.0,75.24,2,7523999.999999999,7654.120040691759
Super built-up  Area,Ready To Move,Dodballapur Road Gardens,3 BHK,2130.33,4.0,0.0,146.47,3,14647000.0,6875.460609389156
Super built-up  Area,Ready To Move,Hsr Layout,4 BHK,2761.704,4.0,3.0,231.65,4,23165000.0,8387.937302477021
Built-up  Area,19-Aug,Devanahalli Stage 2,3 BHK,1437.48,3.0,1.0,70.2,3,7020000.0,4883.546205860255
Super built-up  Area,Ready To Move,Hsr Layout,3 BHK,1456.140392,3.0,2.0,117.24,3,11724000.0,8051.421459367086
Built-up  Area,18-Dec,Jalahalli Block,3 BHK,2045.35,3.0,0.0,144.99,3,14499000.0,7088.762314518298
Built-up  Area,Ready To Move,Kaggadasapura Cross,3 Bedroom,2271.42,4.0,0.0,159.56,3,15956000.0,7024.6805962789795
Built-up  Area,Ready To Move,Marathahalli,3 BHK,1655.28,3.0,0.0,94.75,3,9475000.0,5724.107099705186
Super built-up  Area,Ready To Move,Btm Layout,2 BHK,1070.0,3.0,2.0,73.76,2,7376000.000000001,6893.457943925235
Super built-up  Area,18-Nov,Munnekollal Extension,3 Bedroom,1684.0,2.0,2.0,62.09,3,6209000.0,3687.0546318289785
Super built-up  Area,Ready To Move,Rt Nagar,3 Bedroom,1288.73,4.0,3.0,73.34,3,7334000.0,5690.873961186595
Built-up  Area,Ready To Move,Jayanagar,3 BHK,1499.0,3.0,2.0,151.57,3,15157000.0,10111.407605070046
Carpet  Area,Ready To Move,Bannerghatta Road,3 BHK,1837.76,2.0,3.0,87.63,3,8763000.0,4768.304892913112
Carpet  Area,Ready To Move,Sarjapur Road,3 BHK,1436.227177,3.0,1.0,80.9,3,8090000.000000001,5632.813617201175
Super built-up  Area,Ready To Move,Ramamurthy Nagar Stage 2,3 BHK,2015.0,3.0,0.0,203.68,3,20368000.0,10108.18858560794
Super built-up  Area,Ready To Move,Haralur Road Block,2 BHK,1348.0,3.0,0.0,130.14,2,13013999.999999998,9654.302670623145
Built-up  Area,19-May,Hennur,2 BHK,1339.5,2.0,1.0,93.15,2,9315000.0,6954.087346024636
Super built-up  Area,Ready To Move,Basavanagudi,4 BHK,2313.5,3.0,0.0,204.96,4,20496000.0,8859.304084720121
Super built-up  Area,Ready To Move,Hsr Layout,4 BHK,2229.0,3.0,2.0,158.93,4,15893000.0,7130.103185284881
Super built-up  Area,Ready To Move,Btm Layout,3 BHK,1471.0,3.0,1.0,88.36,3,8836000.0,6006.798096532971
Super built-up  Area,Ready To Move,Kr Puram,3 BHK,2107.0,2.0,3.0,100.27,3,10027000.0,4758.89890840057
Plot  Area,18-Nov,Basavanagudi,4 BHK,2267.0,5.0,3.0,244.49,4,24449000.0,10784.737538597265
Super built-up  Area,19-Aug,Mahadevapura Stage 2,2 BHK,838.53,2.0,1.0,74.0,2,7400000.0,8824.967502653453
Built-up  Area,Ready To Move,Cv Raman Nagar,3 Bedroom,1812.0,2.0,2.0,127.15,3,12715000.0,7017.10816777042
Plot  Area,Ready To Move,Btm Layout,2 Bedroom,1024.0,1.0,2.0,59.74,2,5974000.0,5833.984375
Super built-up  Area,Ready To Move,Hsr Layout,3 BHK,1604.0,3.0,1.0,136.98,3,13697999.999999998,8539.900249376558
Built-up  Area,Ready To Move,Doddakannelli Enclave,2 BHK,1084.6440000000002,3.0,0.0,105.68,2,10568000.0,9743.289042303279
Super built-up  Area,Ready To Move,Chandapura Extension,2 BHK,1435.0,2.0,3.0,144.18,2,14418000.0,10047.386759581881
Super built-up  Area,Ready To Move,Koramangala,2 BHK,1054.0,2.0,2.0,127.05,2,12705000.0,12054.079696394687
Carpet  Area,Ready To Move,Sarjapur Road,1 Bedroom,563.0,1.0,2.0,30.65,1,3065000.0,5444.04973357016
Super built-up  Area,Ready To Move,Marathahalli,4 BHK,2068.0,4.0,2.0,114.85,4,11485000.0,5553.675048355899
Built-up  Area,Ready To Move,Sompura Main Road,1 BHK,435.6,1.0,3.0,28.89,1,2889000.0,6632.231404958678
Super built-up  Area,Ready To Move,Thanisandra Phase 2,1 BHK,620.0,1.0,2.0,24.73,1,2473000.0,3988.7096774193546
Super built-up  Area,Ready To Move,Ambalipura Extension,4 Bedroom,2439.95,4.0,1.0,125.91,4,12591000.0,5160.351646550134
Built-up  Area,Ready To Move,Yelahanka,1 BHK,572.0,1.0,2.0,25.45,1,2545000.0,4449.300699300699
Super built-up  Area,Ready To Move,Vidyaranyapura Extension,2 Bedroom,1221.0,2.0,1.0,76.51,2,7651000.000000001,6266.175266175267
Super built-up  Area,Ready To Move,Varthur,1 Bedroom,449.08,1.0,2.0,18.87,1,1887000.0,4201.9239333749
Plot  Area,Ready To Move,Kumaraswamy Layout Phase 1,6 BHK,3976.0,6.0,0.0,207.22,6,20722000.0,5211.7706237424545
Carpet  Area,18-Dec,Btm Layout,2 BHK,1137.5,2.0,0.0,66.01,2,6601000.000000001,5803.076923076924
Carpet  Area,Ready To Move,Gunjur Gardens,2 BHK,833.0,2.0,2.0,27.28,2,2728000.0,3274.9099639855945
Super built-up  Area,Ready To Move,Kumaraswamy Layout Phase 1,3 BHK,1894.5,3.0,0.0,114.28,3,11428000.0,6032.198469253101
Built-up  Area,Ready To Move,Ramamurthy Nagar Cross,3 BHK,1412.77,3.0,0.0,78.07,3,7806999.999999999,5526.02334421031
Built-up  Area,Ready To Move,Kanakapura Road,3 Bedroom,1358.82,2.0,2.0,61.32,3,6132000.0,4512.738994127258
Carpet  Area,Ready To Move,Kr Puram,2 Bedroom,907.12,3.0,1.0,39.75,2,3975000.0,4382.000176382397
Carpet  Area,Ready To Move,Kumaraswamy Layout Phase 1,2 BHK,1061.0,3.0,2.0,64.32,2,6431999.999999999,6062.205466540998
Super built-up  Area,Ready To Move,Bellandur,3 Bedroom,1630.0,4.0,2.0,104.73,3,10473000.0,6425.1533742331285
Super built-up  Area,Ready To Move,Sonnenahalli Block,2 BHK,960.0,1.0,1.0,69.69,2,6969000.0,7259.375
Built-up  Area,Ready To Move,Yeshwanthpur,3 BHK,1501.0,3.0,2.0,89.47,3,8947000.0,5960.6928714190535
Carpet  Area,Ready To Move,Vasanthapura Extension,4 BHK,1987.0,4.0,2.0,207.67,4,20767000.0,10451.434323100151
Plot  Area,Ready To Move,Singasandra Nagar,4 BHK,1723.0,5.0,0.0,166.04,4,16604000.0,9636.6802089379
Carpet  Area,Ready To Move,Yelenahalli Layout,3 BHK,1813.0,3.0,0.0,109.25,3,10925000.0,6025.92388306674
Super built-up  Area,19-Mar,Basavanagudi,3 Bedroom,1359.0720000000001,3.0,0.0,130.07,3,13007000.0,9570.501047773774
Super built-up  Area,Ready To Move,Subramanyapura Main Road,2 BHK,925.0,3.0,3.0,57.63,2,5763000.0,6230.27027027027
Super built-up  Area,Ready To Move,Talaghattapura Stage 2,3 BHK,1786.64,3.0,3.0,194.33,3,19433000.0,10876.841445394706
Plot  Area,Ready To Move,Hebbal,2 BHK,1061.96,3.0,1.0,74.2,2,7420000.0,6987.080492673924
Carpet  Area,Ready To Move,Jp Nagar,3 BHK,1773.5,2.0,3.0,113.44,3,11344000.0,6396.391316605582
Super built-up  Area,Ready To Move,Hennur,3 Bedroom,1510.0,3.0,0.0,102.85,3,10285000.0,6811.258278145695
Built-up  Area,Ready To Move,Varthur,4 BHK,2785.0,4.0,1.0,110.9,4,11090000.0,3982.046678635548
Built-up  Area,18-Jun,Uttarahalli,4 BHK,2634.44,3.0,2.0,124.33,4,12433000.0,4719.40905847163
Plot  Area,Ready To Move,Electronic City,2 BHK,1146.71,1.0,2.0,46.14,2,4614000.0,4023.6851514332307
Carpet  Area,Ready To Move,Electronic City,2 BHK,854.67,3.0,2.0,37.67,2,3767000.0,4407.549112522962
Super built-up  Area,18-Dec,Yelahanka,3 BHK,1479.5,2.0,3.0,64.65,3,6465000.000000001,4369.719499831024
Super built-up  Area,19-May,Doddakannelli Gardens,2 Bedroom,906.0,2.0,1.0,43.49,2,4349000.0,4800.220750551876
Built-up  Area,Ready To Move,Kr Puram,2 Bedroom,1078.11,2.0,1.0,41.49,2,4149000.0,3848.4013690625266
Super built-up  Area,19-May,Singasandra Nagar,3 BHK,1899.0,3.0,0.0,161.25,3,16125000.0,8491.3112164297
Super built-up  Area,Ready To Move,Hsr Layout,2 BHK,1027.521894,1.0,0.0,74.14,2,7414000.0,7215.41802981767
Super built-up  Area,18-Jun,Bannerghatta Road,2 BHK,1372.0,2.0,3.0,55.79,2,5579000.0,4066.326530612245
Super built-up  Area,19-May,Indiranagar,1 BHK,666.33,1.0,2.0,76.63,1,7663000.0,11500.30765536596
Plot  Area,Ready To Move,Uttarahalli,3 BHK,1477.68,4.0,2.0,62.32,3,6232000.0,4217.421904607222
Plot  Area,Ready To Move,Electronic City,2 Bedroom,924.5,2.0,0.0,39.43,2,3943000.0,4265.008112493239
Super built-up  Area,18-Jun,Koramangala,1 BHK,428.45,1.0,0.0,50.73,1,5073000.0,11840.354767184035
Super built-up  Area,Ready To Move,Bellandur,2 BHK,1252.81,2.0,1.0,72.96,2,7295999.999999999,5823.708303733208
Built-up  Area,Ready To Move,Kr Puram,3 BHK,1884.0,3.0,0.0,88.13,3,8813000.0,4677.813163481953
Super built-up  Area,Ready To Move,Koramangala,5 BHK,2292.0,5.0,0.0,313.58,5,31358000.0,13681.500872600349
Built-up  Area,Ready To Move,Jp Nagar,3 Bedroom,1744.0,4.0,1.0,110.02,3,11002000.0,6308.48623853211
Super built-up  Area,Ready To Move,Koramangala,3 BHK,1258.884,3.0,2.0,177.9,3,17790000.0,14131.564147292363
Built-up  Area,Ready To Move,Vasanthapura Extension,3 Bedroom,2098.0,3.0,2.0,173.33,3,17333000.0,8261.677788369876
Super built-up  Area,Ready To Move,Hennur,4 BHK,2191.6125,3.0,0.0,140.6,4,14060000.0,6415.367680189814
Super built-up  Area,Ready To Move,Ramamurthy Nagar Extension,2 BHK,1380.0,2.0,1.0,50.5,2,5050000.0,3659.4202898550725
Super built-up  Area,18-Nov,Btm Layout,2 Bedroom,1313.0,2.0,1.0,81.21,2,8120999.999999999,6185.072353389184
Super built-up  Area,Ready To Move,Yeshwanthpur,3 BHK,1839.78,4.0,2.0,133.35,3,13335000.0,7248.149235234648
Super built-up  Area,18-Dec,Kengeri,4 Bedroom,1938.42,3.0,3.0,68.3,4,6830000.0,3523.4882017313066
Built-up  Area,18-Nov,Frazer Town,3 Bedroom,1452.0,2.0,1.0,170.21,3,17021000.0,11722.45179063361
Super built-up  Area,Ready To Move,Singasandra Main Road,3 BHK,2045.86,3.0,2.0,144.44,3,14444000.0,7060.111640092675
Super built-up  Area,Ready To Move,Koramangala,2 BHK,1011.0,2.0,2.0,110.29,2,11029000.0,10909.000989119684
Super built-up  Area,Ready To Move,Dodballapur Road Phase 1,3 BHK,1529.0,3.0,1.0,49.63,3,4963000.0,3245.9123610202746
Built-up  Area,18-Nov,Bannerghatta Road,2 BHK,1457.5,2.0,1.0,79.9,2,7990000.000000001,5481.989708404803
Built-up  Area,Ready To Move,Horamavu Stage 2,3 BHK,1565.4375,4.0,1.0,152.85,3,15285000.0,9764.043598035692
Super built-up  Area,Ready To Move,Koramangala,3 BHK,2007.0,3.0,2.0,304.47,3,30447000.000000004,15170.403587443949
Super built-up  Area,Ready To Move,Hennur,2 BHK,1171.25,1.0,2.0,76.62,2,7662000.0,6541.728922091782
Super built-up  Area,19-Aug,Gunjur Gardens,4 Bedroom,2190.0,4.0,2.0,70.43,4,7043000.000000001,3215.9817351598176
Super built-up  Area,Ready To Move,Indiranagar,3 BHK,2003.0,3.0,0.0,237.24,3,23724000.0,11844.233649525711
Super built-up  Area,Ready To Move,Whitefield,2 BHK,1417.0,3.0,2.0,67.76,2,6776000.000000001,4781.933662667609
Super built-up  Area,Ready To Move,Varthur,3 BHK,1698.08,2.0,0.0,74.32,3,7431999.999999999,4376.707811174973
Built-up  Area,19-May,Koramangala,3 BHK,1299.0,3.0,3.0,181.21,3,18121000.0,13949.961508852964
Built-up  Area,Ready To Move,Malleshwaram,5 BHK,2518.69,6.0,2.0,291.91,5,29191000.000000004,11589.754991682184
Super built-up  Area,18-Nov,Bellandur,2 Bedroom,947.38,3.0,2.0,64.01,2,6401000.000000001,6756.528531317952
Built-up  Area,19-May,Malleshwaram,2 Bedroom,1101.0,1.0,3.0,115.83,2,11583000.0,10520.435967302452
Super built-up  Area,Ready To Move,Yeshwanthpur,2 BHK,1127.0,1.0,3.0,83.41,2,8341000.0,7401.064773735581
Built-up  Area,Ready To Move,Gottigere Phase 2,2 BHK,1412.11,3.0,2.0,118.11,2,11811000.0,8364.079285608062
Super built-up  Area,Ready To Move,Uttarahalli,2 BHK,1347.0,3.0,2.0,46.93,2,4693000.0,3484.0386043058647
Plot  Area,Ready To Move,Akshaya Nagar Layout,2 BHK,874.5,2.0,3.0,75.65,2,7565000.000000001,8650.657518582047
Super built-up  Area,18-Jun,Kengeri,2 BHK,903.87,3.0,0.0,40.67,2,4067000.0,4499.540863177227
Super built-up  Area,Ready To Move,Kanakapura Road,2 BHK,1340.0,2.0,1.0,56.02,2,5602000.0,4180.5970149253735
Carpet  Area,18-Nov,Indiranagar,2 BHK,1264.0,1.0,0.0,160.62,2,16062000.0,12707.278481012658
Super built-up  Area,Ready To Move,Kanakapura Road,2 BHK,1057.0,2.0,1.0,54.42,2,5442000.0,5148.533585619678
Carpet  Area,Ready To Move,Vijayanagar,3 BHK,1420.0,3.0,2.0,101.83,3,10183000.0,7171.12676056338
Built-up  Area,19-May,Sarjapur Stage 2,2 BHK,1051.0,3.0,1.0,71.16,2,7116000.0,6770.69457659372
Carpet  Area,19-Aug,Koramangala,3 BHK,1927.0,2.0,0.0,272.26,3,27226000.0,14128.697457187338
Super built-up  Area,Ready To Move,Koramangala,3 BHK,1649.5,3.0,2.0,214.03,3,21403000.0,12975.44710518339
Super built-up  Area,Ready To Move,Indiranagar,4 BHK,2185.3,4.0,0.0,268.4,4,26839999.999999996,12282.066535487116
Super built-up  Area,Ready To Move,Marathahalli,1 BHK,662.18,1.0,1.0,44.69,1,4469000.0,6748.9202331692295
Built-up  Area,Ready To Move,Sarjapur Stage 2,2 BHK,1147.0,1.0,1.0,70.63,2,7063000.0,6157.802964254577
Built-up  Area,Ready To Move,Uttarahalli,1 BHK,615.14,1.0,3.0,27.08,1,2708000.0,4402.249894332997
Built-up  Area,Ready To Move,Sarjapur Road,1 BHK,421.5,1.0,0.0,22.49,1,2249000.0,5335.70581257414
Super built-up  Area,18-Dec,Kr Puram,2 BHK,1022.0,2.0,0.0,51.69,2,5169000.0,5057.729941291585
Built-up  Area,Ready To Move,Hebbal,3 BHK,1551.825,2.0,0.0,94.25,3,9425000.0,6073.4941117716235
Super built-up  Area,Ready To Move,Kengeri,2 BHK,949.0,2.0,1.0,42.22,2,4222000.0,4448.893572181243
Super built-up  Area,Ready To Move,Vijayanagar,1 BHK,547.0,1.0,1.0,33.52,1,3352000.0000000005,6127.970749542962
Plot  Area,Ready To Move,Kaggadasapura Layout,2 Bedroom,1269.5,3.0,2.0,46.41,2,4641000.0,3655.7699881843246
Built-up  Area,Ready To Move,Whitefield,5 BHK,2999.0,5.0,1.0,174.87,5,17487000.0,5830.943647882627
Super built-up  Area,19-Aug,Hsr Layout,2 BHK,1035.0,3.0,1.0,72.89,2,7289000.0,7042.512077294686
Super built-up  Area,18-Dec,Rt Nagar,2 BHK,1356.64,3.0,2.0,79.05,2,7905000.0,5826.895860360891
Carpet  Area,Ready To Move,Mahadevapura Nagar,2 BHK,1440.63,3.0,0.0,72.49,2,7248999.999999999,5031.826353748012
Super built-up  Area,Ready To Move,Hennur,1 BHK,501.0,2.0,2.0,32.58,1,3258000.0,6502.994011976048
Super built-up  Area,Ready To Move,Varthur,2 BHK,924.0,1.0,3.0,33.23,2,3322999.9999999995,3596.320346320346
Carpet  Area,Ready To Move,Bellandur,2 Bedroom,960.0,2.0,3.0,64.81,2,6481000.0,6751.041666666667
Built-up  Area,Ready To Move,Hennur,4 BHK,2084.0,4.0,0.0,140.33,4,14033000.000000002,6733.685220729368
Built-up  Area,19-May,Kr Puram,2 Bedroom,1200.0,2.0,2.0,49.66,2,4966000.0,4138.333333333333
Plot  Area,Ready To Move,Banashankari,3 Bedroom,1501.0,3.0,1.0,78.9,3,7890000.000000001,5256.495669553631
Super built-up  Area,Ready To Move,Yelenahalli Layout,3 BHK,2039.0,2.0,0.0,103.51,3,10351000.0,5076.50809220206
Super built-up  Area,Ready To Move,Varthur,3 BHK,1542.0240000000001,3.0,2.0,71.33,3,7133000.0,4625.738639606127
Super built-up  Area,18-Nov,Sarjapur Road,3 BHK,1962.3,4.0,3.0,118.17,3,11817000.0,6022.014982418591
Built-up  Area,Ready To Move,Haralur Road Block,5 BHK,2293.571812,5.0,0.0,228.56,5,22856000.0,9965.24280618426
Super built-up  Area,Ready To Move,Rajaji Nagar,5 BHK,2329.0,5.0,0.0,227.09,5,22709000.0,9750.53671103478
Plot  Area,18-Nov,Hebbal,2 BHK,1083.0,2.0,2.0,68.6,2,6859999.999999999,6334.2566943674965
Super built-up  Area,Ready To Move,Sarjapur Road,2 Bedroom,1331.33,2.0,1.0,80.62,2,8062000.0,6055.5985368015445
Plot  Area,Ready To Move,Haralur Road Block,2 BHK,1199.0,2.0,2.0,126.44,2,12644000.0,10545.454545454546
Super built-up  Area,Ready To Move,Sarjapur Road,1 BHK,500.94,2.0,1.0,32.2,1,3220000.0000000005,6427.91551882461
Super built-up  Area,19-May,Koramangala,2 BHK,979.0,2.0,1.0,118.29,2,11829000.0,12082.737487231869
Super built-up  Area,18-Jun,Yelenahalli Layout,2 BHK,1222.0,2.0,2.0,80.08,2,8008000.0,6553.191489361702
Built-up  Area,Ready To Move,Vijayanagar,2 Bedroom,1073.0,3.0,0.0,65.26,2,6526000.000000001,6082.013047530289
Built-up  Area,18-Nov,Yelahanka,2 BHK,1214.0,1.0,0.0,55.38,2,5538000.0,4561.779242174629
Built-up  Area,Ready To Move,Frazer Town,2 BHK,1473.67,2.0,2.0,153.33,2,15333000.000000002,10404.636044704717
Super built-up  Area,Ready To Move,Harlur Colony,3 BHK,1449.12,3.0,1.0,152.06,3,15206000.0,10493.264877994921
Built-up  Area,18-Dec,Indiranagar,2 BHK,1470.0,2.0,1.0,170.62,2,17062000.0,11606.802721088436
Built-up  Area,Ready To Move,Subramanyapura Gardens,1 Bedroom,411.18098000000003,1.0,3.0,38.84,1,3884000.0000000005,9445.962213524566
Plot  Area,19-Aug,Hsr Layout,1 Bedroom,546.0,1.0,2.0,38.97,1,3897000.0,7137.3626373626375
Super built-up  Area,Ready To Move,Talaghattapura Main Road,1 BHK,632.0,1.0,1.0,43.81,1,4381000.0,6931.962025316456
Super built-up  Area,Ready To Move,Sarjapur Road,3 BHK,2060.0,2.0,0.0,112.5,3,11250000.0,5461.165048543689
Built-up  Area,19-Mar,Chandapura Extension,2 BHK,997.0,2.0,0.0,127.62,2,12762000.0,12800.401203610832
Super built-up  Area,Ready To Move,Vijayanagar,3 BHK,1351.5,3.0,0.0,82.04,3,8204000.000000001,6070.292267850537
Super built-up  Area,18-Jun,Whitefield,3 BHK,1447.0,4.0,1.0,84.78,3,8478000.0,5859.018659295093
Built-up  Area,Ready To Move,Banashankari,1 BHK,441.0,1.0,1.0,29.57,1,2957000.0,6705.2154195011335
Built-up  Area,19-Aug,Bannerghatta Road,2 BHK,955.0,3.0,1.0,45.52,2,4552000.0,4766.492146596858
Carpet  Area,Ready To Move,Indiranagar,1 BHK,503.0,2.0,1.0,69.86,1,6986000.0,13888.667992047715
Super built-up  Area,Ready To Move,Kanakapura Road,2 BHK,1191.0,3.0,1.0,51.97,2,5197000.0,4363.560033585222
Super built-up  Area,19-Mar,Electronic City,3 BHK,1413.0,3.0,2.0,68.37,3,6837000.0,4838.64118895966
Super built-up  Area,Ready To Move,Anekal Phase 1,2 BHK,1195.0,2.0,1.0,115.02,2,11502000.0,9625.10460251046
Super built-up  Area,19-Mar,Yeshwanthpur,2 Bedroom,871.2,2.0,1.0,51.03,2,5103000.0,5857.438016528925
Plot  Area,18-Jun,Kr Puram,2 BHK,999.0,2.0,1.0,44.9,2,4490000.0,4494.494494494495
Super built-up  Area,Ready To Move,Whitefield,4 BHK,2200.571716,4.0,0.0,113.19,4,11319000.0,5143.663311539173
Super built-up  Area,Ready To Move,Bannerghatta Road,3 BHK,1712.0,3.0,0.0,95.19,3,9519000.0,5560.163551401869
Built-up  Area,Ready To Move,Electronic City,4 BHK,2814.72,4.0,2.0,133.71,4,13371000.0,4750.383697135062
Super built-up  Area,18-Nov,Bannerghatta Road,3 BHK,1200.0,2.0,1.0,64.73,3,6473000.0,5394.166666666667
Built-up  Area,19-Mar,Vijayanagar,4 BHK,2185.09,4.0,2.0,141.31,4,14131000.0,6467.010512152817
Built-up  Area,Ready To Move,Kaggadasapura Cross,2 BHK,1252.5,2.0,2.0,74.44,2,7444000.0,5943.313373253493
Plot  Area,19-Aug,Yelenahalli Extension,3 BHK,2003.63,3.0,2.0,93.84,3,9384000.0,4683.49944850097
Built-up  Area,Ready To Move,Devanahalli Extension,4 BHK,2131.0,3.0,1.0,193.07,4,19307000.0,9060.065696855936
Carpet  Area,Ready To Move,Electronic City,3 BHK,1808.0,3.0,1.0,73.85,3,7384999.999999999,4084.6238938053093
Super built-up  Area,Ready To Move,Kaggadasapura Phase 2,2 BHK,1259.72,2.0,0.0,61.01,2,6101000.0,4843.139745340234
Carpet  Area,Ready To Move,Sarjapur Enclave,2 BHK,1267.0,2.0,3.0,39.45,2,3945000.0000000005,3113.654301499606
Super built-up  Area,Ready To Move,Varthur,2 BHK,1005.0,2.0,2.0,45.19,2,4519000.0,4496.517412935324
Super built-up  Area,Ready To Move,Indiranagar,2 BHK,1310.0,2.0,2.0,141.16,2,14116000.0,10775.57251908397
Super built-up  Area,19-Aug,Uttarahalli,2 BHK,1174.0,2.0,0.0,47.37,2,4737000.0,4034.9233390119252
Plot  Area,19-May,Malleshwaram,2 BHK,1208.0,2.0,1.0,128.32,2,12832000.0,10622.51655629139
Super built-up  Area,18-Jun,Kr Puram,4 BHK,2587.0,5.0,3.0,125.18,4,12518000.0,4838.809431774256
Super built-up  Area,18-Dec,Jayanagar,3 Bedroom,2009.5,3.0,2.0,171.04,3,17104000.0,8511.57004229908
Built-up  Area,Ready To Move,Chandapura Stage 2,2 BHK,1219.68,2.0,0.0,130.61,2,13061000.000000002,10708.546504001051
Super built-up  Area,Ready To Move,Mahadevapura Stage 2,1 Bedroom,487.87200000000007,1.0,0.0,47.92,1,4792000.0,9822.248458612094
Carpet  Area,Ready To Move,Yelahanka,3 BHK,1976.0,3.0,3.0,104.02,3,10402000.0,5264.17004048583
Super built-up  Area,Ready To Move,Marathahalli,3 Bedroom,1903.6,3.0,0.0,120.7,3,12070000.0,6340.617776843875
Super built-up  Area,Ready To Move,Bannerghatta Road,4 Bedroom,2243.34,3.0,2.0,120.39,4,12039000.0,5366.55165957902
Super built-up  Area,Ready To Move,Sathanur Gardens,2 BHK,1430.0,2.0,2.0,82.67,2,8267000.0,5781.118881118881
Super built-up  Area,Ready To Move,Yeshwanthpur,1 BHK,457.0,1.0,0.0,27.82,1,2782000.0,6087.527352297593
Built-up  Area,Ready To Move,Bellandur,2 Bedroom,966.0,2.0,2.0,60.76,2,6076000.0,6289.855072463768
Carpet  Area,Ready To Move,Koramangala,2 BHK,1367.5,2.0,0.0,147.05,2,14705000.000000002,10753.199268738575
Super built-up  Area,Ready To Move,Indiranagar,4 Bedroom,2693.0,4.0,0.0,339.62,4,33962000.0,12611.214259190494
Super built-up  Area,Ready To Move,Jayanagar,2 Bedroom,990.0,2.0,2.0,90.09,2,9009000.0,9100.0
Super built-up  Area,Ready To Move,Other,2 BHK,1230.0,2.0,0.0,79.76,2,7976000.000000001,6484.552845528456
Super built-up  Area,Ready To Move,Devanahalli Stage 2,3 Bedroom,1987.5,3.0,0.0,108.41,3,10841000.0,5454.591194968553
Built-up  Area,Ready To Move,Uttarahalli,2 BHK,1263.24,2.0,1.0,48.82,2,4882000.0,3864.665463411545
Super built-up  Area,19-May,Whitefield,2 BHK,1196.99,2.0,2.0,62.36,2,6236000.0,5209.73441716305
Super built-up  Area,Ready To Move,Rajaji Nagar,3 BHK,1463.0,3.0,3.0,133.67,3,13366999.999999998,9136.705399863293
Super built-up  Area,Ready To Move,Koramangala,4 BHK,2613.6,4.0,2.0,271.55,4,27155000.0,10389.88368533823
Super built-up  Area,Ready To Move,Munnekollal Extension,5 BHK,3671.0,5.0,2.0,140.77,5,14077000.000000002,3834.6499591392
Super built-up  Area,Ready To Move,Bannerghatta Road,2 BHK,1014.0,2.0,0.0,40.34,2,4034000.0000000005,3978.3037475345172
Plot  Area,Ready To Move,Chandapura Main Road,3 BHK,1300.25,4.0,0.0,112.97,3,11297000.0,8688.329167467795
Super built-up  Area,Ready To Move,Sarjapur Road,5 BHK,3339.0,5.0,1.0,184.65,5,18465000.0,5530.098831985624
Super built-up  Area,18-Dec,Doddakannelli Gardens,4 Bedroom,1811.0,3.0,2.0,88.46,4,8846000.0,4884.594146880177
Carpet  Area,Ready To Move,Jayanagar,3 BHK,1595.9,4.0,3.0,146.4,3,14640000.0,9173.507111974433
Carpet  Area,Ready To Move,Mahadevapura Phase 2,2 BHK,1210.0,2.0,2.0,49.08,2,4908000.0,4056.198347107438
Super built-up  Area,Ready To Move,Hennur,3 BHK,1791.0,3.0,0.0,110.06,3,11006000.0,6145.170295924065
Super built-up  Area,Ready To Move,Marathahalli,2 BHK,1310.4,1.0,1.0,88.45,2,8845000.0,6749.847374847374
Carpet  Area,Ready To Move,Anekal Phase 1,1 BHK,748.8445229999999,1.0,0.0,71.06,1,7106000.0,9489.286202604704
Built-up  Area,19-Aug,Yeshwanthpur,3 BHK,1838.0,3.0,0.0,94.88,3,9488000.0,5162.132752992383
Super built-up  Area,Ready To Move,Kr Puram,1 Bedroom,648.0,1.0,3.0,32.35,1,3235000.0,4992.283950617284
Super built-up  Area,Ready To Move,Varthur,1 BHK,718.58,1.0,2.0,36.66,1,3665999.9999999995,5101.728408806256
Super built-up  Area,Ready To Move,Singasandra Nagar,4 Bedroom,1951.5,4.0,2.0,171.86,4,17186000.0,8806.559057135537
Built-up  Area,Ready To Move,Hennur,1 BHK,462.5,1.0,3.0,26.2,1,2620000.0,5664.864864864865
Super built-up  Area,18-Dec,Kumaraswamy Layout Phase 1,4 BHK,2525.0,4.0,2.0,154.27,4,15427000.000000002,6109.70297029703
Super built-up  Area,Ready To Move,Varthur,1 BHK,562.0,1.0,3.0,24.06,1,2406000.0,4281.138790035588
Super built-up  Area,Ready To Move,Munnekollal Phase 2,4 BHK,2803.673033,4.0,2.0,93.88,4,9388000.0,3348.464635319692
Super built-up  Area,Ready To Move,Uttarahalli,2 Bedroom,1376.0,2.0,2.0,46.0,2,4600000.0,3343.0232558139537
Carpet  Area,Ready To Move,Hennur,3 BHK,1767.0,3.0,2.0,87.43,3,8743000.0,4947.934352009055
Super built-up  Area,18-Jun,Kaggadasapura Phase 2,2 BHK,961.83,2.0,1.0,48.91,2,4891000.0,5085.098198226297
Super built-up  Area,Ready To Move,Sarjapur Road,2 BHK,1133.0,2.0,1.0,58.6,2,5860000.0,5172.109443954104
Super built-up  Area,Ready To Move,Frazer Town,2 BHK,1043.0,2.0,0.0,98.97,2,9897000.0,9488.974113135188
Super built-up  Area,Ready To Move,Sarjapur Road,2 BHK,897.83,2.0,0.0,49.18,2,4918000.0,5477.651671251796
Carpet  Area,Ready To Move,Kanakapura Road,4 BHK,2582.0,5.0,1.0,123.89,4,12389000.0,4798.218435321456
Built-up  Area,Ready To Move,Harlur Nagar,5 Bedroom,2866.7925,5.0,2.0,239.68,5,23968000.0,8360.563242718124
Built-up  Area,19-Mar,Electronic City,2 BHK,974.0,2.0,2.0,40.52,2,4052000.0000000005,4160.164271047229
Super built-up  Area,19-May,Vijayanagar,2 BHK,1182.0,3.0,3.0,78.48,2,7848000.0,6639.593908629442
Super built-up  Area,18-Dec,Malleshwaram,2 Bedroom,1293.1875,3.0,1.0,136.23,2,13622999.999999998,10534.435261707988
Super built-up  Area,Ready To Move,Bellandur,1 Bedroom,603.0,1.0,2.0,33.66,1,3365999.9999999995,5582.0895522388055
Carpet  Area,18-Jun,Varthur,1 BHK,387.684,1.0,1.0,17.87,1,1787000.0,4609.424170200472
Plot  Area,Ready To Move,Cv Raman Nagar,2 BHK,1190.0,1.0,1.0,73.87,2,7387000.0,6207.563025210084
Super built-up  Area,Ready To Move,Indiranagar,2 BHK,1015.0,2.0,3.0,97.99,2,9799000.0,9654.187192118226
Built-up  Area,18-Dec,Sathanur Gardens,3 BHK,1491.93,3.0,2.0,87.64,3,8764000.0,5874.270240560884
Super built-up  Area,18-Dec,Nagarbhavi Gardens,2 BHK,1446.0,3.0,1.0,156.92,2,15691999.999999998,10852.005532503457
Super built-up  Area,Ready To Move,Rt Nagar,2 BHK,1360.0,3.0,0.0,71.87,2,7187000.0,5284.558823529412
Super built-up  Area,Ready To Move,Kanakapura Road,2 BHK,1314.9675,2.0,0.0,59.13,2,5913000.0,4496.6890816693185
Super built-up  Area,Ready To Move,Marathahalli,4 BHK,2393.5,4.0,1.0,132.4,4,13240000.0,5531.64821391268
Super built-up  Area,19-May,Ramamurthy Nagar Cross,3 BHK,1689.0,2.0,2.0,112.59,3,11259000.0,6666.074600355239
Super built-up  Area,Ready To Move,Hsr Layout,3 Bedroom,2052.76,3.0,2.0,155.76,3,15576000.0,7587.832966347745
Super built-up  Area,Ready To Move,Old Airport Road Gardens,1 BHK,536.3325,1.0,1.0,24.71,1,2471000.0,4607.216605370736
Super built-up  Area,Ready To Move,Nagavara Phase 2,3 BHK,1949.99,4.0,0.0,121.89,3,12189000.0,6250.801286160442
Built-up  Area,19-Aug,Banashankari,1 Bedroom,652.0,2.0,2.0,43.62,1,4362000.0,6690.184049079755
Built-up  Area,19-Mar,Pattandur Agrahara Layout,6 BHK,3606.0,6.0,3.0,143.85,6,14385000.0,3989.1846921797005
Super built-up  Area,18-Dec,Bellandur,5 Bedroom,3605.47,4.0,2.0,253.34,5,25334000.0,7026.545776278821
Super built-up  Area,Ready To Move,Yeshwanthpur,3 BHK,1603.54,3.0,1.0,84.12,3,8412000.0,5245.893460718161
Built-up  Area,19-Aug,Kr Puram,3 BHK,1756.0,3.0,2.0,76.9,3,7690000.000000001,4379.271070615035
Built-up  Area,Ready To Move,Chandapura Extension,3 BHK,1837.0,3.0,1.0,183.89,3,18389000.0,10010.342950462711
Super built-up  Area,19-May,Kr Puram,2 Bedroom,1171.2,2.0,0.0,51.84,2,5184000.0,4426.229508196721
Carpet  Area,Ready To Move,Bellandur,2 BHK,879.0,3.0,0.0,63.65,2,6365000.0,7241.183162684869
Built-up  Area,Ready To Move,Kr Puram,2 BHK,899.43,1.0,0.0,38.67,2,3867000.0,4299.389613421834
Super built-up  Area,Ready To Move,Frazer Town,4 BHK,2298.34,5.0,1.0,235.25,4,23525000.0,10235.648337495757
Super built-up  Area,Ready To Move,Malleshwaram,2 BHK,1033.46,2.0,0.0,98.13,2,9813000.0,9495.287674414103
Super built-up  Area,Ready To Move,Rajaji Nagar,4 BHK,2514.0,4.0,3.0,223.94,4,22394000.0,8907.71678599841
Carpet  Area,19-Aug,Singasandra Extension,2 Bedroom,1106.87,1.0,2.0,86.4,2,8640000.0,7805.794718440287
Super built-up  Area,19-Mar,Rajarajeshwari Nagar Gardens,3 BHK,1894.06,3.0,2.0,85.75,3,8575000.0,4527.311700790894
Super built-up  Area,Ready To Move,Bannerghatta Road,2 Bedroom,1236.0,3.0,1.0,55.53,2,5553000.0,4492.718446601942
Super built-up  Area,Ready To Move,Bannerghatta Road,2 BHK,1123.0,2.0,2.0,44.02,2,4402000.0,3919.8575244879785
Super built-up  Area,Ready To Move,Sarjapur Enclave,2 BHK,1404.0,2.0,1.0,44.72,2,4472000.0,3185.185185185185
Built-up  Area,19-Mar,Jayanagar,2 BHK,990.99,2.0,0.0,84.18,2,8418000.0,8494.53576726304
Super built-up  Area,Ready To Move,Malleshwaram,3 Bedroom,1516.0,3.0,1.0,147.83,3,14783000.000000002,9751.31926121372
Super built-up  Area,Ready To Move,Marathahalli,1 BHK,745.0,2.0,0.0,48.12,1,4812000.0,6459.060402684564
Super built-up  Area,Ready To Move,Banashankari,2 BHK,1165.23,1.0,2.0,74.81,2,7481000.0,6420.191721805995
Built-up  Area,19-May,Kengeri,2 BHK,1356.0,2.0,0.0,59.9,2,5990000.0,4417.40412979351
Carpet  Area,19-May,Varthur,4 BHK,2370.0,4.0,1.0,100.74,4,10074000.0,4250.632911392405
Plot  Area,18-Jun,Jayanagar,3 BHK,1511.5,4.0,1.0,124.54,3,12454000.0,8239.497188223619
Super built-up  Area,Ready To Move,Jp Nagar,4 BHK,2779.0,5.0,1.0,181.05,4,18105000.0,6514.933429291112
Super built-up  Area,Ready To Move,Kr Puram,2 Bedroom,1204.0,2.0,2.0,50.37,2,5037000.0,4183.554817275747
Built-up  Area,Ready To Move,Attibele Phase 1,1 BHK,592.0,1.0,0.0,57.41,1,5741000.0,9697.635135135135
Carpet  Area,Ready To Move,Hebbal,3 BHK,1317.69,4.0,0.0,97.23,3,9723000.0,7378.822029460647
Super built-up  Area,Ready To Move,Varthur,1 BHK,603.87,1.0,1.0,25.17,1,2517000.0,4168.115654031497
Super built-up  Area,Ready To Move,Vishveshwarya Layout Enclave,3 BHK,1388.0,3.0,2.0,151.27,3,15127000.000000002,10898.41498559078
Carpet  Area,Ready To Move,Yelahanka,3 BHK,1825.4,2.0,0.0,97.76,3,9776000.0,5355.538512106935
Built-up  Area,Ready To Move,Kengeri,4 BHK,2607.0,4.0,2.0,113.83,4,11383000.0,4366.32144227081
Super built-up  Area,Ready To Move,Jp Nagar,3 Bedroom,1393.0,2.0,3.0,91.26,3,9126000.0,6551.328068916008
Super built-up  Area,Ready To Move,Bannerghatta Road,1 BHK,448.0,1.0,2.0,24.38,1,2438000.0,5441.964285714285
Super built-up  Area,Ready To Move,Kr Puram,3 BHK,1428.768,2.0,2.0,62.85,3,6285000.0,4398.894712087616
Plot  Area,Ready To Move,Electronic City,4 BHK,2137.45,5.0,0.0,88.65,4,8865000.0,4147.465437788019
Plot  Area,Ready To Move,Banashankari,3 BHK,1584.5,3.0,0.0,86.27,3,8627000.0,5444.619753865572
Super built-up  Area,19-Mar,Whitefield,3 Bedroom,1619.75,3.0,3.0,82.24,3,8223999.999999999,5077.32674795493
Built-up  Area,18-Dec,Jp Nagar,3 BHK,1750.3,4.0,2.0,115.24,3,11524000.0,6584.0141689996
Super built-up  Area,Ready To Move,Hsr Layout,3 BHK,1481.0,3.0,2.0,114.82,3,11482000.0,7752.86968264686
Built-up  Area,Ready To Move,Bannerghatta Road,5 BHK,3337.87,5.0,2.0,158.64,5,15863999.999999998,4752.731532384424
Super built-up  Area,19-Mar,Nagavara Main Road,2 BHK,1393.0,2.0,1.0,53.25,2,5325000.0,3822.6848528356068
Super built-up  Area,Ready To Move,Bellandur,4 BHK,2712.0,3.0,0.0,163.63,4,16363000.0,6033.554572271387
Super built-up  Area,Ready To Move,Electronic City,2 Bedroom,843.1362869999999,1.0,3.0,29.0,2,2900000.0,3439.5388322315207
Plot  Area,Ready To Move,Varthur,4 BHK,2045.0,4.0,2.0,95.19,4,9519000.0,4654.767726161369
Plot  Area,Ready To Move,Malleshwaram,3 Bedroom,1423.0,4.0,0.0,156.53,3,15653000.0,11000.0
Built-up  Area,19-Mar,Bellandur,1 BHK,664.29,1.0,0.0,48.24,1,4824000.0,7261.888632976562
Plot  Area,Ready To Move,Jayanagar,2 Bedroom,1421.0,1.0,0.0,129.58,2,12958000.000000002,9118.930330752992
Super built-up  Area,Ready To Move,Chandapura Extension,2 BHK,1169.0,3.0,2.0,97.1,2,9710000.0,8306.244653550042
Built-up  Area,Ready To Move,Hennur,3 Bedroom,1510.0,3.0,2.0,89.14,3,8914000.0,5903.311258278146
Carpet  Area,Ready To Move,Yelenahalli Layout,1 BHK,464.0,1.0,2.0,21.63,1,2163000.0,4661.637931034483
Super built-up  Area,Ready To Move,Gottigere Phase 2,2 BHK,1175.0,1.0,0.0,100.76,2,10076000.0,8575.31914893617
Super built-up  Area,Ready To Move,Bellandur,2 BHK,1066.0,2.0,2.0,71.98,2,7198000.0,6752.345215759849
Built-up  Area,Ready To Move,Malleshwaram,1 BHK,705.6720000000001,2.0,2.0,70.44,1,7044000.0,9981.974628439273
Built-up  Area,Ready To Move,Electronic City,3 BHK,1737.0,3.0,3.0,72.18,3,7218000.000000001,4155.440414507772
Built-up  Area,Ready To Move,Marathahalli,2 BHK,1137.23,2.0,0.0,73.65,2,7365000.000000001,6476.262497471928
Super built-up  Area,Ready To Move,Jp Nagar,1 BHK,524.0,1.0,3.0,39.81,1,3981000.0,7597.32824427481
Super built-up  Area,19-May,Uttarahalli,4 BHK,2164.58,4.0,1.0,74.99,4,7498999.999999999,3464.4134196934274
Carpet  Area,Ready To Move,Nallurhalli Township,3 BHK,1939.96,3.0,3.0,83.49,3,8348999.999999999,4303.696983442957
Super built-up  Area,Ready To Move,Varthur,2 BHK,1133.67,2.0,1.0,42.51,2,4251000.0,3749.7684511365737
Built-up  Area,Ready To Move,Pattandur Agrahara Layout,4 BHK,2892.0,5.0,0.0,113.36,4,11336000.0,3919.7786998616875
Super built-up  Area,19-Mar,Jp Nagar,3 BHK,1833.65,3.0,1.0,114.55,3,11455000.0,6247.102773157363
Built-up  Area,Ready To Move,Yeshwanthpur,2 BHK,1270.0,3.0,3.0,89.71,2,8971000.0,7063.779527559055
Super built-up  Area,Ready To Move,Btm Layout,3 BHK,1620.0,3.0,2.0,106.01,3,10601000.0,6543.827160493827
Built-up  Area,19-Aug,Kanakapura Road,3 BHK,1632.0,3.0,1.0,74.35,3,7434999.999999999,4555.759803921568
Built-up  Area,Ready To Move,Koramangala,2 Bedroom,929.0,1.0,2.0,116.97,2,11697000.0,12590.958019375672
Super built-up  Area,Ready To Move,Sathanur Gardens,2 BHK,1379.5,2.0,1.0,76.9,2,7690000.000000001,5574.483508517579
Carpet  Area,Ready To Move,Uttarahalli,3 BHK,1853.0,3.0,2.0,73.27,3,7327000.0,3954.1284403669724
Carpet  Area,Ready To Move,Sompura Colony,3 Bedroom,1910.25,2.0,3.0,77.35,3,7734999.999999999,4049.208218819526
Super built-up  Area,Ready To Move,Koramangala,3 BHK,1640.0,3.0,1.0,237.48,3,23748000.0,14480.487804878048
Super built-up  Area,Ready To Move,Marathahalli,3 BHK,1358.22,2.0,1.0,78.65,3,7865000.000000001,5790.667196772247
Super built-up  Area,Ready To Move,Kanakapura Road,2 Bedroom,990.0,3.0,2.0,51.25,2,5125000.0,5176.767676767677
Super built-up  Area,Ready To Move,Jayanagar,4 BHK,2287.0,4.0,2.0,221.78,4,22178000.0,9697.42020113686
Super built-up  Area,Ready To Move,Cv Raman Nagar,4 BHK,2047.0,5.0,0.0,126.58,4,12658000.0,6183.683439179286
Super built-up  Area,Ready To Move,Subramanyapura Stage 2,1 BHK,498.5,2.0,0.0,21.48,1,2148000.0,4308.926780341023
Super built-up  Area,Ready To Move,Indiranagar,1 BHK,720.5,1.0,2.0,97.28,1,9728000.0,13501.73490631506
Built-up  Area,Ready To Move,Vasanthapura Extension,2 BHK,1361.0,2.0,2.0,121.77,2,12177000.0,8947.097722263043
Super built-up  Area,Ready To Move,Kanakapura Road,4 BHK,2350.0,4.0,0.0,112.52,4,11252000.0,4788.085106382979
Built-up  Area,Ready To Move,Jp Nagar,3 BHK,1864.57,3.0,1.0,117.52,3,11752000.0,6302.793673608392
Carpet  Area,19-Mar,Indiranagar,3 BHK,1891.0,2.0,2.0,280.5,3,28050000.0,14833.421470121628
Super built-up  Area,Ready To Move,Marathahalli,2 Bedroom,1271.22,3.0,0.0,86.0,2,8600000.0,6765.154733248375
Super built-up  Area,Ready To Move,Cv Raman Nagar,3 BHK,2019.0,4.0,3.0,156.14,3,15613999.999999998,7733.531451213471
Built-up  Area,Ready To Move,Yelahanka,2 BHK,1107.0,1.0,3.0,43.21,2,4321000.0,3903.342366757001
Super built-up  Area,Ready To Move,Jayanagar,4 BHK,2109.0,4.0,1.0,191.37,4,19137000.0,9073.968705547653
Carpet  Area,Ready To Move,Uttarahalli,2 Bedroom,960.5,1.0,1.0,44.98,2,4498000.0,4682.977615825091
Super built-up  Area,Ready To Move,Marathahalli,3 BHK,1600.1613739999998,3.0,0.0,105.13,3,10513000.0,6569.962361808642
Plot  Area,Ready To Move,Electronic City,2 BHK,1056.52,1.0,1.0,41.59,2,4159000.0000000005,3936.5085374626137
Plot  Area,Ready To Move,Yeshwanthpur,6 Bedroom,3747.92,6.0,1.0,209.45,6,20945000.0,5588.433050865547
Carpet  Area,Ready To Move,Jayanagar,2 BHK,904.57,2.0,3.0,71.21,2,7120999.999999999,7872.24869274904
Super built-up  Area,Ready To Move,Bellandur,4 BHK,1851.0,4.0,1.0,132.13,4,13213000.0,7138.3036196650455
Super built-up  Area,19-Mar,Ambalipura Phase 2,2 BHK,1265.43,3.0,0.0,110.62,2,11062000.0,8741.692547197395
Super built-up  Area,Ready To Move,Btm Layout,2 BHK,948.0,2.0,0.0,61.28,2,6128000.0,6464.135021097047
Carpet  Area,Ready To Move,Whitefield,2 BHK,1279.397154,2.0,2.0,88.34,2,8834000.0,6904.8144842129295
Built-up  Area,Ready To Move,Indiranagar,3 Bedroom,2137.3,3.0,0.0,265.21,3,26520999.999999996,12408.646423057126
Built-up  Area,Ready To Move,Jalahalli Gardens,1 Bedroom,481.79,1.0,0.0,37.85,1,3785000.0,7856.1198862574975
Carpet  Area,18-Jun,Kengeri,3 BHK,1698.0,3.0,2.0,62.55,3,6255000.0,3683.7455830388694
Super built-up  Area,Ready To Move,Vasanthapura Extension,3 BHK,1726.0,2.0,2.0,178.41,3,17841000.0,10336.616454229432
Carpet  Area,Ready To Move,Dodballapur Road Gardens,3 BHK,1586.5,3.0,2.0,112.0,3,11200000.0,7059.565080365584
Super built-up  Area,18-Dec,Varthur,2 BHK,1358.6,2.0,0.0,59.85,2,5985000.0,4405.270131017224
Super built-up  Area,Ready To Move,Domlur,3 BHK,1992.0,3.0,1.0,179.78,3,17978000.0,9025.100401606425
Super built-up  Area,Ready To Move,Yelenahalli Layout,3 BHK,1531.5,3.0,2.0,94.55,3,9455000.0,6173.685928827947
Built-up  Area,Ready To Move,Whitefield Hope Farm Enclave,2 BHK,971.0,2.0,2.0,55.16,2,5516000.0,5680.741503604531
Plot  Area,Ready To Move,Kaggadasapura Layout,3 BHK,1287.0,4.0,3.0,49.17,3,4917000.0,3820.5128205128203
Plot  Area,Ready To Move,Pattandur Agrahara Phase 2,2 BHK,871.2,2.0,0.0,40.65,2,4065000.0,4665.977961432507
Built-up  Area,19-May,Varthur,2 BHK,858.0,2.0,2.0,32.99,2,3299000.0,3844.988344988345
Carpet  Area,19-May,Rajaji Nagar,2 BHK,1462.0,1.0,3.0,136.85,2,13685000.0,9360.46511627907
Carpet  Area,Ready To Move,Kalyan Nagar Block,3 BHK,1329.0,4.0,1.0,126.23,3,12623000.0,9498.118886380737
Super built-up  Area,Ready To Move,Bellandur,2 Bedroom,1248.0,1.0,0.0,90.95,2,9095000.0,7287.660256410257
Plot  Area,Ready To Move,Yelahanka,1 BHK,482.0,1.0,1.0,19.57,1,1957000.0,4060.1659751037346
Built-up  Area,Ready To Move,Bellandur,3 BHK,1444.0,4.0,1.0,104.87,3,10487000.0,7262.465373961219
Super built-up  Area,Ready To Move,Kanakapura Road,3 BHK,1468.0883209999997,3.0,2.0,56.97,3,5697000.0,3880.5567202656066
Super built-up  Area,Ready To Move,Rt Nagar,2 BHK,803.5,2.0,3.0,43.4,2,4340000.0,5401.369010578718
Built-up  Area,19-May,Indiranagar,4 BHK,2041.0,3.0,2.0,245.83,4,24583000.0,12044.585987261147
Super built-up  Area,Ready To Move,Basavanagudi,3 BHK,1452.0,3.0,1.0,121.35,3,12135000.0,8357.438016528926
Plot  Area,19-May,Bellandur,2 BHK,881.0,1.0,2.0,57.46,2,5746000.0,6522.133938706016
Carpet  Area,19-Mar,Jayanagar,3 BHK,1432.0,4.0,1.0,128.49,3,12849000.0,8972.765363128492
Carpet  Area,Ready To Move,Indiranagar,2 BHK,1268.0,2.0,1.0,126.7,2,12670000.0,9992.113564668769
Built-up  Area,Ready To Move,Vijayanagar,2 BHK,1474.0,2.0,1.0,99.81,2,9981000.0,6771.370420624152
Super built-up  Area,18-Dec,Btm Layout,3 Bedroom,1903.5,2.0,1.0,120.76,3,12076000.0,6344.1029682164435
Carpet  Area,Ready To Move,Other,3 BHK,1742.4,3.0,1.0,167.19,3,16719000.0,9595.385674931129
Built-up  Area,Ready To Move,Devanahalli Stage 2,3 BHK,1267.0,3.0,0.0,57.83,3,5783000.0,4564.325177584846
Built-up  Area,18-Jun,Varthur,3 BHK,1765.02,2.0,3.0,70.59,3,7059000.0,3999.388108916613
Carpet  Area,18-Nov,Rajaji Nagar,3 BHK,1435.0,3.0,0.0,136.49,3,13649000.0,9511.498257839721
Super built-up  Area,18-Dec,Harlur Colony,3 BHK,1514.66,2.0,2.0,158.23,3,15822999.999999998,10446.568866940434
Built-up  Area,Ready To Move,Electronic City,2 BHK,921.0,2.0,1.0,35.41,2,3540999.9999999995,3844.7339847991307
Carpet  Area,Ready To Move,Hennur,3 BHK,1836.0,3.0,2.0,119.33,3,11933000.0,6499.4553376906315
Carpet  Area,Ready To Move,Banashankari,2 BHK,857.4522739999999,2.0,2.0,64.17,2,6417000.0,7483.7984510377555
Super built-up  Area,19-Mar,Basavanagudi,2 BHK,1297.5,2.0,2.0,114.75,2,11475000.0,8843.930635838151
Built-up  Area,Ready To Move,Bellandur,2 BHK,1014.0,2.0,1.0,63.35,2,6335000.0,6247.534516765286
Carpet  Area,19-Aug,Marathahalli,3 BHK,1423.96,3.0,1.0,93.28,3,9328000.0,6550.745807466502
Carpet  Area,18-Dec,Bellandur,2 BHK,1122.48,2.0,0.0,71.65,2,7165000.000000001,6383.187228280237
Super built-up  Area,Ready To Move,Electronic City,2 BHK,1168.0,2.0,2.0,41.67,2,4167000.0,3567.6369863013697
Super built-up  Area,Ready To Move,Jp Nagar,3 BHK,1528.62,3.0,2.0,91.02,3,9102000.0,5954.390234329003
Carpet  Area,19-May,Mahadevapura Phase 2,2 BHK,1138.0,1.0,2.0,45.71,2,4571000.0,4016.695957820738
Super built-up  Area,Ready To Move,Thanisandra Phase 2,3 BHK,1855.0,2.0,2.0,82.85,3,8284999.999999999,4466.307277628031
Built-up  Area,19-Aug,Kanakapura Road,2 BHK,1132.0,2.0,0.0,52.47,2,5247000.0,4635.159010600707
Built-up  Area,19-May,Sathanur Gardens,2 BHK,1131.0,2.0,0.0,53.68,2,5368000.0,4746.242263483643
Plot  Area,Ready To Move,Whitefield,2 BHK,1425.83,3.0,1.0,77.83,2,7783000.0,5458.575005435431
Super built-up  Area,Ready To Move,Hebbal,1 BHK,616.0,1.0,2.0,39.97,1,3997000.0,6488.636363636364
Super built-up  Area,18-Dec,Marathahalli,2 Bedroom,1290.4650000000001,2.0,2.0,99.42,2,9942000.0,7704.199648963745
Super built-up  Area,Ready To Move,Chandapura Main Road,2 BHK,959.0,2.0,2.0,74.17,2,7417000.0,7734.098018769551
Super built-up  Area,Ready To Move,Doddakannelli Enclave,5 BHK,3362.0,5.0,1.0,350.08,5,35008000.0,10412.849494348602
Super built-up  Area,19-Aug,Btm Layout,6 BHK,3601.38,5.0,2.0,198.95,6,19895000.0,5524.271251575785
Built-up  Area,Ready To Move,Yelenahalli Enclave,2 BHK,943.97,2.0,3.0,71.19,2,7119000.0,7541.553227327139
Built-up  Area,19-May,Banashankari,3 BHK,1946.0,2.0,1.0,106.12,3,10612000.0,5453.237410071943
Carpet  Area,Ready To Move,Bannerghatta Road,2 BHK,1115.74,2.0,3.0,49.51,2,4951000.0,4437.413734382562
Built-up  Area,Ready To Move,Sarjapur Road,2 BHK,1378.102117,1.0,0.0,62.72,2,6272000.0,4551.186681037513
Super built-up  Area,Ready To Move,Sarjapur Road,3 BHK,1462.0,4.0,2.0,72.29,3,7229000.000000001,4944.5964432284545
Super built-up  Area,Ready To Move,Indiranagar,3 BHK,1394.0,3.0,0.0,132.31,3,13231000.0,9491.39167862267
Plot  Area,Ready To Move,Jp Nagar,2 Bedroom,1248.0,3.0,3.0,80.77,2,8077000.0,6471.955128205128
Super built-up  Area,Ready To Move,Jp Nagar,2 BHK,1003.0,2.0,1.0,77.55,2,7755000.0,7731.804586241276
Super built-up  Area,Ready To Move,Marathahalli,3 BHK,1708.0,4.0,2.0,89.52,3,8952000.0,5241.217798594847
Built-up  Area,Ready To Move,Dodballapur Road Phase 1,2 BHK,1151.0,2.0,0.0,41.61,2,4161000.0,3615.1172893136404
Built-up  Area,18-Jun,Electronic City,1 BHK,624.0,2.0,1.0,30.74,1,3074000.0,4926.282051282052
Super built-up  Area,Ready To Move,Indiranagar,4 BHK,1802.0,5.0,1.0,213.48,4,21348000.0,11846.836847946726
Built-up  Area,Ready To Move,Hebbal,2 BHK,1340.0,1.0,0.0,89.91,2,8991000.0,6709.701492537313
Super built-up  Area,19-Mar,Akshaya Nagar Extension,2 Bedroom,808.0,1.0,3.0,35.82,2,3582000.0,4433.168316831683
Super built-up  Area,Ready To Move,Bannerghatta Road,2 BHK,1123.05,3.0,2.0,52.43,2,5243000.0,4668.536574506923
Super built-up  Area,Ready To Move,Talaghattapura Main Road,3 BHK,1279.5,3.0,0.0,72.36,3,7236000.0,5655.334114888628
Super built-up  Area,Ready To Move,Talaghattapura Stage 2,3 BHK,1609.0,2.0,2.0,163.21,3,16321000.0,10143.567433188316
Built-up  Area,Ready To Move,Kaggadasapura Phase 2,3 BHK,1324.2240000000002,3.0,3.0,57.99,3,5799000.0,4379.168479048862
Super built-up  Area,Ready To Move,Kr Puram,3 BHK,1985.0,3.0,1.0,84.25,3,8425000.0,4244.332493702771
Built-up  Area,Ready To Move,Vasanthapura Phase 1,1 BHK,504.5,1.0,2.0,44.89,1,4489000.0,8897.918731417245
Super built-up  Area,19-Mar,Banashankari,2 BHK,969.0,2.0,3.0,70.63,2,7063000.0,7288.957688338493
Built-up  Area,Ready To Move,Bannerghatta Road,2 BHK,938.0,1.0,3.0,41.37,2,4136999.9999999995,4410.447761194029
Super built-up  Area,Ready To Move,Kaggadasapura Cross,3 BHK,2173.6440000000002,3.0,2.0,130.12,3,13012000.0,5986.260859643989
Super built-up  Area,Ready To Move,Bellandur,3 BHK,1918.0,3.0,2.0,116.76,3,11676000.0,6087.591240875912
Built-up  Area,18-Jun,Kalyan Nagar Block,2 BHK,1139.93,2.0,3.0,105.02,2,10502000.0,9212.846402849298
Plot  Area,Ready To Move,Hebbal,2 Bedroom,1163.0520000000001,1.0,1.0,83.42,2,8342000.0,7172.508193958653
Plot  Area,Ready To Move,Cv Raman Nagar,3 Bedroom,1446.0,2.0,1.0,89.09,3,8909000.0,6161.134163208852
Built-up  Area,Ready To Move,Varthur,2 BHK,1148.0,1.0,1.0,45.57,2,4557000.0,3969.512195121951
Carpet  Area,Ready To Move,Jayanagar,3 BHK,1548.0,4.0,2.0,149.51,3,14951000.0,9658.26873385013
Built-up  Area,Ready To Move,Yelahanka,2 Bedroom,1121.95,2.0,2.0,53.93,2,5393000.0,4806.8095726191
Built-up  Area,Ready To Move,Harlur Nagar,1 BHK,485.5,1.0,2.0,46.61,1,4661000.0,9600.411946446962
Super built-up  Area,Ready To Move,Uttarahalli,3 BHK,1921.1,2.0,3.0,81.88,3,8188000.0,4262.141481442924
Super built-up  Area,19-Aug,Sarjapur Road,3 BHK,1957.33,3.0,2.0,92.79,3,9279000.0,4740.641588286084
Plot  Area,Ready To Move,Kumaraswamy Layout Phase 1,4 BHK,2062.0,4.0,2.0,117.98,4,11798000.0,5721.629485935984
Super built-up  Area,19-May,Banashankari,3 BHK,1597.0,4.0,2.0,117.52,3,11752000.0,7358.797745773325
Super built-up  Area,19-Mar,Pattandur Agrahara Layout,3 BHK,1996.49,4.0,0.0,80.45,3,8045000.0,4029.571898682187
Super built-up  Area,Ready To Move,Koramangala,4 BHK,2515.0,4.0,3.0,341.03,4,34103000.0,13559.840954274354
Plot  Area,Ready To Move,Jayanagar,2 BHK,1282.47,2.0,1.0,100.11,2,10011000.0,7806.0305504222315
Built-up  Area,Ready To Move,Rt Nagar,5 BHK,3365.55,5.0,1.0,215.95,5,21595000.0,6416.484675610227
Built-up  Area,Ready To Move,Bellandur,4 BHK,1789.0,5.0,1.0,119.1,4,11910000.0,6657.350475125769
Built-up  Area,18-Nov,Sarjapur Road,4 Bedroom,2613.6,4.0,0.0,166.63,4,16663000.0,6375.497398224671
Carpet  Area,Ready To Move,Hennur,3 BHK,1742.4,3.0,3.0,97.28,3,9728000.0,5583.103764921946
Super built-up  Area,Ready To Move,Electronic City,3 BHK,1774.5,3.0,1.0,86.3,3,8630000.0,4863.3417864187095
Built-up  Area,Ready To Move,Whitefield,3 BHK,1611.0,3.0,3.0,91.1,3,9110000.0,5654.872749844817
Built-up  Area,Ready To Move,Harlur Colony,3 BHK,1575.69,3.0,0.0,148.81,3,14881000.0,9444.11654576725
Plot  Area,Ready To Move,Hennur,1 BHK,376.0,1.0,2.0,23.36,1,2336000.0,6212.765957446809
Super built-up  Area,Ready To Move,Jalahalli Gardens,2 BHK,1408.0,3.0,1.0,131.91,2,13191000.0,9368.607954545454
Plot  Area,Ready To Move,Yeshwanthpur,2 BHK,910.404,2.0,1.0,53.9,2,5390000.0,5920.448504180562
Carpet  Area,Ready To Move,Rajaji Nagar,1 Bedroom,688.78,1.0,1.0,67.93,1,6793000.000000001,9862.365341618515
Built-up  Area,Ready To Move,Nallurhalli Nagar,4 BHK,2222.0,5.0,0.0,77.13,4,7713000.0,3471.197119711971
Super built-up  Area,Ready To Move,Btm Layout,3 BHK,1522.0,4.0,1.0,106.06,3,10606000.0,6968.462549277267
Super built-up  Area,Ready To Move,Indiranagar,1 BHK,525.0,1.0,0.0,53.67,1,5367000.0,10222.857142857143
Super built-up  Area,Ready To Move,Bellandur,2 BHK,953.0,2.0,2.0,65.2,2,6520000.0,6841.552990556139
Carpet  Area,Ready To Move,Devanahalli Stage 2,3 BHK,1817.4845149999999,3.0,0.0,94.38,3,9438000.0,5192.891560894537
Super built-up  Area,Ready To Move,Rajaji Nagar,5 BHK,2617.0,5.0,1.0,227.28,5,22728000.0,8684.753534581581
Super built-up  Area,Ready To Move,Banashankari,2 BHK,1131.62,2.0,0.0,79.6,2,7959999.999999999,7034.163411745993
Super built-up  Area,19-Mar,Sarjapur Road,1 BHK,741.5,1.0,0.0,37.08,1,3708000.0,5000.674308833446
Carpet  Area,Ready To Move,Bannerghatta Road,4 BHK,2133.0,4.0,0.0,102.88,4,10288000.0,4823.253633380215
Built-up  Area,Ready To Move,Devanahalli Stage 2,3 BHK,1732.53,4.0,0.0,83.37,3,8337000.0,4812.037886789839
Built-up  Area,Ready To Move,Hsr Layout,3 BHK,1964.1,3.0,1.0,163.71,3,16371000.0,8335.11531999389
Super built-up  Area,Ready To Move,Dodballapur Road Phase 2,4 BHK,2221.0,3.0,2.0,225.67,4,22567000.0,10160.738406123368
Built-up  Area,Ready To Move,Vijayanagar,3 BHK,2145.33,3.0,3.0,145.75,3,14575000.0,6793.8265907809055
Super built-up  Area,Ready To Move,Vidyaranyapura Extension,2 BHK,1149.0,1.0,0.0,63.31,2,6331000.0,5510.008703220192
Plot  Area,Ready To Move,Jp Nagar,3 BHK,2062.0,4.0,2.0,163.34,3,16334000.0,7921.435499515034
Super built-up  Area,Ready To Move,Jayanagar,2 BHK,1407.0,2.0,2.0,136.33,2,13633000.000000002,9689.410092395168
Super built-up  Area,Ready To Move,Whitefield,3 BHK,2019.0,3.0,3.0,128.8,3,12880000.000000002,6379.395740465578
Super built-up  Area,Ready To Move,Banashankari,1 BHK,597.6,2.0,0.0,36.83,1,3683000.0,6162.985274431057
Plot  Area,Ready To Move,Malleshwaram,1 BHK,709.0,1.0,1.0,70.92,1,7092000.0,10002.820874471086
Super built-up  Area,Ready To Move,Talaghattapura Main Road,2 Bedroom,1379.2861459999997,2.0,0.0,84.06,2,8406000.0,6094.456922066411
Super built-up  Area,Ready To Move,Electronic City,3 BHK,2008.88,3.0,3.0,81.45,3,8145000.0,4054.4980287523395
Plot  Area,Ready To Move,Electronic City,2 BHK,1203.5,3.0,3.0,50.85,2,5085000.0,4225.176568342335
Super built-up  Area,Ready To Move,Old Airport Road Colony,2 BHK,1306.8,3.0,2.0,75.43,2,7543000.000000001,5772.115090296909
Super built-up  Area,19-Aug,Kr Puram,1 BHK,580.88,1.0,2.0,26.65,1,2665000.0,4587.86668502961
Carpet  Area,18-Dec,Electronic City,4 BHK,2052.0,4.0,2.0,92.12,4,9212000.0,4489.278752436647
Built-up  Area,Ready To Move,Kumaraswamy Layout Stage 2,3 BHK,1753.0,2.0,3.0,171.87,3,17187000.0,9804.335424985738
Built-up  Area,Ready To Move,Bellandur,2 BHK,1359.34,2.0,2.0,77.36,2,7736000.0,5690.997101534568
Super built-up  Area,19-May,Frazer Town,3 BHK,1696.0,4.0,2.0,182.44,3,18244000.0,10757.075471698114
Built-up  Area,Ready To Move,Rajaji Nagar,2 BHK,822.195,2.0,1.0,73.77,2,7377000.0,8972.324083702772
Built-up  Area,Ready To Move,Marathahalli,2 BHK,988.0,2.0,0.0,61.86,2,6186000.0,6261.133603238866
Plot  Area,Ready To Move,Yelahanka,2 BHK,1092.0,2.0,0.0,51.43,2,5143000.0,4709.706959706959
Super built-up  Area,Ready To Move,Btm Layout,2 BHK,1467.0,2.0,0.0,104.93,2,10493000.0,7152.692569870484
Super built-up  Area,Ready To Move,Marathahalli,2 BHK,861.0,2.0,2.0,54.32,2,5432000.0,6308.943089430894
Super built-up  Area,18-Jun,Marathahalli,3 BHK,1922.6,3.0,0.0,118.0,3,11800000.0,6137.5221054821595
Built-up  Area,Ready To Move,Harlur Nagar,2 BHK,1257.0,2.0,3.0,125.51,2,12551000.0,9984.884645982498
Super built-up  Area,18-Jun,Vijayanagar,2 BHK,838.53,2.0,3.0,58.86,2,5886000.0,7019.426854137598
Super built-up  Area,18-Nov,Jayanagar,2 BHK,1254.0,2.0,2.0,113.58,2,11358000.0,9057.416267942584
Plot  Area,Ready To Move,Rajaji Nagar,3 BHK,1794.4,3.0,3.0,141.99,3,14199000.0,7912.951404369148
Super built-up  Area,Ready To Move,Hennur,2 BHK,995.0,2.0,3.0,68.28,2,6828000.0,6862.311557788945
Super built-up  Area,18-Nov,Kengeri,2 BHK,936.02,2.0,0.0,39.65,2,3965000.0,4236.020597850474
Super built-up  Area,Ready To Move,Gunjur Nagar,2 BHK,894.0,1.0,2.0,46.91,2,4691000.0,5247.203579418345
Super built-up  Area,19-Aug,Electronic City,3 BHK,1971.0900000000001,3.0,2.0,75.91,3,7591000.0,3851.1686427306718
Super built-up  Area,Ready To Move,Kumaraswamy Layout Phase 1,2 BHK,1212.0,2.0,2.0,67.69,2,6769000.0,5584.983498349835
Super built-up  Area,19-Aug,Indiranagar,1 BHK,496.584,2.0,0.0,60.3,1,6030000.0,12142.96070755401
Built-up  Area,Ready To Move,Marathahalli,4 BHK,2561.0,5.0,1.0,151.54,4,15154000.0,5917.219836001562
Super built-up  Area,18-Jun,Marathahalli,2 BHK,989.05,2.0,2.0,62.26,2,6226000.0,6294.92947778171
Plot  Area,19-May,Kr Puram,3 BHK,1945.0,3.0,2.0,74.0,3,7400000.0,3804.6272493573265
Super built-up  Area,19-May,Varthur,3 BHK,1768.01,4.0,2.0,76.08,3,7608000.0,4303.143081769899
Super built-up  Area,Ready To Move,Anekal Stage 2,3 BHK,1428.0,3.0,2.0,68.98,3,6898000.0,4830.532212885154
Super built-up  Area,Ready To Move,Kanakapura Road,3 BHK,1753.0,3.0,2.0,75.07,3,7506999.999999999,4282.373074729036
Built-up  Area,Ready To Move,Btm Layout,5 Bedroom,3241.0,5.0,2.0,237.3,5,23730000.0,7321.8142548596115
Super built-up  Area,Ready To Move,Vijayanagar,3 Bedroom,1395.0,2.0,2.0,92.82,3,9282000.0,6653.763440860215
Built-up  Area,Ready To Move,Uttarahalli,2 BHK,1010.0475,2.0,0.0,40.16,2,4015999.9999999995,3976.0506312821917
Plot  Area,Ready To Move,Malleshwaram,2 Bedroom,1289.0,1.0,1.0,127.03,2,12703000.0,9854.926299456944
Built-up  Area,Ready To Move,Btm Layout,3 BHK,1530.0,2.0,1.0,120.01,3,12001000.0,7843.7908496732025
Built-up  Area,Ready To Move,Sarjapur Road,2 BHK,1297.0,2.0,0.0,79.07,2,7906999.999999999,6096.376252891287
Super built-up  Area,Ready To Move,Indiranagar,2 Bedroom,1487.0,3.0,1.0,161.26,2,16126000.0,10844.653665097512
Plot  Area,Ready To Move,Banashankari,4 BHK,2008.48,4.0,0.0,122.13,4,12213000.0,6080.717756711543
Built-up  Area,Ready To Move,Yelenahalli Enclave,4 BHK,2178.0,5.0,1.0,146.11,4,14611000.000000002,6708.448117539027
Built-up  Area,Ready To Move,Hennur,3 BHK,1940.01,2.0,2.0,107.1,3,10710000.0,5520.59010005103
Built-up  Area,Ready To Move,Sarjapur Stage 2,3 BHK,1891.0,4.0,0.0,131.12,3,13112000.0,6933.8974087784245
Super built-up  Area,Ready To Move,Jp Nagar,4 BHK,2432.76,4.0,0.0,143.38,4,14338000.0,5893.717423831368
Built-up  Area,19-Aug,Ambalipura Extension,4 Bedroom,2264.0,5.0,2.0,139.69,4,13969000.0,6170.053003533569
Super built-up  Area,Ready To Move,Rajaji Nagar,3 BHK,1426.0,2.0,1.0,133.61,3,13361000.000000002,9369.565217391306
Super built-up  Area,Ready To Move,Vidyaranyapura Extension,2 Bedroom,1097.0,3.0,2.0,63.07,2,6307000.0,5749.316317228806
Built-up  Area,Ready To Move,Whitefield,2 Bedroom,1274.56,2.0,0.0,62.91,2,6291000.0,4935.820989204118
Built-up  Area,19-Aug,Bellandur,2 BHK,892.9799999999999,2.0,3.0,49.37,2,4937000.0,5528.679253734686
Super built-up  Area,Ready To Move,Bannerghatta Road,2 Bedroom,1141.0,2.0,1.0,50.56,2,5056000.0,4431.200701139352
Carpet  Area,Ready To Move,Attibele Phase 1,3 Bedroom,1600.83,2.0,0.0,128.98,3,12897999.999999998,8057.070394732732
Super built-up  Area,Ready To Move,Bellandur,2 Bedroom,971.0,2.0,3.0,66.31,2,6631000.0,6829.042224510814
Super built-up  Area,Ready To Move,Basavanagudi,1 Bedroom,490.05,2.0,0.0,46.93,1,4693000.0,9576.573818998062
Super built-up  Area,Ready To Move,Gottigere Phase 2,2 BHK,1538.0,2.0,1.0,141.54,2,14154000.0,9202.860858257478
Super built-up  Area,Ready To Move,Electronic City,2 Bedroom,1383.0,1.0,0.0,69.65,2,6965000.000000001,5036.153289949386
Super built-up  Area,Ready To Move,Marathahalli,3 BHK,1292.0,3.0,0.0,86.03,3,8603000.0,6658.668730650154
Super built-up  Area,Ready To Move,Marathahalli,3 BHK,2063.0,3.0,1.0,124.03,3,12403000.0,6012.118274357731
Super built-up  Area,Ready To Move,Uttarahalli,3 BHK,1834.64,3.0,2.0,82.45,3,8245000.0,4494.069681245367
Plot  Area,Ready To Move,Hsr Layout,4 BHK,2535.0,4.0,1.0,212.75,4,21275000.0,8392.50493096647
Carpet  Area,Ready To Move,Indiranagar,3 BHK,1389.564,3.0,3.0,199.71,3,19971000.0,14372.13399310863
Super built-up  Area,Ready To Move,Horamavu Stage 2,1 BHK,518.2,2.0,0.0,57.45,1,5745000.0,11086.453106908528
Plot  Area,Ready To Move,Whitefield,2 BHK,1137.39,1.0,1.0,57.12,2,5712000.0,5022.024107825811
Super built-up  Area,Ready To Move,Marathahalli,1 BHK,635.0,1.0,3.0,40.69,1,4069000.0,6407.8740157480315
Super built-up  Area,Ready To Move,Sarjapur Road,3 BHK,1418.98,2.0,1.0,71.72,3,7172000.0,5054.334803873205
Built-up  Area,Ready To Move,Singasandra Nagar,3 BHK,1981.05,3.0,0.0,177.4,3,17740000.0,8954.847177002095
Built-up  Area,Ready To Move,Hsr Layout,1 BHK,515.35,1.0,1.0,36.21,1,3621000.0,7026.292810711167
Plot  Area,Ready To Move,Sarjapur Road,3 Bedroom,1374.0,2.0,2.0,78.39,3,7839000.0,5705.240174672489
Carpet  Area,Ready To Move,Kr Puram,2 BHK,1357.0,2.0,3.0,57.49,2,5749000.0,4236.551215917465
Super built-up  Area,18-Jun,Hsr Layout,4 BHK,2429.0,5.0,3.0,170.05,4,17005000.0,7000.823384108687
Super built-up  Area,Ready To Move,Varthur,2 BHK,1116.0,2.0,2.0,39.95,2,3995000.0000000005,3579.7491039426527
Built-up  Area,18-Jun,Whitefield,2 BHK,1186.5,1.0,0.0,64.79,2,6479000.000000001,5460.598398651497
Super built-up  Area,Ready To Move,Bellandur,2 BHK,1345.0,1.0,1.0,94.72,2,9472000.0,7042.3791821561335
Built-up  Area,Ready To Move,Bellandur,2 BHK,1410.5,1.0,0.0,86.3,2,8630000.0,6118.397731300957
Super built-up  Area,Ready To Move,Varthur,2 BHK,1107.0,1.0,3.0,50.18,2,5018000.0,4532.971996386631
Super built-up  Area,Ready To Move,Bellandur,2 BHK,1306.8,3.0,3.0,82.6,2,8259999.999999999,6320.783593510866
Super built-up  Area,19-Aug,Btm Layout,2 BHK,1233.8,3.0,3.0,86.34,2,8634000.0,6997.892689252715
Super built-up  Area,Ready To Move,Sarjapur Road,2 BHK,1395.0,1.0,1.0,73.8,2,7380000.0,5290.322580645161
Super built-up  Area,Ready To Move,Electronic City,3 Bedroom,1401.5,2.0,2.0,66.64,3,6664000.0,4754.905458437389
Super built-up  Area,19-May,Dodballapur Road Phase 2,1 Bedroom,360.0,1.0,2.0,35.12,1,3511999.9999999995,9755.555555555555
Super built-up  Area,Ready To Move,Marathahalli,4 BHK,2389.0,3.0,3.0,130.51,4,13051000.0,5462.955211385517
Super built-up  Area,Ready To Move,Hsr Layout,3 BHK,1742.4,2.0,2.0,142.2,3,14219999.999999998,8161.157024793387
Super built-up  Area,Ready To Move,Cv Raman Nagar,3 BHK,1756.56,4.0,3.0,121.14,3,12114000.0,6896.433939062714
Plot  Area,Ready To Move,Hebbal,3 BHK,1580.0,3.0,3.0,105.01,3,10501000.0,6646.202531645569
Super built-up  Area,Ready To Move,Electronic City,4 BHK,2529.0,4.0,2.0,83.44,4,8344000.0,3299.327797548438
Built-up  Area,Ready To Move,Mahadevapura Nagar,2 Bedroom,1238.0,2.0,1.0,53.11,2,5311000.0,4289.983844911147
Super built-up  Area,Ready To Move,Other,5 Bedroom,3422.5,5.0,1.0,165.13,5,16513000.0,4824.835646457268
Built-up  Area,Ready To Move,Domlur,2 BHK,1306.8,3.0,1.0,156.06,2,15606000.0,11942.14876033058
Super built-up  Area,18-Dec,Rajarajeshwari Nagar Gardens,2 BHK,1306.8,1.0,3.0,69.71,2,6970999.999999999,5334.404652586471
Super built-up  Area,Ready To Move,Jp Nagar,2 BHK,1335.5,2.0,0.0,83.96,2,8396000.0,6286.783976038937
Super built-up  Area,Ready To Move,Hebbal,2 BHK,977.0,2.0,0.0,70.15,2,7015000.000000001,7180.143295803481
Super built-up  Area,18-Dec,Uttarahalli,2 BHK,944.23,3.0,3.0,36.94,2,3694000.0,3912.1824131832286
Super built-up  Area,18-Nov,Varthur,3 BHK,1720.58,3.0,1.0,69.71,3,6970999.999999999,4051.540759511327
Plot  Area,18-Dec,Kengeri,2 BHK,1306.73746,2.0,2.0,58.08,2,5808000.0,4444.65715400858
Super built-up  Area,Ready To Move,Indiranagar,2 BHK,1420.056,1.0,3.0,157.06,2,15706000.0,11060.127206251022
Super built-up  Area,Ready To Move,Hennur,4 BHK,2439.28,3.0,2.0,156.1,4,15610000.0,6399.429339805188
Built-up  Area,Ready To Move,Jalahalli Block,3 BHK,2181.0,3.0,3.0,165.83,3,16583000.000000002,7603.3929390188
Super built-up  Area,Ready To Move,Electronic City,3 BHK,1442.0,3.0,1.0,63.58,3,6358000.0,4409.153952843273
Super built-up  Area,Ready To Move,Subramanyapura Enclave,2 BHK,1086.0,3.0,2.0,42.84,2,4284000.0,3944.75138121547
Built-up  Area,Ready To Move,Jayanagar,3 BHK,1934.0,2.0,1.0,202.27,3,20227000.0,10458.634953464323
Super built-up  Area,19-May,Kr Puram,3 BHK,2030.3,3.0,3.0,96.03,3,9603000.0,4729.842880362508
Super built-up  Area,Ready To Move,Btm Layout,1 BHK,581.0,1.0,2.0,40.44,1,4044000.0,6960.4130808950085
Super built-up  Area,Ready To Move,Marathahalli,3 BHK,1863.0,3.0,2.0,116.22,3,11622000.0,6238.325281803543
Super built-up  Area,Ready To Move,Bellandur,3 BHK,1448.0,3.0,3.0,86.73,3,8673000.0,5989.640883977901
Super built-up  Area,Ready To Move,Whitefield,3 BHK,2113.92,4.0,2.0,112.68,3,11268000.0,5330.381471389645
Super built-up  Area,Ready To Move,Nallurhalli Nagar,2 BHK,1272.97,2.0,3.0,51.41,2,5141000.0,4038.586926636134
Super built-up  Area,Ready To Move,Indiranagar,2 BHK,1302.94,1.0,3.0,111.11,2,11111000.0,8527.637496738145
Built-up  Area,Ready To Move,Bannerghatta Road,2 BHK,1369.0,2.0,0.0,66.26,2,6626000.000000001,4840.029218407598
Carpet  Area,Ready To Move,Vijayanagar,2 BHK,1277.89,2.0,1.0,86.24,2,8624000.0,6748.624686005837
Built-up  Area,Ready To Move,Domlur,3 BHK,1467.4275,3.0,1.0,161.26,3,16126000.0,10989.299300987612
Super built-up  Area,Ready To Move,Yelahanka,3 Bedroom,1385.0,3.0,0.0,69.84,3,6984000.0,5042.599277978339
Super built-up  Area,18-Jun,Kaggadasapura Block,3 BHK,1346.0,3.0,2.0,88.96,3,8896000.0,6609.212481426449
Super built-up  Area,Ready To Move,Ramamurthy Nagar Extension,5 BHK,3453.37,5.0,2.0,124.77,5,12477000.0,3612.9925261411317
Super built-up  Area,18-Jun,Other,1 BHK,601.5,1.0,2.0,36.32,1,3632000.0,6038.237738985868
Super built-up  Area,Ready To Move,Ramamurthy Nagar Cross,1 BHK,577.0,1.0,0.0,40.12,1,4011999.9999999995,6953.20623916811
Built-up  Area,Ready To Move,Other,3 BHK,2006.0,3.0,1.0,175.82,3,17582000.0,8764.70588235294
Super built-up  Area,Ready To Move,Koramangala,2 Bedroom,1092.66,1.0,0.0,121.86,2,12186000.0,11152.600076876612
Built-up  Area,Ready To Move,Kr Puram,2 BHK,876.0,2.0,2.0,36.61,2,3661000.0,4179.223744292238
Carpet  Area,Ready To Move,Malleshwaram,3 Bedroom,1391.33,3.0,1.0,150.63,3,15063000.0,10826.331639510398
Carpet  Area,Ready To Move,Bellandur,2 BHK,1208.7900000000002,2.0,2.0,84.65,2,8465000.0,7002.870639234275
Super built-up  Area,19-Aug,Koramangala,1 BHK,622.908,1.0,0.0,88.36,1,8836000.0,14185.08030078278
Super built-up  Area,19-Mar,Munnekollal Extension,3 Bedroom,1637.24,4.0,2.0,65.86,3,6586000.0,4022.623439446874
Super built-up  Area,Ready To Move,Kr Puram,4 BHK,2109.0,3.0,2.0,81.09,4,8109000.0,3844.950213371266
Super built-up  Area,Ready To Move,Whitefield,4 Bedroom,2513.95,5.0,3.0,136.84,4,13684000.0,5443.226794486764
Built-up  Area,19-Mar,Hebbal,4 Bedroom,2142.0,4.0,0.0,167.11,4,16711000.000000002,7801.587301587302
Super built-up  Area,Ready To Move,Yelahanka,3 BHK,1826.0,3.0,2.0,75.02,3,7502000.0,4108.433734939759
Super built-up  Area,18-Nov,Jp Nagar,3 BHK,1542.0,3.0,1.0,116.32,3,11632000.0,7543.450064850843
Super built-up  Area,Ready To Move,Hennur,4 BHK,2187.46,5.0,0.0,144.65,4,14465000.0,6612.692346374333
Super built-up  Area,Ready To Move,Jalahalli Block,2 Bedroom,781.3575000000001,1.0,2.0,48.2,2,4820000.0,6168.751179837654
Carpet  Area,Ready To Move,Btm Layout,1 BHK,604.0,1.0,1.0,38.27,1,3827000.0000000005,6336.092715231789
Super built-up  Area,19-Aug,Sarjapur Road,2 BHK,1158.0,2.0,2.0,64.64,2,6464000.0,5582.037996545769
Built-up  Area,19-Mar,Bellandur,3 BHK,1705.0,3.0,2.0,118.26,3,11826000.0,6936.0703812316715
Built-up  Area,Ready To Move,Banashankari,2 Bedroom,1312.0,2.0,0.0,84.87,2,8487000.0,6468.75
Super built-up  Area,Ready To Move,Whitefield,4 BHK,2410.0,4.0,3.0,155.92,4,15591999.999999998,6469.709543568464
Carpet  Area,Ready To Move,Electronic City,1 BHK,582.0,1.0,2.0,26.04,1,2604000.0,4474.226804123711
Plot  Area,Ready To Move,Electronic City,2 BHK,1455.0,2.0,3.0,69.66,2,6966000.0,4787.628865979382
Super built-up  Area,Ready To Move,Kr Puram,2 BHK,939.5,2.0,2.0,44.44,2,4444000.0,4730.175625332624
Super built-up  Area,Ready To Move,Yelahanka,2 BHK,1316.0,2.0,0.0,57.26,2,5726000.0,4351.063829787234
Super built-up  Area,Ready To Move,Ramamurthy Nagar Extension,4 BHK,2308.6800000000003,4.0,2.0,87.92,4,8792000.0,3808.236741341372
Super built-up  Area,Ready To Move,Yeshwanthpur,2 BHK,1044.0,3.0,3.0,73.14,2,7314000.0,7005.747126436781
Super built-up  Area,18-Nov,Banashankari,2 BHK,984.0,3.0,2.0,69.15,2,6915000.000000001,7027.439024390244
Built-up  Area,Ready To Move,Vijayanagar,3 BHK,1701.0,3.0,1.0,112.6,3,11260000.0,6619.635508524398
Built-up  Area,Ready To Move,Rajaji Nagar,3 BHK,1263.789499,3.0,2.0,121.29,3,12129000.0,9597.326144581299
Super built-up  Area,Ready To Move,Varthur,3 BHK,1453.0,3.0,0.0,69.68,3,6968000.000000001,4795.59532002753
Super built-up  Area,19-May,Vidyaranyapura Extension,3 BHK,1248.6124,2.0,3.0,67.55,3,6755000.0,5410.005538948676
Plot  Area,Ready To Move,Whitefield,2 Bedroom,1405.0,3.0,1.0,81.94,2,8194000.0,5832.02846975089
Super built-up  Area,Ready To Move,Jp Nagar,2 BHK,999.0,2.0,2.0,70.44,2,7044000.0,7051.051051051051
Super built-up  Area,19-Aug,Yeshwanthpur,2 BHK,1085.0,1.0,1.0,70.19,2,7019000.0,6469.124423963133
Plot  Area,Ready To Move,Domlur,2 BHK,891.0,2.0,1.0,96.0,2,9600000.0,10774.410774410775
Built-up  Area,Ready To Move,Electronic City,2 BHK,1292.0,3.0,2.0,44.54,2,4454000.0,3447.3684210526317
Plot  Area,19-May,Sarjapur Road,1 BHK,615.0,1.0,0.0,38.2,1,3820000.0000000005,6211.382113821139
Built-up  Area,Ready To Move,Indiranagar,2 Bedroom,1084.6440000000002,2.0,0.0,149.69,2,14969000.0,13800.84156644945
Super built-up  Area,Ready To Move,Hebbal,1 BHK,421.47,1.0,0.0,25.05,1,2505000.0,5943.483521958858
Super built-up  Area,Ready To Move,Kadugodi Colony,3 BHK,1576.0,3.0,0.0,80.64,3,8064000.0,5116.751269035533
Super built-up  Area,Ready To Move,Kengeri,4 BHK,2484.0,5.0,2.0,102.61,4,10261000.0,4130.837359098228
Super built-up  Area,Ready To Move,Sarjapur Road,2 BHK,876.0,1.0,2.0,48.74,2,4874000.0,5563.92694063927
Plot  Area,Ready To Move,Dodballapur Road Phase 2,4 BHK,2358.0,4.0,2.0,220.13,4,22013000.0,9335.453774385072
Super built-up  Area,18-Jun,Gunjur Gardens,2 BHK,1263.5,2.0,0.0,43.0,2,4300000.0,3403.244954491492
Built-up  Area,Ready To Move,Vijayanagar,2 BHK,1304.44,2.0,0.0,79.71,2,7970999.999999999,6110.668179448651
Carpet  Area,Ready To Move,Begur Gardens,3 BHK,1438.0,4.0,1.0,143.34,3,14334000.0,9968.011126564674
Super built-up  Area,19-May,Singasandra Nagar,3 BHK,1667.25,2.0,3.0,154.72,3,15472000.0,9279.952016794123
Super built-up  Area,Ready To Move,Jp Nagar,2 BHK,933.8175,1.0,2.0,60.08,2,6008000.0,6433.805320632779
Built-up  Area,19-Aug,Banashankari,2 BHK,980.5,2.0,2.0,69.52,2,6952000.0,7090.2600713921465
Plot  Area,Ready To Move,Devanahalli Extension,1 BHK,592.0,1.0,1.0,53.4,1,5340000.0,9020.27027027027
Built-up  Area,18-Jun,Rt Nagar,2 BHK,925.59,3.0,1.0,57.68,2,5768000.0,6231.700861072397
Super built-up  Area,Ready To Move,Hebbal,3 BHK,1742.4,4.0,2.0,127.96,3,12796000.0,7343.893480257117
Built-up  Area,18-Dec,Indiranagar,2 BHK,1332.67,2.0,0.0,159.2,2,15919999.999999998,11945.943106695579
Built-up  Area,Ready To Move,Cv Raman Nagar,2 BHK,996.0,2.0,2.0,60.24,2,6024000.0,6048.192771084337
Carpet  Area,Ready To Move,Hennur,2 Bedroom,1336.0,1.0,0.0,94.26,2,9426000.0,7055.389221556886
Plot  Area,Ready To Move,Hebbal,3 Bedroom,1768.5,3.0,0.0,105.3,3,10530000.0,5954.198473282443
Built-up  Area,Ready To Move,Harlur Colony,2 BHK,912.5,1.0,1.0,83.48,2,8348000.0,9148.493150684932
Super built-up  Area,19-Aug,Marathahalli,3 BHK,2191.0,3.0,1.0,143.72,3,14372000.0,6559.561843906892
Super built-up  Area,18-Dec,Whitefield,1 BHK,761.0,2.0,0.0,36.72,1,3672000.0,4825.229960578186
Carpet  Area,19-Aug,Uttarahalli,3 BHK,2095.0,2.0,2.0,72.52,3,7252000.0,3461.5751789976134
Built-up  Area,Ready To Move,Varthur,3 Bedroom,1577.0,3.0,1.0,62.88,3,6288000.0,3987.317691819911
Built-up  Area,Ready To Move,Kengeri,3 BHK,1515.5,3.0,2.0,65.36,3,6536000.0,4312.76806334543
Super built-up  Area,18-Dec,Banashankari,2 BHK,1406.0,2.0,1.0,82.42,2,8242000.0,5862.019914651493
Plot  Area,18-Nov,Indiranagar,2 BHK,1426.5,3.0,3.0,150.78,2,15078000.0,10569.926393270242
Carpet  Area,Ready To Move,Malleshwaram,3 BHK,1907.0,3.0,2.0,173.84,3,17384000.0,9115.888830624017
Built-up  Area,Ready To Move,Indiranagar,2 BHK,1111.0,2.0,0.0,144.65,2,14465000.0,13019.801980198019
Super built-up  Area,Ready To Move,Yelenahalli Enclave,1 BHK,734.75,2.0,2.0,51.31,1,5131000.0,6983.327662470228
Built-up  Area,Ready To Move,Vijayanagar,2 BHK,1181.0,1.0,0.0,69.1,2,6909999.999999999,5850.973751058425
Built-up  Area,18-Jun,Nagavara Enclave,3 BHK,2007.0,3.0,1.0,79.37,3,7937000.0,3954.6586945690083
Super built-up  Area,Ready To Move,Rajaji Nagar,2 Bedroom,1378.4250339999999,3.0,1.0,132.17,2,13216999.999999998,9588.479368838856
Carpet  Area,18-Dec,Bannerghatta Road,2 BHK,1063.0,2.0,3.0,59.05,2,5905000.0,5555.032925682032
Super built-up  Area,Ready To Move,Rajaji Nagar,5 BHK,2741.5,5.0,2.0,240.09,5,24009000.0,8757.614444647092
Super built-up  Area,Ready To Move,Harlur Nagar,1 BHK,561.0,1.0,0.0,58.3,1,5830000.0,10392.156862745098
Super built-up  Area,Ready To Move,Kanakapura Road,2 Bedroom,1315.0,2.0,1.0,49.96,2,4996000.0,3799.2395437262358
Built-up  Area,Ready To Move,Thanisandra Phase 1,3 Bedroom,1807.74,3.0,1.0,55.76,3,5576000.0,3084.5143660039607
Built-up  Area,Ready To Move,Malleshwaram,3 BHK,1612.862776,3.0,3.0,162.95,3,16294999.999999998,10103.153375771131
Carpet  Area,Ready To Move,Varthur,2 Bedroom,979.0,2.0,3.0,45.08,2,4508000.0,4604.698672114402
Super built-up  Area,18-Jun,Hennur,2 BHK,1290.11,1.0,2.0,69.29,2,6929000.000000001,5370.859849160151
Super built-up  Area,19-Mar,Kr Puram,3 BHK,1620.0,3.0,3.0,74.46,3,7445999.999999999,4596.296296296296
Super built-up  Area,Ready To Move,Whitefield,2 BHK,1148.0,2.0,1.0,63.9,2,6390000.0,5566.202090592335
Built-up  Area,Ready To Move,Nagavara Main Road,4 BHK,2482.0,4.0,0.0,103.37,4,10337000.0,4164.786462530217
Super built-up  Area,Ready To Move,Bellandur,3 BHK,1492.5,3.0,3.0,89.8,3,8980000.0,6016.750418760469
Super built-up  Area,Ready To Move,Thanisandra Phase 2,4 BHK,2077.0,4.0,0.0,91.36,4,9136000.0,4398.651901781415
Carpet  Area,Ready To Move,Kr Puram,2 BHK,1124.0,2.0,0.0,52.36,2,5236000.0,4658.362989323843
Super built-up  Area,19-Mar,Bellandur,3 Bedroom,1723.0,2.0,0.0,109.4,3,10940000.0,6349.390597794544
Super built-up  Area,Ready To Move,Yelahanka,3 BHK,1738.0,3.0,3.0,64.75,3,6475000.0,3725.5466052934407
Built-up  Area,18-Nov,Rt Nagar,3 BHK,1694.0,3.0,2.0,104.35,3,10435000.0,6159.976387249115
Super built-up  Area,Ready To Move,Jp Nagar,2 BHK,949.0,2.0,1.0,71.61,2,7161000.0,7545.837723919915
Super built-up  Area,18-Nov,Bellandur,2 BHK,933.8759640000001,2.0,0.0,69.5,2,6950000.0,7442.1018078585
Super built-up  Area,Ready To Move,Yeshwanthpur,3 Bedroom,2132.0,3.0,0.0,133.53,3,13353000.0,6263.13320825516
Super built-up  Area,Ready To Move,Electronic City,2 BHK,1227.0,2.0,2.0,51.69,2,5169000.0,4212.7139364303175
Super built-up  Area,19-Aug,Haralur Road Block,2 BHK,909.71,2.0,0.0,98.34,2,9834000.0,10810.0383638742
Super built-up  Area,19-Mar,Basavanagudi,5 Bedroom,2431.1925,5.0,0.0,223.85,5,22385000.0,9207.415702376507
Super built-up  Area,18-Dec,Vijayanagar,2 BHK,1108.0,2.0,2.0,67.91,2,6791000.0,6129.061371841155
Super built-up  Area,Ready To Move,Dodballapur Road Phase 1,3 BHK,1340.0,3.0,2.0,46.0,3,4600000.0,3432.8358208955224
Super built-up  Area,Ready To Move,Marathahalli,4 BHK,2089.97,4.0,3.0,112.17,4,11217000.0,5367.062685110313
Plot  Area,Ready To Move,Sarjapur Road,3 BHK,1318.5,3.0,1.0,70.34,3,7034000.0,5334.850208570345
Built-up  Area,19-Mar,Sarjapur Road,2 BHK,1226.0,1.0,0.0,78.67,2,7867000.0,6416.802610114192
Plot  Area,Ready To Move,Sarjapur Road,3 BHK,1879.0,3.0,1.0,86.62,3,8662000.0,4609.898882384247
Super built-up  Area,Ready To Move,Hsr Layout,3 BHK,1915.0,4.0,0.0,142.79,3,14279000.0,7456.3968668407315
Super built-up  Area,Ready To Move,Varthur,2 BHK,1306.15,2.0,0.0,65.49,2,6548999.999999999,5013.972361520498
Built-up  Area,Ready To Move,Yeshwanthpur,2 Bedroom,1031.8275,2.0,0.0,72.41,2,7241000.0,7017.645875885261
Super built-up  Area,Ready To Move,Hsr Layout,3 BHK,1924.0,3.0,0.0,143.67,3,14366999.999999998,7467.255717255716
Built-up  Area,Ready To Move,Singasandra Extension,3 BHK,1753.2900000000002,2.0,3.0,144.58,3,14458000.000000002,8246.211408266745
Super built-up  Area,Ready To Move,Old Airport Road Colony,2 BHK,1204.588049,2.0,1.0,64.29,2,6429000.000000001,5337.094291560584
Super built-up  Area,Ready To Move,Electronic City,3 BHK,1447.82,3.0,2.0,74.5,3,7450000.0,5145.667279081654
Built-up  Area,18-Nov,Hennur,3 BHK,1497.0,3.0,0.0,94.39,3,9439000.0,6305.277221108884
Super built-up  Area,19-Aug,Begur Gardens,2 BHK,938.0,1.0,1.0,87.86,2,8786000.0,9366.737739872067
Super built-up  Area,18-Nov,Subramanyapura Stage 2,4 BHK,2604.5,4.0,3.0,117.94,4,11794000.0,4528.316375503936
Super built-up  Area,18-Dec,Kaggadasapura Block,3 BHK,2107.57162,3.0,1.0,143.53,3,14353000.0,6810.20747470494
Built-up  Area,18-Dec,Kr Puram,2 BHK,812.0,2.0,0.0,34.9,2,3490000.0,4298.029556650246
Plot  Area,18-Jun,Kengeri,1 BHK,601.0,1.0,3.0,24.33,1,2433000.0,4048.252911813644
Super built-up  Area,19-Mar,Kr Puram,3 BHK,2110.0,3.0,0.0,102.14,3,10214000.0,4840.758293838862
Super built-up  Area,Ready To Move,Btm Layout,2 BHK,1371.12,2.0,2.0,87.48,2,8748000.0,6380.185541746893
Built-up  Area,Ready To Move,Ambalipura Extension,3 BHK,1440.5,3.0,0.0,80.11,3,8011000.0,5561.263450190906
Carpet  Area,18-Jun,Basavanagudi,4 Bedroom,2260.0,4.0,1.0,195.1,4,19510000.0,8632.743362831858
Super built-up  Area,Ready To Move,Whitefield,2 BHK,1356.0,2.0,1.0,62.73,2,6273000.0,4626.1061946902655
Built-up  Area,Ready To Move,Kaggadasapura Block,2 BHK,1121.0,2.0,0.0,69.26,2,6926000.000000001,6178.412132024979
Super built-up  Area,Ready To Move,Marathahalli,3 Bedroom,1556.97,4.0,1.0,91.69,3,9169000.0,5889.002357142398
Super built-up  Area,19-May,Ramamurthy Nagar Cross,3 BHK,1530.0,4.0,3.0,91.43,3,9143000.0,5975.816993464052
Built-up  Area,Ready To Move,Rajaji Nagar,3 BHK,1772.0,4.0,2.0,155.97,3,15597000.0,8801.918735891648
Super built-up  Area,Ready To Move,Vijayanagar,5 Bedroom,3374.81,5.0,0.0,218.37,5,21837000.0,6470.586492276602
Super built-up  Area,Ready To Move,Horamavu Stage 2,3 Bedroom,2127.25,4.0,2.0,233.39,3,23339000.0,10971.442002585498
Plot  Area,Ready To Move,Malleshwaram,2 BHK,1255.0,2.0,1.0,104.9,2,10490000.0,8358.565737051793
Carpet  Area,Ready To Move,Koramangala,2 BHK,1387.0,2.0,2.0,187.84,2,18784000.0,13542.898341744773
Built-up  Area,Ready To Move,Yelahanka,2 BHK,1203.0,1.0,3.0,58.99,2,5899000.0,4903.574397339983
Built-up  Area,18-Jun,Vasanthapura Phase 1,2 BHK,1057.0,2.0,2.0,106.13,2,10613000.0,10040.681173131505
Built-up  Area,Ready To Move,Whitefield,2 BHK,885.223136,2.0,1.0,49.58,2,4958000.0,5600.847739252943
Carpet  Area,Ready To Move,Uttarahalli,3 BHK,1435.0,3.0,0.0,65.17,3,6517000.0,4541.463414634146
Carpet  Area,Ready To Move,Sompura Main Road,2 BHK,1307.88,3.0,1.0,76.5,2,7650000.0,5849.16047343793
Plot  Area,Ready To Move,Malleshwaram,3 BHK,1923.0,3.0,0.0,190.61,3,19061000.0,9912.116484659386
Super built-up  Area,Ready To Move,Pattandur Agrahara Phase 2,3 BHK,1894.86,3.0,2.0,89.62,3,8962000.0,4729.637018038272
Carpet  Area,18-Dec,Hsr Layout,3 BHK,1758.0,4.0,0.0,130.75,3,13075000.0,7437.428896473265
Built-up  Area,Ready To Move,Indiranagar,2 Bedroom,1404.0,2.0,2.0,177.85,2,17785000.0,12667.378917378917
Super built-up  Area,Ready To Move,Varthur,3 BHK,1935.0,3.0,2.0,93.27,3,9327000.0,4820.15503875969
Super built-up  Area,Ready To Move,Jp Nagar,5 BHK,3310.56,5.0,1.0,201.38,5,20138000.0,6082.958774346334
Super built-up  Area,Ready To Move,Kengeri,1 BHK,679.0,1.0,1.0,30.2,1,3020000.0,4447.717231222386
Built-up  Area,Ready To Move,Jp Nagar,3 BHK,1646.0,4.0,1.0,107.19,3,10719000.0,6512.150668286756
Built-up  Area,Ready To Move,Anekal Stage 2,3 BHK,1654.71,2.0,1.0,75.0,3,7500000.0,4532.516271733415
Built-up  Area,Ready To Move,Mahadevapura Nagar,1 Bedroom,528.0,2.0,1.0,19.67,1,1967000.0000000002,3725.3787878787884
Plot  Area,19-May,Marathahalli,4 Bedroom,2611.28,4.0,1.0,161.02,4,16102000.000000002,6166.324561134769
Built-up  Area,Ready To Move,Marathahalli,2 Bedroom,1417.0,2.0,0.0,81.46,2,8145999.999999999,5748.764996471418
Built-up  Area,Ready To Move,Banashankari,5 BHK,2579.5,5.0,0.0,166.53,5,16653000.0,6455.902306648575
Super built-up  Area,Ready To Move,Indiranagar,3 Bedroom,2142.0,3.0,1.0,253.69,3,25369000.0,11843.60410830999
Carpet  Area,Ready To Move,Ambalipura Phase 2,4 BHK,2356.5,4.0,2.0,233.68,4,23368000.0,9916.401442817738
Built-up  Area,Ready To Move,Malleshwaram,3 BHK,1350.0,2.0,0.0,142.15,3,14215000.0,10529.62962962963
Super built-up  Area,Ready To Move,Electronic City,2 BHK,1010.0,1.0,3.0,42.07,2,4207000.0,4165.346534653465
Super built-up  Area,Ready To Move,Devanahalli Extension,2 Bedroom,925.65,2.0,2.0,91.98,2,9198000.0,9936.801166747691
Super built-up  Area,Ready To Move,Marathahalli,5 BHK,3454.0,6.0,3.0,182.91,5,18291000.0,5295.599305153445
Super built-up  Area,Ready To Move,Banashankari,2 BHK,1462.0,2.0,3.0,81.62,2,8162000.0,5582.763337893297
Plot  Area,19-Aug,Marathahalli,2 BHK,1281.0,3.0,1.0,75.64,2,7564000.0,5904.761904761905
Built-up  Area,Ready To Move,Sarjapur Road,4 Bedroom,2196.0,4.0,1.0,136.48,4,13647999.999999998,6214.9362477231325
Carpet  Area,Ready To Move,Uttarahalli,2 BHK,1264.98,2.0,2.0,57.63,2,5763000.0,4555.803253806384
Built-up  Area,Ready To Move,Malleshwaram,2 Bedroom,1276.0,3.0,1.0,144.68,2,14468000.0,11338.557993730408
Super built-up  Area,Ready To Move,Basavanagudi,4 BHK,2497.0,4.0,0.0,260.3,4,26030000.0,10424.509411293553
Super built-up  Area,18-Dec,Kengeri,5 Bedroom,2336.0,6.0,1.0,92.5,5,9250000.0,3959.7602739726026
Super built-up  Area,Ready To Move,Bannerghatta Road,4 BHK,2429.5,4.0,2.0,114.02,4,11402000.0,4693.146738011937
Built-up  Area,Ready To Move,Kengeri,3 Bedroom,1751.0,2.0,2.0,81.97,3,8197000.0,4681.324957167333
Carpet  Area,Ready To Move,Indiranagar,2 BHK,858.0,3.0,1.0,106.59,2,10659000.0,12423.076923076924
Plot  Area,Ready To Move,Electronic City,2 BHK,1000.0,1.0,2.0,37.74,2,3774000.0,3774.0
Built-up  Area,Ready To Move,Yeshwanthpur,4 BHK,2732.5,5.0,0.0,165.7,4,16569999.999999998,6064.043915827996
Super built-up  Area,Ready To Move,Koramangala,3 BHK,2066.0,3.0,2.0,217.61,3,21761000.0,10532.913843175218
Super built-up  Area,18-Nov,Indiranagar,5 BHK,2960.0,4.0,1.0,314.86,5,31486000.0,10637.162162162162
Built-up  Area,18-Jun,Vijayanagar,1 BHK,599.08,2.0,3.0,31.38,1,3138000.0,5238.031648527743
Plot  Area,19-Mar,Dodballapur Road Phase 1,1 BHK,478.4,1.0,0.0,15.88,1,1588000.0,3319.3979933110368
Carpet  Area,19-Aug,Jp Nagar,2 BHK,1417.0,3.0,2.0,114.2,2,11420000.0,8059.280169371912
Plot  Area,Ready To Move,Jayanagar,4 BHK,2080.5,4.0,1.0,196.91,4,19691000.0,9464.55179043499
Built-up  Area,19-Aug,Indiranagar,1 BHK,586.0,1.0,1.0,72.46,1,7245999.999999999,12365.187713310579
Carpet  Area,Ready To Move,Indiranagar,3 BHK,1921.17,3.0,2.0,203.43,3,20343000.0,10588.859913490216
Super built-up  Area,Ready To Move,Marathahalli,2 BHK,1262.0,2.0,2.0,90.09,2,9009000.0,7138.668779714739
Built-up  Area,Ready To Move,Ambalipura Extension,3 BHK,2082.5,3.0,3.0,107.36,3,10736000.0,5155.3421368547415
Super built-up  Area,Ready To Move,Kaggadasapura Block,2 BHK,955.0,2.0,0.0,59.32,2,5932000.0,6211.51832460733
Super built-up  Area,18-Nov,Hebbal,5 Bedroom,3025.5,4.0,3.0,226.64,5,22664000.0,7490.993224260453
Super built-up  Area,Ready To Move,Whitefield,1 BHK,392.0,2.0,2.0,23.91,1,2391000.0,6099.489795918367
Built-up  Area,Ready To Move,Electronic City,4 BHK,1873.08,4.0,2.0,80.72,4,8072000.0,4309.479573750187
Super built-up  Area,Ready To Move,Other,2 BHK,1332.0,2.0,2.0,127.55,2,12755000.0,9575.825825825827
Built-up  Area,Ready To Move,Whitefield Hope Farm Extension,1 BHK,380.0,1.0,1.0,18.15,1,1814999.9999999998,4776.315789473683
Plot  Area,Ready To Move,Vasanthapura Extension,2 BHK,1081.0,1.0,2.0,93.02,2,9302000.0,8604.9953746531
Super built-up  Area,Ready To Move,Chandapura Main Road,2 BHK,1152.5,2.0,1.0,108.73,2,10873000.0,9434.273318872018
Plot  Area,Ready To Move,Vijayanagar,2 BHK,1169.0,2.0,0.0,82.94,2,8294000.0,7094.952951240376
Super built-up  Area,Ready To Move,Nallurhalli Main Road,3 BHK,1546.0,3.0,2.0,107.89,3,10789000.0,6978.654592496766
Super built-up  Area,19-Mar,Subramanyapura Main Road,3 BHK,1808.0,2.0,2.0,111.89,3,11189000.0,6188.6061946902655
Carpet  Area,18-Nov,Hebbal,5 Bedroom,2134.0,4.0,1.0,166.95,5,16694999.999999998,7823.336457357075
Super built-up  Area,Ready To Move,Anekal Stage 2,4 BHK,2670.08,3.0,3.0,134.12,4,13412000.0,5023.0704697986575
Built-up  Area,Ready To Move,Domlur,2 BHK,973.0,2.0,0.0,117.18,2,11718000.0,12043.165467625899
Plot  Area,Ready To Move,Uttarahalli,2 BHK,895.36,3.0,0.0,45.79,2,4579000.0,5114.144031451036
Super built-up  Area,19-May,Vijayanagar,4 Bedroom,2318.15,4.0,1.0,146.86,4,14686000.000000002,6335.224208959731
Super built-up  Area,Ready To Move,Uttarahalli,2 BHK,1257.0,2.0,1.0,50.59,2,5059000.0,4024.661893396977
Super built-up  Area,18-Nov,Marathahalli,4 Bedroom,1846.0,4.0,2.0,120.63,4,12063000.0,6534.669555796317
Built-up  Area,Ready To Move,Banashankari,3 BHK,1350.0,3.0,1.0,95.67,3,9567000.0,7086.666666666667
Super built-up  Area,Ready To Move,Gunjur Stage 2,3 BHK,1987.0,3.0,3.0,191.14,3,19114000.0,9619.526925012582
Super built-up  Area,Ready To Move,Yelenahalli Enclave,4 Bedroom,2321.0,4.0,0.0,154.09,4,15409000.0,6638.948728996123
Built-up  Area,Ready To Move,Varthur,1 BHK,533.0,1.0,0.0,25.98,1,2598000.0,4874.296435272045
Built-up  Area,19-Mar,Marathahalli,4 BHK,2391.4440000000004,4.0,1.0,171.39,4,17139000.0,7166.799640719162
Super built-up  Area,Ready To Move,Koramangala,5 BHK,3010.0,6.0,0.0,394.72,5,39472000.0,13113.621262458471
Super built-up  Area,19-Aug,Kanakapura Road,1 BHK,522.72,1.0,2.0,20.17,1,2017000.0000000002,3858.6623813896545
Built-up  Area,Ready To Move,Bannerghatta Road,4 BHK,2559.0,5.0,3.0,127.8,4,12780000.0,4994.138335287222
Super built-up  Area,Ready To Move,Subramanyapura Stage 2,3 Bedroom,1964.0,3.0,2.0,84.54,3,8454000.0,4304.480651731161
Super built-up  Area,Ready To Move,Varthur,6 BHK,4045.28,6.0,3.0,185.28,6,18528000.0,4580.152671755725
Built-up  Area,Ready To Move,Whitefield,4 BHK,2182.0,4.0,1.0,113.19,4,11319000.0,5187.442713107241
Built-up  Area,Ready To Move,Basavanagudi,3 BHK,2014.5,3.0,1.0,173.4,3,17340000.0,8607.594936708861
Built-up  Area,19-May,Sonnenahalli Main Road,1 BHK,603.0,1.0,0.0,59.8,1,5980000.0,9917.081260364843
Built-up  Area,Ready To Move,Yelenahalli Enclave,3 BHK,1341.45,4.0,1.0,98.14,3,9814000.0,7315.964068731596
Built-up  Area,19-Mar,Btm Layout,2 Bedroom,1290.161054,1.0,1.0,93.94,2,9394000.0,7281.261491249449
Super built-up  Area,Ready To Move,Sonnenahalli Main Road,1 BHK,438.0,1.0,1.0,43.89,1,4389000.0,10020.547945205479
Built-up  Area,Ready To Move,Kadugodi Colony,3 Bedroom,1701.5,3.0,2.0,79.6,3,7959999.999999999,4678.225095503966
Built-up  Area,Ready To Move,Ramamurthy Nagar Cross,2 BHK,1144.0,2.0,0.0,67.54,2,6754000.000000001,5903.846153846154
Super built-up  Area,Ready To Move,Malleshwaram,1 BHK,515.0,1.0,1.0,60.83,1,6083000.0,11811.650485436894
Built-up  Area,Ready To Move,Hebbal,1 Bedroom,520.5,2.0,0.0,35.44,1,3544000.0,6808.837656099904
Super built-up  Area,19-Aug,Singasandra Main Road,3 BHK,1361.0,3.0,2.0,84.59,3,8459000.0,6215.282880235121
Super built-up  Area,Ready To Move,Jp Nagar,2 BHK,1316.5,2.0,2.0,99.13,2,9913000.0,7529.813900493733
Super built-up  Area,Ready To Move,Mahadevapura Stage 2,1 BHK,631.62,1.0,2.0,56.94,1,5694000.0,9014.914030588012
Built-up  Area,19-Aug,Electronic City,3 BHK,1461.0,3.0,3.0,50.61,3,5061000.0,3464.065708418891
Built-up  Area,18-Nov,Mahadevapura Nagar,2 BHK,913.66,2.0,0.0,39.7,2,3970000.0000000005,4345.161219709739
Super built-up  Area,Ready To Move,Btm Layout,1 BHK,448.0,2.0,2.0,31.77,1,3177000.0,7091.517857142857
Built-up  Area,19-May,Bellandur,2 Bedroom,1323.0,1.0,2.0,92.61,2,9261000.0,7000.0
Super built-up  Area,Ready To Move,Hebbal,3 BHK,1992.66,3.0,3.0,156.22,3,15622000.0,7839.771963104594
Super built-up  Area,18-Jun,Sarjapur Road,2 BHK,834.0,2.0,2.0,56.26,2,5626000.0,6745.803357314148
Super built-up  Area,19-May,Singasandra Nagar,2 BHK,1251.5,3.0,2.0,120.5,2,12050000.0,9628.445864962045
Super built-up  Area,Ready To Move,Bannerghatta Road,3 BHK,1802.0,3.0,1.0,81.79,3,8179000.000000001,4538.845726970034
Built-up  Area,Ready To Move,Jp Nagar,2 Bedroom,1316.0,2.0,1.0,88.03,2,8803000.0,6689.209726443769
Super built-up  Area,Ready To Move,Banashankari,3 BHK,1622.5,4.0,1.0,103.75,3,10375000.0,6394.453004622496
Carpet  Area,Ready To Move,Indiranagar,2 BHK,1047.0,2.0,0.0,120.18,2,12018000.0,11478.510028653294
Plot  Area,18-Nov,Jayanagar,2 BHK,1066.2719339999999,2.0,3.0,107.21,2,10721000.0,10054.658345719903
Built-up  Area,19-Mar,Indiranagar,4 BHK,2765.89,3.0,1.0,368.75,4,36875000.0,13332.055866285355
Built-up  Area,18-Nov,Chandapura Main Road,2 Bedroom,1408.68,2.0,1.0,109.11,2,10911000.0,7745.549024618792
Super built-up  Area,19-Aug,Kanakapura Road,4 BHK,2423.5,4.0,3.0,121.55,4,12155000.0,5015.473488755932
Plot  Area,Ready To Move,Kr Puram,1 BHK,620.0,1.0,2.0,30.99,1,3099000.0,4998.387096774193
Built-up  Area,19-Aug,Indiranagar,3 BHK,1883.0,3.0,3.0,215.24,3,21524000.0,11430.695698353691
Carpet  Area,Ready To Move,Hennur,1 BHK,402.93,1.0,1.0,23.23,1,2323000.0,5765.269401633038
Super built-up  Area,Ready To Move,Kanakapura Road,3 BHK,1973.8125,3.0,0.0,90.54,3,9054000.0,4587.0618409803365
Super built-up  Area,Ready To Move,Indiranagar,4 Bedroom,1841.5,4.0,3.0,228.3,4,22830000.0,12397.502036383383
Built-up  Area,Ready To Move,Nagavara Main Road,3 BHK,2052.5,3.0,0.0,84.27,3,8427000.0,4105.724725943971
Super built-up  Area,Ready To Move,Ramamurthy Nagar Stage 2,3 BHK,1347.6,3.0,1.0,138.15,3,13815000.0,10251.558325912734
Super built-up  Area,Ready To Move,Kanakapura Road,2 BHK,1440.0,1.0,1.0,57.04,2,5704000.0,3961.1111111111113
Carpet  Area,Ready To Move,Banashankari,2 BHK,915.85,2.0,2.0,55.51,2,5551000.0,6061.036195883606
Super built-up  Area,18-Jun,Whitefield,2 BHK,1180.73,2.0,1.0,71.7,2,7170000.0,6072.514461392529
Super built-up  Area,19-Aug,Sarjapur Road,1 BHK,609.84,1.0,0.0,25.98,1,2598000.0,4260.133805588351
Plot  Area,Ready To Move,Hsr Layout,2 Bedroom,1064.4975,3.0,2.0,80.13,2,8013000.0,7527.495367532569
Super built-up  Area,Ready To Move,Electronic City,1 BHK,435.6,1.0,3.0,15.97,1,1597000.0,3666.207529843893
Super built-up  Area,19-Aug,Doddakannelli Gardens,1 BHK,726.0,1.0,0.0,32.11,1,3211000.0,4422.865013774105
Super built-up  Area,18-Jun,Banashankari,1 BHK,483.0,1.0,0.0,29.38,1,2938000.0,6082.815734989648
Plot  Area,Ready To Move,Chandapura Stage 2,2 BHK,1291.0,2.0,2.0,121.01,2,12101000.0,9373.353989155694
Built-up  Area,Ready To Move,Haralur Road Block,3 BHK,2002.51,3.0,2.0,195.13,3,19513000.0,9744.270939970338
Built-up  Area,Ready To Move,Hebbal,4 BHK,2622.312,4.0,0.0,187.46,4,18746000.0,7148.653554573217
Built-up  Area,18-Jun,Dodballapur Road Phase 2,2 BHK,1059.44,2.0,1.0,99.23,2,9923000.0,9366.268972287246
Super built-up  Area,19-Aug,Banashankari,3 BHK,1684.0,2.0,3.0,122.03,3,12203000.0,7246.437054631829
Super built-up  Area,Ready To Move,Mahadevapura Colony,3 BHK,1713.0,4.0,0.0,63.17,3,6317000.0,3687.6824284880327
Built-up  Area,18-Nov,Yelahanka,2 BHK,1061.66,2.0,3.0,40.82,2,4082000.0,3844.9221031215266
Super built-up  Area,18-Dec,Yelahanka,2 BHK,1318.4701109999999,2.0,0.0,61.5,2,6150000.0,4664.497093025115
Super built-up  Area,Ready To Move,Electronic City,5 BHK,3207.5,5.0,3.0,127.44,5,12744000.0,3973.1878409976616
Super built-up  Area,Ready To Move,Jp Nagar,2 BHK,1146.1725,1.0,1.0,77.29,2,7729000.000000001,6743.313070240301
Carpet  Area,Ready To Move,Malleshwaram,3 BHK,1591.5,2.0,0.0,161.33,3,16133000.000000002,10136.977693999374
Super built-up  Area,Ready To Move,Rajaji Nagar,3 BHK,1753.2900000000002,3.0,3.0,158.88,3,15888000.0,9061.820919528429
Built-up  Area,19-May,Sarjapur Road,5 BHK,2845.0125,5.0,2.0,165.1,5,16510000.0,5803.137947548561
Super built-up  Area,Ready To Move,Domlur,1 BHK,715.0,1.0,0.0,71.91,1,7191000.0,10057.342657342657
Super built-up  Area,Ready To Move,Hebbal,2 Bedroom,1084.0,1.0,1.0,77.52,2,7752000.0,7151.291512915129
Super built-up  Area,Ready To Move,Vasanthapura Phase 1,3 BHK,1368.0,2.0,0.0,115.33,3,11533000.0,8430.555555555555
Super built-up  Area,Ready To Move,Jp Nagar,3 BHK,1628.0,3.0,0.0,100.01,3,10001000.0,6143.120393120393
Super built-up  Area,Ready To Move,Banashankari,2 BHK,1076.0,2.0,1.0,67.8,2,6780000.0,6301.115241635688
Built-up  Area,Ready To Move,Jp Nagar,2 BHK,1399.0,1.0,1.0,80.47,2,8047000.0,5751.965689778413
Super built-up  Area,19-Mar,Btm Layout,2 BHK,1021.0,2.0,0.0,68.01,2,6801000.000000001,6661.116552399609
Plot  Area,19-Aug,Sarjapur Road,2 BHK,943.0,2.0,2.0,48.0,2,4800000.0,5090.1378579003185
Super built-up  Area,Ready To Move,Varthur,2 BHK,1191.0,3.0,2.0,49.2,2,4920000.0,4130.982367758186
Super built-up  Area,19-Mar,Attibele Phase 1,2 BHK,1189.0,2.0,1.0,114.95,2,11495000.0,9667.788057190917
Super built-up  Area,Ready To Move,Banashankari,3 BHK,1632.0,3.0,2.0,96.91,3,9691000.0,5938.112745098039
Built-up  Area,Ready To Move,Banashankari,3 BHK,2121.51,3.0,0.0,120.95,3,12095000.0,5701.127970172188
Super built-up  Area,19-Mar,Jp Nagar,2 BHK,1267.0,2.0,2.0,98.46,2,9846000.0,7771.112865035517
Super built-up  Area,Ready To Move,Rajaji Nagar,2 BHK,1323.0,2.0,2.0,109.68,2,10968000.0,8290.249433106575
Super built-up  Area,Ready To Move,Bellandur,2 BHK,871.2,2.0,3.0,64.37,2,6437000.0,7388.659320477502
Super built-up  Area,19-Aug,Hebbal,6 BHK,4117.0,5.0,2.0,268.2,6,26820000.0,6514.452271071168
Super built-up  Area,Ready To Move,Yelahanka,3 Bedroom,1344.0,2.0,0.0,56.85,3,5685000.0,4229.910714285715
Super built-up  Area,Ready To Move,Chikkabanavara Enclave,2 BHK,1175.0,2.0,1.0,105.09,2,10509000.0,8943.829787234043
Carpet  Area,Ready To Move,Doddakannelli Enclave,4 BHK,2262.0,4.0,2.0,223.15,4,22315000.0,9865.163572060124
Carpet  Area,Ready To Move,Yelahanka,2 BHK,910.97,2.0,2.0,40.53,2,4053000.0,4449.103702646629
Built-up  Area,19-Mar,Basavanagudi,2 BHK,963.0,2.0,1.0,99.41,2,9941000.0,10322.94911734164
Built-up  Area,Ready To Move,Bannerghatta Road,4 BHK,1912.0,3.0,0.0,87.77,4,8777000.0,4590.481171548117
Super built-up  Area,Ready To Move,Hebbal,1 BHK,439.0,1.0,1.0,33.11,1,3311000.0,7542.141230068337
Super built-up  Area,Ready To Move,Hebbal,2 BHK,1086.0,2.0,1.0,70.23,2,7023000.0,6466.850828729282
Super built-up  Area,Ready To Move,Uttarahalli,1 BHK,473.0,2.0,1.0,17.34,1,1734000.0,3665.9619450317123
Carpet  Area,Ready To Move,Kumaraswamy Layout Phase 1,3 BHK,2020.0,4.0,1.0,113.85,3,11385000.0,5636.138613861386
Built-up  Area,Ready To Move,Sompura Main Road,3 BHK,1797.0,4.0,2.0,103.99,3,10399000.0,5786.867000556483
Plot  Area,Ready To Move,Hsr Layout,4 BHK,2717.0,4.0,2.0,200.02,4,20002000.0,7361.796098638204
Super built-up  Area,19-Mar,Jp Nagar,4 Bedroom,2063.0,4.0,1.0,137.34,4,13734000.0,6657.295201163354
Super built-up  Area,Ready To Move,Sarjapur Road,4 BHK,2276.0099999999998,5.0,2.0,126.08,4,12608000.0,5539.5187191620425
Super built-up  Area,Ready To Move,Vidyaranyapura Township,2 BHK,1369.0,2.0,1.0,88.87,2,8887000.0,6491.599707815924
Super built-up  Area,18-Dec,Horamavu Nagar,4 BHK,1852.0,4.0,0.0,88.34,4,8834000.0,4769.978401727862
Super built-up  Area,Ready To Move,Bellandur,2 Bedroom,1195.81,2.0,2.0,69.07,2,6906999.999999999,5776.001204204681
Built-up  Area,Ready To Move,Hebbal,2 Bedroom,1378.02,1.0,3.0,87.67,2,8767000.0,6362.026675955356
Super built-up  Area,Ready To Move,Sonnenahalli Main Road,3 BHK,2200.0,3.0,2.0,185.51,3,18551000.0,8432.272727272728
Carpet  Area,Ready To Move,Sarjapur Road,2 BHK,1054.89,1.0,2.0,57.36,2,5736000.0,5437.533771293689
Carpet  Area,Ready To Move,Banashankari,2 BHK,1072.0,1.0,2.0,54.89,2,5489000.0,5120.335820895522
Built-up  Area,18-Dec,Malleshwaram,2 BHK,1422.0,2.0,0.0,108.36,2,10836000.0,7620.2531645569625
Plot  Area,Ready To Move,Btm Layout,3 BHK,1954.0,3.0,3.0,143.04,3,14304000.0,7320.368474923234
Carpet  Area,Ready To Move,Hsr Layout,2 Bedroom,1021.58,2.0,1.0,73.15,2,7315000.000000001,7160.476908318487
Super built-up  Area,Ready To Move,Marathahalli,2 BHK,894.5,2.0,2.0,56.41,2,5641000.0,6306.316377864729
Carpet  Area,Ready To Move,Hsr Layout,3 BHK,2139.5,2.0,2.0,172.68,3,17268000.0,8071.044636597336
Plot  Area,18-Dec,Bannerghatta Road,2 BHK,903.0,3.0,0.0,41.83,2,4183000.0,4632.3366555924695
Carpet  Area,Ready To Move,Whitefield,3 BHK,1966.5,2.0,0.0,96.24,3,9624000.0,4893.97406559878
Super built-up  Area,Ready To Move,Yeshwanthpur,3 BHK,1729.0,3.0,3.0,99.36,3,9936000.0,5746.674378253326
Built-up  Area,Ready To Move,Cv Raman Nagar,3 BHK,1915.0,4.0,2.0,109.52,3,10952000.0,5719.060052219321
Super built-up  Area,Ready To Move,Kanakapura Road,2 BHK,1361.25,3.0,0.0,57.31,2,5731000.0,4210.10101010101
Super built-up  Area,19-Aug,Marathahalli,1 BHK,606.54,2.0,1.0,36.21,1,3621000.0,5969.9277871203885
Plot  Area,Ready To Move,Kanakapura Road,4 BHK,2765.0,4.0,0.0,133.67,4,13366999.999999998,4834.358047016274
Built-up  Area,18-Dec,Bellandur,3 Bedroom,2016.0,2.0,3.0,118.61,3,11861000.0,5883.43253968254
Super built-up  Area,19-May,Indiranagar,2 BHK,966.4875,2.0,0.0,117.38,2,11738000.0,12145.009635406563
Built-up  Area,18-Jun,Sarjapur Road,4 BHK,2181.5,4.0,2.0,109.38,4,10938000.0,5013.981205592482
Carpet  Area,18-Dec,Basavanagudi,4 BHK,2825.0,4.0,2.0,301.51,4,30151000.0,10672.920353982301
Built-up  Area,18-Jun,Frazer Town,3 Bedroom,1983.0,3.0,1.0,184.91,3,18491000.0,9324.76046394352
Built-up  Area,Ready To Move,Kengeri,2 BHK,1127.5,2.0,2.0,39.81,2,3981000.0,3530.820399113082
Carpet  Area,Ready To Move,Dodballapur Road Phase 1,2 BHK,1101.0,2.0,0.0,37.42,2,3742000.0,3398.7284287011807
Built-up  Area,Ready To Move,Kr Puram,4 BHK,2734.0,5.0,3.0,121.12,4,12112000.0,4430.138990490124
Built-up  Area,Ready To Move,Singasandra Extension,3 BHK,1306.8,4.0,1.0,115.44,3,11544000.0,8833.792470156106
Built-up  Area,Ready To Move,Indiranagar,1 Bedroom,656.0,1.0,1.0,70.24,1,7023999.999999999,10707.31707317073
Super built-up  Area,18-Jun,Banashankari,1 BHK,435.6,1.0,2.0,33.26,1,3326000.0,7635.445362718089
Super built-up  Area,Ready To Move,Koramangala,2 Bedroom,852.0,3.0,1.0,88.81,2,8881000.0,10423.708920187793
Built-up  Area,Ready To Move,Pattandur Agrahara Layout,3 BHK,1281.0,3.0,2.0,60.99,3,6099000.0,4761.12412177986
Super built-up  Area,Ready To Move,Koramangala,2 BHK,964.21,2.0,1.0,138.32,2,13832000.0,14345.422677632465
Super built-up  Area,Ready To Move,Kanakapura Road,1 BHK,730.0,2.0,0.0,33.19,1,3319000.0,4546.575342465753
Built-up  Area,Ready To Move,Sarjapur Road,3 BHK,1414.0,3.0,2.0,65.52,3,6552000.0,4633.663366336634
Super built-up  Area,Ready To Move,Kalyan Nagar Phase 1,2 BHK,1082.14,2.0,0.0,113.55,2,11355000.0,10493.097011477257
Super built-up  Area,Ready To Move,Uttarahalli,2 BHK,1102.0,1.0,3.0,40.45,2,4045000.0000000005,3670.598911070781
Carpet  Area,Ready To Move,Vijayanagar,3 BHK,1908.43,2.0,1.0,117.11,3,11711000.0,6136.457716552349
Super built-up  Area,18-Dec,Marathahalli,3 BHK,1742.4,3.0,3.0,112.72,3,11272000.0,6469.237832874196
Built-up  Area,Ready To Move,Yeshwanthpur,4 BHK,2711.38,4.0,1.0,182.6,4,18260000.0,6734.577963988817
Plot  Area,Ready To Move,Varthur,1 BHK,435.6,1.0,2.0,19.24,1,1923999.9999999998,4416.896235078052
Built-up  Area,Ready To Move,Mahadevapura Stage 2,2 Bedroom,1206.0,1.0,0.0,129.39,2,12938999.999999998,10728.855721393033
Super built-up  Area,Ready To Move,Jp Nagar,2 BHK,1087.0,2.0,0.0,72.2,2,7220000.0,6642.134314627415
Super built-up  Area,18-Nov,Basavanagudi,5 BHK,2940.0,5.0,1.0,305.09,5,30508999.999999996,10377.21088435374
Super built-up  Area,Ready To Move,Subramanyapura Gardens,2 BHK,888.0,2.0,1.0,66.91,2,6691000.0,7534.90990990991
Built-up  Area,Ready To Move,Sarjapur Road,3 BHK,1936.5,4.0,2.0,87.47,3,8747000.0,4516.911954557191
Super built-up  Area,Ready To Move,Devanahalli Nagar,3 BHK,1721.0,3.0,2.0,104.51,3,10451000.0,6072.632190586868
Super built-up  Area,Ready To Move,Electronic City,4 BHK,2169.22,3.0,0.0,88.19,4,8819000.0,4065.5166373166394
Built-up  Area,Ready To Move,Whitefield,2 BHK,866.0,2.0,0.0,50.8,2,5080000.0,5866.050808314088
Built-up  Area,Ready To Move,Rajaji Nagar,3 BHK,1829.29,3.0,1.0,143.17,3,14316999.999999998,7826.533791799003
Super built-up  Area,18-Jun,Bannerghatta Road,2 BHK,917.0,2.0,2.0,41.38,2,4138000.0000000005,4512.540894220284
Built-up  Area,Ready To Move,Malleshwaram,4 BHK,2490.0,4.0,0.0,281.08,4,28108000.0,11288.353413654619
Super built-up  Area,19-May,Yelahanka,3 BHK,1479.5,3.0,2.0,64.06,3,6406000.0,4329.841162554917
Super built-up  Area,Ready To Move,Btm Layout,2 Bedroom,1060.0,3.0,0.0,60.67,2,6067000.0,5723.584905660377
Super built-up  Area,Ready To Move,Yeshwanthpur,2 BHK,1390.03,1.0,1.0,90.57,2,9057000.0,6515.686711797587
Built-up  Area,Ready To Move,Sarjapur Road,2 BHK,1348.86,2.0,1.0,62.56,2,6256000.0,4637.990599469182
Built-up  Area,Ready To Move,Chandapura Stage 2,2 BHK,1080.8325,2.0,0.0,129.54,2,12954000.0,11985.205848269738
Super built-up  Area,Ready To Move,Kumaraswamy Layout Phase 1,1 BHK,476.0,1.0,2.0,25.14,1,2514000.0,5281.512605042017
Super built-up  Area,19-May,Kanakapura Road,4 BHK,2246.0,3.0,2.0,91.31,4,9131000.0,4065.4496883348174
Built-up  Area,Ready To Move,Kanakapura Road,2 BHK,1018.0,3.0,2.0,42.78,2,4278000.0,4202.357563850687
Built-up  Area,Ready To Move,Malleshwaram,2 BHK,1151.0,3.0,0.0,112.44,2,11244000.0,9768.89661164205
Built-up  Area,18-Dec,Rt Nagar,2 BHK,1124.0,2.0,3.0,63.13,2,6313000.0,5616.548042704626
Built-up  Area,18-Jun,Kengeri,3 BHK,1784.0,4.0,2.0,59.71,3,5971000.0,3346.973094170404
Built-up  Area,Ready To Move,Indiranagar,5 BHK,3046.4775,4.0,1.0,310.46,5,31045999.999999996,10190.785915865124
Super built-up  Area,Ready To Move,Kr Puram,2 Bedroom,972.3,2.0,3.0,40.55,2,4054999.9999999995,4170.523500977064
Built-up  Area,Ready To Move,Yelahanka,3 BHK,2182.0,3.0,1.0,79.09,3,7909000.0,3624.6562786434465
Super built-up  Area,Ready To Move,Whitefield,2 BHK,1022.35,2.0,1.0,70.21,2,7020999.999999999,6867.511126326599
Super built-up  Area,Ready To Move,Kengeri,5 BHK,3144.0,6.0,2.0,132.8,5,13280000.000000002,4223.918575063613
Super built-up  Area,18-Nov,Hennur,2 BHK,1392.75,1.0,2.0,79.96,2,7995999.999999999,5741.1595763776695
Super built-up  Area,Ready To Move,Vijayanagar,2 BHK,1024.0,2.0,1.0,74.05,2,7405000.0,7231.4453125
Super built-up  Area,Ready To Move,Chandapura Main Road,3 BHK,1801.0,2.0,2.0,173.52,3,17352000.0,9634.647418101054
Super built-up  Area,Ready To Move,Nagarbhavi Gardens,2 Bedroom,955.0,3.0,0.0,88.39,2,8839000.0,9255.497382198953
Built-up  Area,19-Aug,Sompura Main Road,3 BHK,1964.23,2.0,0.0,101.98,3,10198000.0,5191.856350834678
Built-up  Area,18-Nov,Gunjur Nagar,4 BHK,2396.91,3.0,1.0,147.67,4,14766999.999999998,6160.848759444451
Plot  Area,Ready To Move,Nagavara Phase 1,2 BHK,936.0,3.0,1.0,59.82,2,5982000.0,6391.025641025641
Carpet  Area,Ready To Move,Jayanagar,3 BHK,1902.0,4.0,3.0,195.02,3,19502000.0,10253.4174553102
Super built-up  Area,Ready To Move,Kaggadasapura Layout,3 Bedroom,1543.0,3.0,1.0,61.53,3,6153000.0,3987.686325340246
Super built-up  Area,Ready To Move,Indiranagar,2 Bedroom,1306.8,1.0,2.0,146.54,2,14654000.0,11213.651668197122
Super built-up  Area,18-Dec,Varthur,4 BHK,2248.785,3.0,2.0,123.03,4,12303000.0,5470.954315330278
Built-up  Area,Ready To Move,Whitefield,3 BHK,1890.5040000000001,3.0,3.0,105.99,3,10599000.0,5606.441456881339
Super built-up  Area,Ready To Move,Jayanagar,3 Bedroom,2043.0,2.0,2.0,190.33,3,19033000.0,9316.201664219285
Super built-up  Area,Ready To Move,Btm Layout,3 BHK,2124.0,3.0,0.0,142.85,3,14285000.0,6725.517890772128
Built-up  Area,18-Dec,Vijayanagar,2 BHK,973.06,2.0,1.0,70.04,2,7004000.000000001,7197.911742338603
Built-up  Area,Ready To Move,Hennur,2 BHK,907.0,2.0,1.0,49.57,2,4957000.0,5465.270121278942
Super built-up  Area,Ready To Move,Yelahanka,2 Bedroom,860.0,2.0,1.0,36.23,2,3622999.9999999995,4212.790697674418
Built-up  Area,Ready To Move,Koramangala,4 BHK,1749.5,4.0,1.0,243.91,4,24391000.0,13941.697627893684
Built-up  Area,Ready To Move,Kr Puram,1 BHK,590.0,1.0,2.0,29.09,1,2909000.0,4930.5084745762715
Super built-up  Area,Ready To Move,Banashankari,3 BHK,1586.25,3.0,1.0,95.21,3,9521000.0,6002.20646178093
Super built-up  Area,Ready To Move,Electronic City,4 BHK,1835.6,4.0,3.0,82.0,4,8200000.0,4467.204183918066
Plot  Area,18-Nov,Bellandur,3 BHK,1660.0,3.0,0.0,94.82,3,9482000.0,5712.048192771084
Built-up  Area,Ready To Move,Kumaraswamy Layout Phase 1,3 BHK,2160.5,3.0,3.0,114.02,3,11402000.0,5277.482064336959
Built-up  Area,Ready To Move,Akshaya Nagar Extension,3 BHK,2080.66,4.0,0.0,96.61,3,9661000.0,4643.238203262426
Super built-up  Area,18-Nov,Cv Raman Nagar,1 BHK,501.5,1.0,3.0,34.81,1,3481000.0,6941.176470588235
Super built-up  Area,19-Mar,Sonnenahalli Main Road,1 Bedroom,464.5,1.0,0.0,46.6,1,4660000.0,10032.292787944027
Plot  Area,Ready To Move,Kanakapura Road,2 Bedroom,1194.0,2.0,1.0,50.64,2,5064000.0,4241.206030150754
Super built-up  Area,Ready To Move,Haralur Road Block,3 BHK,1487.0,4.0,2.0,145.22,3,14522000.0,9765.971755211836
Super built-up  Area,18-Jun,Thanisandra Phase 2,2 BHK,1039.0,1.0,1.0,45.59,2,4559000.0,4387.872954764196
Super built-up  Area,Ready To Move,Jp Nagar,3 BHK,1652.3662889999998,3.0,0.0,104.31,3,10431000.0,6312.764953775937
Plot  Area,Ready To Move,Yeshwanthpur,4 BHK,2320.0,4.0,2.0,161.38,4,16138000.0,6956.0344827586205
Super built-up  Area,Ready To Move,Uttarahalli,2 BHK,852.50088,3.0,2.0,27.64,2,2764000.0,3242.2253921896245
Super built-up  Area,Ready To Move,Jp Nagar,2 BHK,1012.0,2.0,0.0,78.29,2,7829000.000000001,7736.166007905139
Built-up  Area,Ready To Move,Sarjapur Stage 2,2 BHK,1231.0,1.0,1.0,87.18,2,8718000.0,7082.047116165719
Built-up  Area,Ready To Move,Bellandur,3 Bedroom,1851.3,3.0,2.0,99.9,3,9990000.0,5396.208070004862
Super built-up  Area,Ready To Move,Chandapura Main Road,2 BHK,1306.8,2.0,0.0,109.5,2,10950000.0,8379.247015610652
Super built-up  Area,18-Nov,Jalahalli Block,3 BHK,2066.0,3.0,1.0,151.53,3,15153000.0,7334.462729912875
Super built-up  Area,Ready To Move,Kumaraswamy Layout Phase 1,2 Bedroom,1030.5,2.0,2.0,62.74,2,6274000.0,6088.306647258612
Super built-up  Area,Ready To Move,Whitefield,2 BHK,1420.0,1.0,1.0,92.78,2,9278000.0,6533.802816901409
Carpet  Area,Ready To Move,Varthur,2 BHK,737.7975,2.0,2.0,31.78,2,3178000.0,4307.414974976196
Plot  Area,Ready To Move,Vijayanagar,4 BHK,2399.03,4.0,1.0,163.29,4,16329000.0,6806.500960804991
Super built-up  Area,18-Dec,Sarjapur Road,2 BHK,1172.0,2.0,1.0,53.16,2,5316000.0,4535.836177474403
Built-up  Area,19-May,Kaggadasapura Cross,4 BHK,2446.5,3.0,1.0,176.87,4,17687000.0,7229.5115471081135
Built-up  Area,18-Nov,Gunjur Gardens,2 BHK,1521.8775,2.0,2.0,51.59,2,5159000.0,3389.8917619847853
Super built-up  Area,Ready To Move,Bellandur,3 BHK,1437.48,3.0,2.0,107.81,3,10781000.0,7499.930433814731
Super built-up  Area,Ready To Move,Electronic City,3 BHK,1405.0,4.0,0.0,55.84,3,5584000.0,3974.3772241992883
Carpet  Area,18-Jun,Whitefield,2 BHK,1375.0,3.0,0.0,69.76,2,6976000.000000001,5073.454545454546
Super built-up  Area,Ready To Move,Kanakapura Road,1 BHK,612.78,1.0,1.0,28.45,1,2845000.0,4642.775547504814
Super built-up  Area,Ready To Move,Jayanagar,3 BHK,1651.0,2.0,0.0,164.26,3,16426000.0,9949.121744397335
Built-up  Area,Ready To Move,Domlur,2 BHK,984.45,3.0,2.0,91.53,2,9153000.0,9297.577327441719
Built-up  Area,Ready To Move,Bellandur,1 BHK,555.39,1.0,1.0,37.41,1,3740999.9999999995,6735.807270566628
Plot  Area,Ready To Move,Kengeri,2 Bedroom,1359.48,3.0,3.0,63.02,2,6302000.0,4635.5959631623855
Super built-up  Area,Ready To Move,Horamavu Nagar,3 Bedroom,1527.0,3.0,1.0,68.19,3,6819000.0,4465.6188605108055
Super built-up  Area,Ready To Move,Electronic City,3 BHK,1798.0,4.0,1.0,63.17,3,6317000.0,3513.3481646273635
Built-up  Area,Ready To Move,Uttarahalli,4 BHK,1703.0,5.0,3.0,69.69,4,6969000.0,4092.190252495596
Carpet  Area,19-May,Hennur,3 BHK,1594.0,3.0,1.0,91.66,3,9166000.0,5750.313676286073
Super built-up  Area,Ready To Move,Kanakapura Road,5 BHK,3304.0,5.0,2.0,125.45,5,12545000.0,3796.912832929782
Built-up  Area,Ready To Move,Varthur,3 BHK,1441.0,3.0,1.0,62.25,3,6225000.0,4319.916724496878
Built-up  Area,Ready To Move,Domlur,3 BHK,1508.08,3.0,3.0,175.73,3,17573000.0,11652.564850671053
Carpet  Area,Ready To Move,Indiranagar,2 BHK,1041.084,2.0,0.0,120.12,2,12012000.0,11537.973881070115
Carpet  Area,Ready To Move,Bannerghatta Road,1 BHK,543.0,1.0,2.0,26.69,1,2669000.0,4915.285451197054
Super built-up  Area,Ready To Move,Nagarbhavi Gardens,3 BHK,1306.8,4.0,2.0,124.84,3,12484000.0,9553.106825834098
Super built-up  Area,Ready To Move,Varthur,1 BHK,418.0,1.0,3.0,17.64,1,1764000.0,4220.095693779905
Plot  Area,19-Aug,Bellandur,4 BHK,2297.21,4.0,2.0,139.44,4,13944000.0,6069.9718354003335
Super built-up  Area,Ready To Move,Electronic City,2 Bedroom,914.76,2.0,1.0,40.15,2,4015000.0,4389.129389129389
Built-up  Area,Ready To Move,Harlur Colony,3 Bedroom,1576.5,2.0,0.0,142.52,3,14252000.000000002,9040.279099270538
Built-up  Area,Ready To Move,Kanakapura Road,2 BHK,1171.49,2.0,0.0,58.15,2,5815000.0,4963.764095297442
Plot  Area,Ready To Move,Yelahanka,2 BHK,1330.0,1.0,2.0,58.58,2,5858000.0,4404.511278195489
Built-up  Area,18-Jun,Domlur,4 Bedroom,2612.0,4.0,1.0,264.85,4,26485000.000000004,10139.739663093416
Super built-up  Area,Ready To Move,Jayanagar,3 BHK,2085.5,3.0,1.0,199.06,3,19906000.0,9544.953248621434
Super built-up  Area,Ready To Move,Kr Puram,3 BHK,2059.0,3.0,2.0,97.51,3,9751000.0,4735.794074793589
Super built-up  Area,19-Aug,Domlur,3 BHK,1644.0,3.0,2.0,169.14,3,16914000.0,10288.321167883212
Plot  Area,Ready To Move,Yeshwanthpur,2 BHK,1045.389968,2.0,0.0,73.74,2,7373999.999999999,7053.827017402562
Super built-up  Area,Ready To Move,Indiranagar,2 BHK,1444.5,2.0,2.0,177.88,2,17788000.0,12314.29560401523
Built-up  Area,Ready To Move,Sarjapur Stage 2,3 BHK,1594.0,3.0,2.0,98.15,3,9815000.0,6157.465495608532
Plot  Area,Ready To Move,Cv Raman Nagar,2 BHK,1119.492,2.0,1.0,85.3,2,8530000.0,7619.527428512219
Super built-up  Area,19-Aug,Marathahalli,3 Bedroom,1855.38,3.0,1.0,110.18,3,11018000.0,5938.406148605676
Built-up  Area,Ready To Move,Hsr Layout,2 Bedroom,884.039107,2.0,2.0,67.86,2,6786000.0,7676.131006272328
Plot  Area,Ready To Move,Rajaji Nagar,3 BHK,1398.0,2.0,2.0,122.04,3,12204000.0,8729.613733905579
Super built-up  Area,18-Dec,Koramangala,2 BHK,1424.709804,2.0,1.0,177.63,2,17763000.0,12467.80217987466
Super built-up  Area,Ready To Move,Uttarahalli,3 BHK,1454.0,3.0,1.0,52.75,3,5275000.0,3627.922971114168
Built-up  Area,Ready To Move,Whitefield,2 BHK,1195.0,3.0,0.0,70.46,2,7045999.999999999,5896.23430962343
Super built-up  Area,Ready To Move,Sarjapur Road,2 BHK,1420.41,2.0,2.0,94.45,2,9445000.0,6649.488527960237
Plot  Area,Ready To Move,Malleshwaram,2 BHK,998.0,2.0,1.0,100.43,2,10043000.0,10063.12625250501
Super built-up  Area,Ready To Move,Uttarahalli,3 BHK,1464.0,3.0,2.0,53.8,3,5380000.0,3674.863387978142
Super built-up  Area,19-May,Jayanagar,1 Bedroom,769.5,2.0,1.0,70.34,1,7034000.0,9141.000649772579
Super built-up  Area,Ready To Move,Nagarbhavi Main Road,2 Bedroom,1031.0,2.0,0.0,56.98,2,5698000.0,5526.673132880698
Super built-up  Area,Ready To Move,Sarjapur Stage 2,4 Bedroom,2139.0,4.0,2.0,146.18,4,14618000.0,6834.034595605423
Built-up  Area,Ready To Move,Varthur,2 BHK,1368.93,3.0,2.0,58.21,2,5821000.0,4252.2261912588665
Super built-up  Area,18-Nov,Bannerghatta Road,2 BHK,984.5,2.0,0.0,50.85,2,5085000.0,5165.0584052818685
Built-up  Area,Ready To Move,Jayanagar,2 BHK,1241.49,2.0,0.0,119.58,2,11958000.0,9631.974482275331
Super built-up  Area,19-May,Koramangala,2 BHK,1321.0,2.0,2.0,176.59,2,17659000.0,13367.903103709312
Super built-up  Area,18-Nov,Domlur,3 BHK,1303.0,4.0,3.0,128.74,3,12874000.0,9880.276285495012
Super built-up  Area,Ready To Move,Marathahalli,3 Bedroom,1951.0,2.0,0.0,130.98,3,13097999.999999998,6713.480266529984
Super built-up  Area,Ready To Move,Yeshwanthpur,3 Bedroom,1835.0,3.0,1.0,122.27,3,12227000.0,6663.2152588555855
Plot  Area,Ready To Move,Attibele Phase 1,4 BHK,1764.69,4.0,2.0,170.13,4,17013000.0,9640.786767080903
Super built-up  Area,Ready To Move,Btm Layout,2 BHK,1015.0,1.0,2.0,65.28,2,6528000.0,6431.527093596059
Plot  Area,Ready To Move,Chandapura Main Road,1 BHK,428.0,1.0,1.0,34.57,1,3457000.0,8077.102803738318
Super built-up  Area,Ready To Move,Hebbal,2 BHK,1342.0,2.0,2.0,83.99,2,8399000.0,6258.569299552906
Built-up  Area,Ready To Move,Kanakapura Road,2 Bedroom,928.0,3.0,2.0,39.67,2,3967000.0,4274.7844827586205
Carpet  Area,Ready To Move,Yelenahalli Township,2 BHK,966.0,2.0,2.0,35.22,2,3522000.0,3645.9627329192544
Carpet  Area,Ready To Move,Electronic City,1 BHK,712.8,1.0,0.0,26.48,1,2648000.0,3714.927048260382
Built-up  Area,Ready To Move,Attibele Phase 2,3 BHK,1922.86,3.0,1.0,189.28,3,18928000.0,9843.670366017288
Built-up  Area,Ready To Move,Hennur,2 BHK,1307.5,2.0,3.0,66.42,2,6642000.0,5079.923518164436
Super built-up  Area,18-Jun,Frazer Town,1 BHK,493.0,2.0,2.0,39.11,1,3911000.0,7933.062880324544
Super built-up  Area,18-Dec,Kaggadasapura Cross,3 BHK,1742.4,3.0,0.0,88.69,3,8869000.0,5090.105601469238
Plot  Area,Ready To Move,Btm Layout,4 BHK,1684.26,4.0,2.0,115.13,4,11513000.0,6835.642952988256
Built-up  Area,18-Nov,Doddakannelli Enclave,2 BHK,1097.45,2.0,1.0,117.1,2,11710000.0,10670.18998587635
Super built-up  Area,Ready To Move,Malleshwaram,2 Bedroom,1224.16,3.0,2.0,101.8,2,10180000.0,8315.906417461769
Super built-up  Area,Ready To Move,Jayanagar,2 BHK,1314.05,1.0,3.0,126.14,2,12614000.0,9599.330314676003
Built-up  Area,Ready To Move,Kr Puram,3 BHK,1342.0,3.0,2.0,72.77,3,7277000.0,5422.503725782414
Built-up  Area,Ready To Move,Anekal Stage 2,4 BHK,1872.0,4.0,0.0,98.04,4,9804000.0,5237.179487179487
Super built-up  Area,Ready To Move,Rt Nagar,2 BHK,1081.0,2.0,1.0,66.31,2,6631000.0,6134.13506012951
Plot  Area,19-May,Basavanagudi,3 BHK,1852.5,4.0,1.0,203.25,3,20325000.0,10971.65991902834
Super built-up  Area,Ready To Move,Hsr Layout,5 BHK,2290.0,5.0,2.0,194.39,5,19439000.0,8488.646288209608
Super built-up  Area,Ready To Move,Bellandur,2 BHK,953.0,3.0,1.0,64.56,2,6456000.0,6774.396642182582
Built-up  Area,Ready To Move,Jayanagar,2 BHK,858.0,3.0,1.0,89.32,2,8932000.0,10410.25641025641
Carpet  Area,19-Aug,Yeshwanthpur,1 BHK,587.0,1.0,1.0,29.86,1,2986000.0,5086.882453151618
Carpet  Area,19-Aug,Basavanagudi,3 BHK,1381.0,4.0,0.0,141.03,3,14103000.0,10212.165097755249
Super built-up  Area,Ready To Move,Kr Puram,2 BHK,987.0,3.0,1.0,47.24,2,4724000.0,4786.220871327254
Carpet  Area,Ready To Move,Cv Raman Nagar,3 BHK,1997.0,2.0,2.0,143.77,3,14377000.000000002,7199.298948422635
Built-up  Area,19-Aug,Koramangala,1 BHK,539.055,1.0,1.0,67.86,1,6786000.0,12588.696886217549
Super built-up  Area,Ready To Move,Rt Nagar,3 BHK,1696.11,3.0,2.0,98.86,3,9886000.0,5828.631397727742
Super built-up  Area,Ready To Move,Basavanagudi,2 BHK,1011.0,1.0,2.0,92.33,2,9233000.0,9132.542037586549
Built-up  Area,19-Aug,Vijayanagar,3 Bedroom,2237.87,3.0,0.0,151.64,3,15163999.999999998,6776.086189099456
Super built-up  Area,Ready To Move,Hebbal,3 BHK,1616.0,3.0,0.0,91.68,3,9168000.0,5673.267326732674
Super built-up  Area,Ready To Move,Electronic City,3 BHK,1528.0,3.0,1.0,62.57,3,6257000.0,4094.895287958115
Carpet  Area,Ready To Move,Bellandur,2 BHK,897.68,2.0,2.0,61.04,2,6104000.0,6799.750467872739
Built-up  Area,19-Mar,Nagavara Phase 2,4 BHK,2093.0,4.0,0.0,129.22,4,12922000.0,6173.913043478261
Super built-up  Area,Ready To Move,Whitefield,3 BHK,1813.0,3.0,0.0,93.16,3,9316000.0,5138.444567015996
Super built-up  Area,Ready To Move,Bannerghatta Road,3 BHK,1800.36,2.0,3.0,73.78,3,7378000.0,4098.069275033882
Super built-up  Area,Ready To Move,Singasandra Main Road,2 BHK,1009.0,2.0,1.0,71.54,2,7154000.000000001,7090.188305252726
Super built-up  Area,Ready To Move,Attibele Phase 1,2 BHK,980.1,3.0,0.0,92.95,2,9295000.0,9483.726150392817
Super built-up  Area,19-Aug,Kr Puram,2 BHK,1140.0,2.0,2.0,54.45,2,5445000.0,4776.315789473684
Carpet  Area,18-Dec,Basavanagudi,3 BHK,1651.0,3.0,0.0,179.88,3,17988000.0,10895.215021199274
Carpet  Area,Ready To Move,Jayanagar,3 BHK,1582.57,3.0,2.0,160.95,3,16094999.999999998,10170.166248570362
Super built-up  Area,Ready To Move,Varthur,2 Bedroom,851.5,1.0,1.0,38.85,2,3885000.0,4562.53669994128
Super built-up  Area,Ready To Move,Bellandur,2 BHK,1257.5,3.0,3.0,80.18,2,8018000.000000001,6376.143141153082
Built-up  Area,Ready To Move,Vidyaranyapura Extension,2 BHK,1124.3925,2.0,0.0,60.62,2,6062000.0,5391.355776563789
Super built-up  Area,19-Aug,Whitefield,3 BHK,1762.0,4.0,2.0,116.06,3,11606000.0,6586.83314415437
Built-up  Area,Ready To Move,Rt Nagar,3 BHK,1706.0,4.0,1.0,99.97,3,9997000.0,5859.906213364596
Super built-up  Area,Ready To Move,Other,3 BHK,2263.16,2.0,2.0,123.59,3,12359000.0,5460.948408420086
Built-up  Area,Ready To Move,Hsr Layout,3 BHK,1609.418328,3.0,1.0,137.24,3,13724000.0,8527.304406340774
Built-up  Area,19-May,Jp Nagar,2 BHK,1333.0,1.0,1.0,96.99,2,9699000.0,7276.069017254314
Super built-up  Area,Ready To Move,Banashankari,4 BHK,2381.0,4.0,0.0,169.04,4,16904000.0,7099.538009239815
Built-up  Area,Ready To Move,Kaggadasapura Block,2 BHK,896.0,2.0,2.0,61.74,2,6174000.0,6890.625
Built-up  Area,Ready To Move,Cv Raman Nagar,1 BHK,458.51,2.0,1.0,34.95,1,3495000.0000000005,7622.516411855795
Built-up  Area,Ready To Move,Domlur,2 Bedroom,1471.12,2.0,0.0,143.21,2,14321000.0,9734.75991081625
Built-up  Area,Ready To Move,Yeshwanthpur,2 Bedroom,1306.8,2.0,2.0,83.86,2,8386000.0,6417.202326293235
Plot  Area,Ready To Move,Marathahalli,2 BHK,1291.0,2.0,3.0,86.92,2,8692000.0,6732.765298218435
Built-up  Area,18-Nov,Yeshwanthpur,4 Bedroom,2409.26,4.0,0.0,154.84,4,15484000.0,6426.869661223777
Super built-up  Area,Ready To Move,Kanakapura Road,2 Bedroom,1191.0,3.0,1.0,57.65,2,5765000.0,4840.470193115029
Super built-up  Area,Ready To Move,Vidyaranyapura Township,3 BHK,2041.76,3.0,1.0,111.34,3,11134000.0,5453.13846877204
Carpet  Area,Ready To Move,Sarjapur Road,4 BHK,2481.0,4.0,2.0,140.45,4,14044999.999999998,5661.023780733574
Super built-up  Area,Ready To Move,Indiranagar,5 BHK,3504.0,6.0,1.0,404.67,5,40467000.0,11548.801369863013
Carpet  Area,Ready To Move,Sarjapur Enclave,2 BHK,1069.43,1.0,2.0,42.74,2,4274000.0,3996.5215114593752
Built-up  Area,Ready To Move,Other,4 BHK,2073.0,4.0,0.0,145.36,4,14536000.000000002,7012.059816690788
Carpet  Area,Ready To Move,Indiranagar,3 Bedroom,1850.0,2.0,1.0,203.75,3,20375000.0,11013.513513513513
Super built-up  Area,18-Dec,Nagarbhavi Gardens,5 BHK,2729.0,5.0,2.0,281.48,5,28148000.0,10314.40087944302
Super built-up  Area,Ready To Move,Bannerghatta Road,3 BHK,1534.0,3.0,2.0,62.61,3,6261000.0,4081.4863102998697
Super built-up  Area,Ready To Move,Munnekollal Phase 2,2 Bedroom,1113.5,1.0,1.0,31.7,2,3170000.0,2846.879209699147
Super built-up  Area,Ready To Move,Talaghattapura Stage 2,4 BHK,2201.5,4.0,2.0,259.58,4,25958000.0,11791.051555757438
Super built-up  Area,Ready To Move,Whitefield,1 BHK,650.0,1.0,3.0,29.64,1,2964000.0,4560.0
Built-up  Area,18-Jun,Whitefield,2 BHK,1283.0,3.0,1.0,80.71,2,8070999.999999999,6290.724863600934
Built-up  Area,Ready To Move,Hsr Layout,5 BHK,2389.0,5.0,1.0,190.36,5,19036000.0,7968.187526161574
Super built-up  Area,Ready To Move,Btm Layout,5 BHK,2615.0,5.0,1.0,163.52,5,16352000.000000002,6253.154875717018
Super built-up  Area,Ready To Move,Jayanagar,3 BHK,1901.5,3.0,0.0,149.1,3,14910000.0,7841.17801735472
Super built-up  Area,Ready To Move,Electronic City,1 BHK,729.0,2.0,1.0,33.43,1,3343000.0,4585.733882030178
Super built-up  Area,Ready To Move,Kanakapura Road,2 Bedroom,1217.0,2.0,0.0,51.39,2,5139000.0,4222.678718159408
Super built-up  Area,Ready To Move,Kengeri,3 BHK,1970.0,4.0,2.0,67.1,3,6709999.999999999,3406.0913705583753
Plot  Area,Ready To Move,Haralur Road Block,1 BHK,581.0,1.0,2.0,56.57,1,5657000.0,9736.660929432013
Plot  Area,Ready To Move,Koramangala,1 BHK,566.0,1.0,1.0,71.54,1,7154000.000000001,12639.57597173145
Carpet  Area,Ready To Move,Basavanagudi,1 Bedroom,607.0,1.0,2.0,60.86,1,6086000.0,10026.359143327842
Super built-up  Area,Ready To Move,Btm Layout,1 BHK,744.0,1.0,1.0,46.91,1,4691000.0,6305.10752688172
Super built-up  Area,19-Aug,Yelenahalli Layout,2 BHK,977.99,2.0,3.0,56.3,2,5630000.0,5756.705078784036
Plot  Area,18-Jun,Bannerghatta Road,4 BHK,2942.43,3.0,1.0,149.99,4,14999000.0,5097.487450848449
Super built-up  Area,Ready To Move,Banashankari,4 BHK,2510.5,4.0,2.0,175.23,4,17523000.0,6979.884485162318
Super built-up  Area,18-Nov,Yeshwanthpur,6 BHK,4203.0,6.0,0.0,247.74,6,24774000.0,5894.361170592434
Super built-up  Area,Ready To Move,Yelahanka,3 BHK,1348.0,3.0,1.0,66.76,3,6676000.000000001,4952.522255192879
Super built-up  Area,Ready To Move,Cv Raman Nagar,3 Bedroom,2103.0,3.0,3.0,156.72,3,15672000.0,7452.211126961483
Super built-up  Area,Ready To Move,Singasandra Extension,2 BHK,1325.5,2.0,1.0,128.69,2,12869000.0,9708.789136175028
Carpet  Area,Ready To Move,Thanisandra Phase 1,3 BHK,2006.0,3.0,1.0,65.87,3,6587000.0,3283.6490528414756
Built-up  Area,Ready To Move,Koramangala,4 BHK,2438.58,4.0,3.0,306.8,4,30680000.0,12581.092275012508
Super built-up  Area,Ready To Move,Devanahalli Extension,3 BHK,1855.0,3.0,0.0,174.86,3,17486000.0,9426.415094339623
Super built-up  Area,Ready To Move,Kr Puram,2 Bedroom,1284.0,3.0,2.0,58.57,2,5857000.0,4561.526479750779
Carpet  Area,Ready To Move,Jp Nagar,3 BHK,1758.0,2.0,1.0,115.49,3,11549000.0,6569.397042093287
Super built-up  Area,Ready To Move,Koramangala,2 BHK,1322.74,2.0,1.0,156.34,2,15634000.0,11819.40517410829
Built-up  Area,Ready To Move,Whitefield Hope Farm Extension,2 BHK,1324.48,1.0,2.0,61.85,2,6185000.0,4669.757187726504
Super built-up  Area,18-Nov,Electronic City,2 BHK,1464.39,2.0,0.0,62.26,2,6226000.0,4251.5996421718255
Super built-up  Area,Ready To Move,Chandapura Main Road,2 BHK,1077.0,2.0,1.0,92.01,2,9201000.0,8543.175487465182
Super built-up  Area,Ready To Move,Btm Layout,5 BHK,3085.27,5.0,2.0,222.89,5,22289000.0,7224.327206370917
Super built-up  Area,19-May,Uttarahalli,3 BHK,1850.0,4.0,2.0,71.11,3,7111000.0,3843.7837837837837
Super built-up  Area,19-Aug,Jp Nagar,1 BHK,780.38275,1.0,0.0,53.7,1,5370000.0,6881.238725484386
Super built-up  Area,Ready To Move,Banashankari,1 BHK,673.5,1.0,1.0,31.09,1,3109000.0,4616.184112843355
Plot  Area,Ready To Move,Yelenahalli Extension,2 BHK,849.0,2.0,2.0,39.25,2,3925000.0,4623.085983510012
Super built-up  Area,Ready To Move,Kalyan Nagar Block,2 BHK,1104.5,2.0,2.0,99.98,2,9998000.0,9052.059755545495
Plot  Area,Ready To Move,Talaghattapura Main Road,2 Bedroom,1391.5,3.0,2.0,72.38,2,7238000.0,5201.581027667984
Carpet  Area,Ready To Move,Koramangala,1 BHK,570.6360000000001,1.0,3.0,62.45,1,6245000.0,10943.92922984179
Super built-up  Area,Ready To Move,Cv Raman Nagar,1 BHK,749.0,1.0,2.0,51.37,1,5137000.0,6858.477970627503
Built-up  Area,Ready To Move,Bannerghatta Road,2 BHK,834.0,1.0,2.0,39.38,2,3938000.0000000005,4721.822541966428
Built-up  Area,Ready To Move,Kengeri,2 BHK,873.9225,1.0,3.0,35.3,2,3529999.9999999995,4039.25977417906
Super built-up  Area,Ready To Move,Rt Nagar,3 Bedroom,2055.9049,4.0,1.0,114.19,3,11419000.0,5554.245237705304
Super built-up  Area,Ready To Move,Btm Layout,3 BHK,1831.0,4.0,2.0,107.51,3,10751000.0,5871.654833424358
Super built-up  Area,Ready To Move,Rt Nagar,3 BHK,1512.0,3.0,3.0,95.39,3,9539000.0,6308.862433862434
Super built-up  Area,Ready To Move,Vijayanagar,2 BHK,1427.49,2.0,2.0,88.62,2,8862000.0,6208.099531345229
Super built-up  Area,18-Dec,Vasanthapura Phase 1,5 BHK,2893.5,5.0,2.0,319.46,5,31945999.999999996,11040.608259892862
Super built-up  Area,Ready To Move,Sarjapur Road,1 BHK,757.348004,1.0,1.0,48.97,1,4897000.0,6465.9838992590785
Super built-up  Area,Ready To Move,Hsr Layout,4 BHK,1808.0,5.0,2.0,138.72,4,13872000.0,7672.566371681416
Super built-up  Area,19-Mar,Kengeri,3 BHK,1457.0,3.0,3.0,65.4,3,6540000.000000001,4488.675360329445
Super built-up  Area,Ready To Move,Mahadevapura Colony,2 BHK,1415.0,2.0,2.0,54.14,2,5414000.0,3826.1484098939927
Super built-up  Area,Ready To Move,Vasanthapura Extension,2 BHK,1226.0,1.0,0.0,131.24,2,13124000.0,10704.730831973899
Plot  Area,19-Mar,Electronic City,1 BHK,699.8,1.0,0.0,25.8,1,2580000.0,3686.7676478994
Super built-up  Area,Ready To Move,Kengeri,5 BHK,2881.0,5.0,1.0,117.1,5,11710000.0,4064.56091634849
Carpet  Area,19-Mar,Marathahalli,2 Bedroom,910.23,2.0,2.0,55.56,2,5556000.0,6103.951748459181
Super built-up  Area,Ready To Move,Vijayanagar,3 BHK,1581.228,3.0,1.0,102.68,3,10268000.0,6493.687184896801
Super built-up  Area,Ready To Move,Gunjur Gardens,3 Bedroom,2104.4925000000003,3.0,1.0,67.91,3,6791000.0,3226.9062493689094
Built-up  Area,Ready To Move,Pattandur Agrahara Phase 2,4 BHK,2752.4474999999998,4.0,1.0,135.87,4,13587000.0,4936.333935524656
Plot  Area,18-Dec,Cv Raman Nagar,2 BHK,1427.5,1.0,3.0,94.57,2,9457000.0,6624.868651488617
Super built-up  Area,Ready To Move,Marathahalli,2 Bedroom,1148.938686,1.0,0.0,57.04,2,5704000.0,4964.581721813483
Carpet  Area,18-Jun,Sompura Main Road,5 BHK,3213.56,4.0,2.0,200.39,5,20039000.0,6235.76345237058
Super built-up  Area,Ready To Move,Basavanagudi,3 Bedroom,1335.0,3.0,0.0,122.68,3,12268000.0,9189.513108614232
Built-up  Area,Ready To Move,Domlur,3 BHK,1708.73,2.0,0.0,188.29,3,18829000.0,11019.295031982818
Carpet  Area,Ready To Move,Chandapura Main Road,2 BHK,1423.14,1.0,1.0,132.33,2,13233000.000000002,9298.452717230912
Plot  Area,Ready To Move,Btm Layout,1 BHK,673.55,1.0,2.0,39.59,1,3959000.0000000005,5877.811595278748
Super built-up  Area,Ready To Move,Yelahanka,3 BHK,2060.61,4.0,3.0,82.05,3,8205000.0,3981.830622970868
Carpet  Area,18-Jun,Indiranagar,2 BHK,1066.99,2.0,2.0,119.25,2,11925000.0,11176.299684158239
Built-up  Area,Ready To Move,Banashankari,3 BHK,2048.0,3.0,1.0,113.94,3,11394000.0,5563.4765625
Super built-up  Area,Ready To Move,Thanisandra Phase 2,4 BHK,2133.0,3.0,3.0,87.01,4,8701000.0,4079.231129864041
Super built-up  Area,18-Nov,Malleshwaram,4 BHK,2768.88,4.0,1.0,288.29,4,28829000.000000004,10411.79104908844
Super built-up  Area,Ready To Move,Rt Nagar,3 BHK,1484.0,4.0,0.0,87.04,3,8704000.0,5865.229110512129
Built-up  Area,Ready To Move,Nagavara Enclave,1 BHK,706.01,2.0,0.0,26.69,1,2669000.0,3780.3997110522514
Super built-up  Area,Ready To Move,Uttarahalli,3 BHK,1494.1080000000002,3.0,3.0,60.61,3,6061000.0,4056.600995376505
Plot  Area,Ready To Move,Koramangala,4 Bedroom,1865.5,4.0,2.0,250.88,4,25088000.0,13448.405253283303
Super built-up  Area,18-Nov,Jayanagar,2 BHK,1308.5,3.0,3.0,136.66,2,13666000.0,10444.019870080245
Super built-up  Area,Ready To Move,Jp Nagar,3 BHK,1796.0,2.0,3.0,102.58,3,10258000.0,5711.581291759466
Built-up  Area,18-Jun,Banashankari,4 BHK,2399.0,5.0,1.0,148.27,4,14827000.000000002,6180.491871613173
Built-up  Area,Ready To Move,Electronic City,2 BHK,972.0,2.0,1.0,41.89,2,4189000.0,4309.6707818930045
Super built-up  Area,Ready To Move,Kengeri,2 BHK,1419.5,2.0,2.0,56.8,2,5680000.0,4001.408946812258
Plot  Area,Ready To Move,Yelahanka,3 Bedroom,1764.56,2.0,0.0,69.09,3,6909000.0,3915.423675023802
Super built-up  Area,Ready To Move,Jp Nagar,1 BHK,668.0,2.0,2.0,43.94,1,4394000.0,6577.8443113772455
Built-up  Area,Ready To Move,Banashankari,3 BHK,1708.0,3.0,2.0,107.22,3,10722000.0,6277.51756440281
Carpet  Area,19-Aug,Kengeri,3 BHK,1929.429075,4.0,0.0,91.14,3,9114000.0,4723.677132314387
Built-up  Area,19-May,Bellandur,3 BHK,1798.0,3.0,3.0,121.67,3,12167000.0,6766.963292547275
Plot  Area,Ready To Move,Electronic City,2 BHK,1012.0,2.0,2.0,45.69,2,4569000.0,4514.822134387352
Plot  Area,18-Jun,Electronic City,1 BHK,696.0,1.0,0.0,33.43,1,3343000.0,4803.16091954023
Super built-up  Area,18-Dec,Ramamurthy Nagar Extension,6 BHK,3432.5280000000002,7.0,2.0,128.95,6,12894999.999999998,3756.706427449389
Super built-up  Area,Ready To Move,Singasandra Main Road,2 BHK,1250.0,2.0,2.0,88.78,2,8878000.0,7102.4
Super built-up  Area,Ready To Move,Marathahalli,1 BHK,542.79,1.0,0.0,35.52,1,3552000.0000000005,6543.967280163601
Built-up  Area,Ready To Move,Dodballapur Road Phase 1,2 Bedroom,1404.0,3.0,3.0,58.04,2,5804000.0,4133.9031339031335
Super built-up  Area,18-Jun,Kaggadasapura Block,3 BHK,1753.29,4.0,1.0,91.5,3,9150000.0,5218.760159471622
Built-up  Area,19-Aug,Yelahanka,3 BHK,1358.0,3.0,2.0,55.26,3,5526000.0,4069.219440353461
Super built-up  Area,18-Nov,Kr Puram,2 BHK,1375.23,1.0,2.0,69.47,2,6947000.0,5051.518655061335
Super built-up  Area,18-Dec,Sarjapur Road,1 Bedroom,486.0,1.0,2.0,24.29,1,2429000.0,4997.942386831276
Plot  Area,Ready To Move,Koramangala,5 BHK,2613.6,4.0,0.0,314.98,5,31498000.0,12051.576369758188
Carpet  Area,Ready To Move,Yeshwanthpur,3 BHK,1848.84,3.0,1.0,138.5,3,13850000.0,7491.183661106424
Super built-up  Area,Ready To Move,Koramangala,2 Bedroom,1426.5900000000001,1.0,0.0,171.42,2,17142000.0,12016.066283935817
Super built-up  Area,Ready To Move,Bellandur,2 Bedroom,1134.0,1.0,1.0,77.61,2,7761000.0,6843.915343915344
Plot  Area,Ready To Move,Cv Raman Nagar,2 Bedroom,1370.0,1.0,2.0,115.11,2,11511000.0,8402.189781021898
Super built-up  Area,Ready To Move,Haralur Road Block,2 BHK,1253.18,3.0,0.0,126.61,2,12661000.0,10103.097719401841
Built-up  Area,19-Mar,Kanakapura Road,3 BHK,1896.57,3.0,2.0,79.64,3,7964000.0,4199.15953537175
Carpet  Area,18-Nov,Banashankari,3 Bedroom,1966.0,3.0,0.0,140.61,3,14061000.000000002,7152.08545269583
Super built-up  Area,Ready To Move,Domlur,1 BHK,692.19,1.0,0.0,88.5,1,8850000.0,12785.506869501147
Plot  Area,Ready To Move,Btm Layout,3 BHK,1742.4,2.0,3.0,111.2,3,11120000.0,6382.001836547291
Super built-up  Area,Ready To Move,Marathahalli,3 BHK,1247.0,2.0,0.0,83.42,3,8342000.0,6689.6551724137935
Super built-up  Area,18-Jun,Jayanagar,2 BHK,1073.0,1.0,2.0,102.79,2,10279000.0,9579.68313140727
Super built-up  Area,19-Aug,Jayanagar,3 BHK,1323.0,3.0,2.0,107.81,3,10781000.0,8148.904006046863
Super built-up  Area,Ready To Move,Attibele Phase 1,1 BHK,609.0,1.0,1.0,51.88,1,5188000.0,8518.883415435139
Built-up  Area,Ready To Move,Vijayanagar,3 Bedroom,1987.0,3.0,2.0,127.8,3,12780000.0,6431.806743834927
Built-up  Area,Ready To Move,Horamavu Nagar,2 Bedroom,1087.0,2.0,1.0,50.72,2,5072000.0,4666.053357865685
Super built-up  Area,18-Jun,Ambalipura Phase 2,4 BHK,2010.8,5.0,1.0,179.89,4,17989000.0,8946.190570917048
Super built-up  Area,Ready To Move,Bellandur,4 BHK,2515.0,4.0,3.0,181.05,4,18105000.0,7198.807157057654
Plot  Area,Ready To Move,Sathanur Extension,3 BHK,1756.0125,4.0,0.0,68.72,3,6872000.0,3913.411778105224
Super built-up  Area,Ready To Move,Btm Layout,5 BHK,2589.5,6.0,3.0,170.16,5,17016000.0,6571.152732187681
Super built-up  Area,18-Nov,Btm Layout,3 BHK,1936.0,3.0,0.0,143.17,3,14316999.999999998,7395.144628099172
Super built-up  Area,Ready To Move,Bellandur,4 BHK,2218.45,4.0,2.0,113.95,4,11395000.0,5136.469156392977
Super built-up  Area,Ready To Move,Kr Puram,2 BHK,846.0,3.0,1.0,34.6,2,3460000.0,4089.8345153664304
Super built-up  Area,Ready To Move,Indiranagar,2 BHK,954.01,2.0,2.0,115.77,2,11577000.0,12135.09292355426
Super built-up  Area,19-Aug,Yelahanka,3 BHK,1681.0,3.0,2.0,91.86,3,9186000.0,5464.604402141583
Super built-up  Area,Ready To Move,Frazer Town,3 BHK,2067.0,4.0,1.0,215.56,3,21556000.0,10428.64054184809
Super built-up  Area,Ready To Move,Hennur,3 Bedroom,1854.0224999999998,2.0,2.0,108.41,3,10841000.0,5847.286103593673
Plot  Area,Ready To Move,Marathahalli,2 Bedroom,1070.0,2.0,2.0,68.64,2,6864000.0,6414.953271028037
Super built-up  Area,Ready To Move,Whitefield,3 BHK,1420.0,2.0,0.0,82.52,3,8252000.0,5811.267605633803
Super built-up  Area,Ready To Move,Vishveshwarya Layout Enclave,2 BHK,1249.6275,2.0,3.0,120.88,2,12088000.0,9673.28263822619
Plot  Area,Ready To Move,Domlur,3 BHK,1932.11,2.0,1.0,240.88,3,24088000.0,12467.199072516576
Carpet  Area,Ready To Move,Bannerghatta Road,3 BHK,1243.0,2.0,1.0,62.97,3,6297000.0,5065.969428801287
Carpet  Area,Ready To Move,Kaggadasapura Block,1 Bedroom,502.0,1.0,3.0,39.3,1,3929999.9999999995,7828.685258964142
Carpet  Area,Ready To Move,Marathahalli,3 BHK,1731.5,2.0,1.0,89.86,3,8986000.0,5189.719896043893
Super built-up  Area,Ready To Move,Jalahalli Block,3 Bedroom,2124.0,3.0,3.0,140.66,3,14066000.0,6622.41054613936
Super built-up  Area,Ready To Move,Kengeri,4 BHK,2474.208,4.0,1.0,97.98,4,9798000.0,3960.055096418733
Built-up  Area,Ready To Move,Kalyan Nagar Block,1 BHK,343.0,1.0,1.0,33.24,1,3324000.0,9690.962099125365
Built-up  Area,Ready To Move,Hebbal,1 BHK,405.5,1.0,2.0,31.72,1,3172000.0,7822.441430332922
Carpet  Area,19-May,Dodballapur Road Phase 2,3 BHK,1670.62,3.0,0.0,141.99,3,14199000.0,8499.239803186842
Plot  Area,Ready To Move,Domlur,3 BHK,2120.0,3.0,1.0,185.8,3,18580000.0,8764.150943396226
Super built-up  Area,19-May,Jp Nagar,2 BHK,1017.0,1.0,3.0,77.03,2,7703000.0,7574.237954768928
Super built-up  Area,Ready To Move,Hennur,3 BHK,1595.56,2.0,2.0,105.41,3,10541000.0,6606.457920730026
Super built-up  Area,Ready To Move,Kengeri,3 Bedroom,1445.5,4.0,1.0,60.64,3,6064000.0,4195.088204773435
Plot  Area,19-Aug,Yeshwanthpur,2 Bedroom,1152.0,1.0,0.0,74.28,2,7428000.0,6447.916666666667
Super built-up  Area,18-Nov,Devanahalli Extension,2 BHK,1050.21,2.0,2.0,105.32,2,10532000.0,10028.470496376915
Built-up  Area,Ready To Move,Electronic City,4 BHK,2580.0,3.0,2.0,101.21,4,10121000.0,3922.8682170542634
Super built-up  Area,Ready To Move,Bellandur,2 BHK,1313.0,3.0,1.0,83.52,2,8352000.0,6361.005331302361
Super built-up  Area,Ready To Move,Vidyaranyapura Extension,4 Bedroom,1859.0,5.0,3.0,103.42,4,10342000.0,5563.206024744486
Super built-up  Area,Ready To Move,Electronic City,2 BHK,1201.6,2.0,3.0,56.65,2,5665000.0,4714.547270306259
Carpet  Area,Ready To Move,Yelahanka,2 BHK,1044.5,2.0,2.0,44.09,2,4409000.0,4221.15844901867
Carpet  Area,18-Nov,Banashankari,1 BHK,497.0,2.0,0.0,32.12,1,3211999.9999999995,6462.776659959758
Built-up  Area,Ready To Move,Cv Raman Nagar,3 BHK,1732.5,3.0,1.0,129.46,3,12946000.0,7472.438672438672
Plot  Area,Ready To Move,Vijayanagar,3 BHK,1947.0,4.0,2.0,127.17,3,12717000.0,6531.587057010785
Super built-up  Area,Ready To Move,Cv Raman Nagar,3 BHK,1448.5,4.0,2.0,94.35,3,9435000.0,6513.634794615119
Super built-up  Area,Ready To Move,Sathanur Enclave,5 BHK,2591.82,4.0,0.0,151.38,5,15138000.0,5840.683380790332
Super built-up  Area,Ready To Move,Sarjapur Road,2 BHK,961.0,1.0,2.0,54.1,2,5410000.0,5629.55254942768
Super built-up  Area,Ready To Move,Basavanagudi,4 BHK,2327.0,4.0,2.0,222.17,4,22217000.0,9547.486033519554
Super built-up  Area,Ready To Move,Bellandur,5 Bedroom,3049.2000000000003,5.0,2.0,220.51,5,22051000.0,7231.7329135510945
Built-up  Area,Ready To Move,Devanahalli Gardens,3 Bedroom,1841.0,3.0,0.0,79.52,3,7952000.0,4319.391634980989
Super built-up  Area,Ready To Move,Varthur,2 BHK,1306.8,1.0,1.0,49.91,2,4991000.0,3819.2531374349555
Super built-up  Area,Ready To Move,Kengeri,2 BHK,754.45,2.0,3.0,26.89,2,2689000.0,3564.1858307376233
Built-up  Area,18-Nov,Koramangala,3 BHK,1463.0,4.0,2.0,159.54,3,15954000.0,10904.98974709501
Super built-up  Area,Ready To Move,Hsr Layout,4 Bedroom,1829.0,4.0,0.0,151.48,4,15147999.999999998,8282.121377802077
Super built-up  Area,Ready To Move,Jayanagar,3 BHK,1842.0,3.0,0.0,187.59,3,18759000.0,10184.039087947882
Super built-up  Area,18-Dec,Whitefield,2 BHK,887.0,2.0,1.0,44.6,2,4460000.0,5028.184892897407
Super built-up  Area,19-Mar,Yeshwanthpur,3 BHK,2104.4925000000003,2.0,1.0,145.5,3,14550000.0,6913.780875911888
Super built-up  Area,18-Nov,Attibele Phase 1,2 BHK,1316.0,2.0,3.0,117.74,2,11774000.0,8946.808510638299
Built-up  Area,Ready To Move,Bellandur,1 BHK,466.14,2.0,2.0,25.28,1,2528000.0,5423.263397262625
Plot  Area,Ready To Move,Hennur,2 Bedroom,1319.0,1.0,0.0,83.76,2,8376000.000000001,6350.265352539804
Built-up  Area,Ready To Move,Sompura Colony,5 BHK,3284.0,5.0,2.0,109.55,5,10955000.0,3335.8708891595616
Super built-up  Area,Ready To Move,Electronic City,1 BHK,750.0,1.0,2.0,28.18,1,2818000.0,3757.3333333333335
Carpet  Area,19-Aug,Yelahanka,2 BHK,871.2,2.0,2.0,41.23,2,4122999.9999999995,4732.552800734618
Super built-up  Area,Ready To Move,Yeshwanthpur,4 BHK,2681.0,3.0,2.0,182.05,4,18205000.0,6790.376725102574
Built-up  Area,Ready To Move,Pattandur Agrahara Layout,3 BHK,1858.93,3.0,0.0,84.12,3,8412000.0,4525.183842317892
Super built-up  Area,Ready To Move,Dodballapur Road Phase 2,2 BHK,1257.0,3.0,0.0,117.33,2,11733000.0,9334.128878281623
Plot  Area,Ready To Move,Sompura Colony,2 BHK,972.0,3.0,0.0,38.74,2,3874000.0,3985.59670781893
Super built-up  Area,18-Dec,Malleshwaram,1 BHK,461.66,2.0,0.0,41.27,1,4127000.0000000005,8939.47927045878
Built-up  Area,19-May,Whitefield,3 BHK,1501.0,2.0,0.0,79.0,3,7900000.0,5263.1578947368425
Super built-up  Area,Ready To Move,Bellandur,3 BHK,1441.0,3.0,0.0,92.69,3,9269000.0,6432.3386537127
Plot  Area,Ready To Move,Other,2 BHK,1167.5,2.0,2.0,61.45,2,6145000.0,5263.383297644539
Super built-up  Area,Ready To Move,Bannerghatta Road,2 BHK,1160.0,2.0,0.0,58.74,2,5874000.0,5063.793103448276
Super built-up  Area,Ready To Move,Marathahalli,5 BHK,3575.0,4.0,0.0,241.78,5,24178000.0,6763.076923076923
Super built-up  Area,Ready To Move,Kr Puram,2 Bedroom,1231.5,2.0,2.0,67.1,2,6709999.999999999,5448.639870077141
Plot  Area,18-Nov,Kumaraswamy Layout Stage 2,2 BHK,1021.0,1.0,2.0,80.44,2,8044000.0,7878.550440744369
Super built-up  Area,Ready To Move,Yelahanka,3 BHK,1711.9080000000001,4.0,1.0,75.18,3,7518000.000000001,4391.59113690689
Plot  Area,Ready To Move,Hebbal,1 BHK,424.0,1.0,1.0,28.06,1,2806000.0,6617.924528301887
Carpet  Area,Ready To Move,Pattandur Agrahara Layout,3 BHK,1311.15,3.0,0.0,51.89,3,5189000.0,3957.594478129886
Carpet  Area,Ready To Move,Hebbal,5 BHK,3254.0,5.0,0.0,215.58,5,21558000.0,6625.076828518746
Built-up  Area,Ready To Move,Horamavu Nagar,3 Bedroom,2178.0,3.0,1.0,85.77,3,8577000.0,3938.0165289256197
Plot  Area,Ready To Move,Hennur,1 BHK,771.5,1.0,1.0,46.32,1,4632000.0,6003.888528839922
Built-up  Area,18-Dec,Talaghattapura Main Road,2 Bedroom,1481.0,2.0,0.0,75.39,2,7539000.0,5090.479405806887
Built-up  Area,18-Nov,Rt Nagar,2 Bedroom,955.3,2.0,3.0,60.77,2,6077000.0,6361.352454726264
Carpet  Area,Ready To Move,Koramangala,3 Bedroom,1712.0,3.0,3.0,216.76,3,21676000.0,12661.214953271028
Plot  Area,Ready To Move,Rajarajeshwari Nagar Gardens,3 BHK,2195.0,2.0,1.0,111.76,3,11176000.0,5091.571753986333
Super built-up  Area,18-Jun,Other,2 BHK,1014.0,3.0,1.0,54.99,2,5499000.0,5423.076923076923
Super built-up  Area,Ready To Move,Devanahalli Extension,2 BHK,1233.49,3.0,2.0,129.68,2,12968000.0,10513.259126543386
Built-up  Area,19-Mar,Jp Nagar,2 BHK,1176.84,2.0,0.0,88.54,2,8854000.0,7523.537609190715
Carpet  Area,Ready To Move,Uttarahalli,3 BHK,1941.0,4.0,3.0,87.69,3,8769000.0,4517.774343122102
Super built-up  Area,Ready To Move,Ambalipura Phase 2,2 BHK,1084.0,1.0,2.0,124.07,2,12407000.0,11445.571955719557
Plot  Area,18-Dec,Yelahanka,3 BHK,1466.0,3.0,2.0,64.76,3,6476000.000000001,4417.462482946795
Super built-up  Area,Ready To Move,Doddakannelli Enclave,1 BHK,650.6775,1.0,2.0,66.47,1,6647000.0,10215.506145517556
Super built-up  Area,19-Aug,Btm Layout,3 BHK,2088.07,3.0,0.0,146.15,3,14615000.0,6999.286422390053
Built-up  Area,Ready To Move,Kr Puram,3 BHK,2090.0,3.0,2.0,83.41,3,8341000.0,3990.909090909091
Super built-up  Area,19-Aug,Kaggadasapura Phase 2,2 Bedroom,1420.0,2.0,1.0,67.8,2,6780000.0,4774.647887323944
Super built-up  Area,18-Dec,Banashankari,1 Bedroom,689.77,1.0,2.0,45.91,1,4591000.0,6655.841802339911
Built-up  Area,Ready To Move,Electronic City,2 BHK,996.0,1.0,1.0,42.8,2,4280000.0,4297.18875502008
Built-up  Area,Ready To Move,Whitefield,2 BHK,1238.56,2.0,0.0,81.4,2,8140000.000000001,6572.148301253069
Super built-up  Area,Ready To Move,Mahadevapura Stage 2,1 BHK,664.0,1.0,3.0,70.02,1,7002000.0,10545.180722891566
Built-up  Area,Ready To Move,Bannerghatta Road,2 BHK,1284.0,3.0,2.0,63.95,2,6395000.0,4980.529595015576
Super built-up  Area,Ready To Move,Koramangala,4 BHK,2440.28,4.0,1.0,315.5,4,31550000.0,12928.844230989886
Super built-up  Area,Ready To Move,Cv Raman Nagar,2 Bedroom,1294.0,2.0,2.0,87.25,2,8725000.0,6742.658423493045
Super built-up  Area,Ready To Move,Banashankari,2 BHK,820.48,1.0,2.0,59.03,2,5903000.0,7194.56903276131
Plot  Area,Ready To Move,Indiranagar,2 BHK,1164.98,2.0,2.0,132.29,2,13229000.0,11355.559752098749
Carpet  Area,19-Mar,Kengeri,3 BHK,1407.0,4.0,2.0,59.7,3,5970000.0,4243.070362473348
Built-up  Area,Ready To Move,Ambalipura Phase 2,2 BHK,1116.0,2.0,0.0,124.13,2,12413000.0,11122.759856630824
Super built-up  Area,18-Jun,Yeshwanthpur,1 BHK,714.0,1.0,1.0,45.64,1,4564000.0,6392.156862745098
Plot  Area,Ready To Move,Varthur,2 BHK,1394.0,1.0,2.0,48.05,2,4805000.0,3446.9153515064563
Built-up  Area,Ready To Move,Kr Puram,3 BHK,1553.0,3.0,0.0,69.65,3,6965000.000000001,4484.8679974243405
Carpet  Area,Ready To Move,Sarjapur Road,2 BHK,1266.99,1.0,1.0,77.42,2,7742000.0,6110.545466025777
Carpet  Area,Ready To Move,Marathahalli,3 BHK,1516.0,3.0,1.0,118.24,3,11824000.0,7799.472295514512
Super built-up  Area,Ready To Move,Frazer Town,4 Bedroom,2520.0,3.0,1.0,260.8,4,26080000.0,10349.20634920635
Super built-up  Area,19-May,Bellandur,4 Bedroom,1887.0,4.0,3.0,137.22,4,13722000.0,7271.8600953895075
Carpet  Area,Ready To Move,Marathahalli,5 BHK,3213.0,6.0,1.0,172.98,5,17298000.0,5383.75350140056
Super built-up  Area,Ready To Move,Ambalipura Extension,3 Bedroom,1944.79,3.0,2.0,110.11,3,11011000.0,5661.79381835571
Super built-up  Area,Ready To Move,Cv Raman Nagar,1 Bedroom,688.0,1.0,2.0,48.46,1,4846000.0,7043.604651162791
Super built-up  Area,Ready To Move,Jp Nagar,2 BHK,1502.5,2.0,1.0,98.7,2,9870000.0,6569.051580698835
Super built-up  Area,Ready To Move,Kanakapura Road,2 BHK,974.16,2.0,0.0,39.55,2,3954999.9999999995,4059.9080233226573
Super built-up  Area,18-Nov,Electronic City,2 BHK,1172.5,2.0,3.0,44.15,2,4415000.0,3765.45842217484
Super built-up  Area,Ready To Move,Marathahalli,4 BHK,2820.0,4.0,3.0,176.11,4,17611000.0,6245.035460992908
Built-up  Area,Ready To Move,Banashankari,2 BHK,1489.752,3.0,0.0,85.23,2,8523000.0,5721.086462713257
Built-up  Area,Ready To Move,Domlur,4 BHK,2832.5,5.0,1.0,333.78,4,33377999.999999996,11783.936451897616
Built-up  Area,Ready To Move,Sarjapur Road,2 BHK,900.0,2.0,1.0,46.39,2,4639000.0,5154.444444444444
Built-up  Area,Ready To Move,Btm Layout,1 BHK,665.36,1.0,2.0,42.94,1,4294000.0,6453.649152338584
Super built-up  Area,Ready To Move,Harlur Nagar,3 BHK,1509.0,3.0,3.0,146.45,3,14644999.999999998,9705.102717031144
Super built-up  Area,Ready To Move,Uttarahalli,2 BHK,971.07,2.0,3.0,42.05,2,4205000.0,4330.274851452521
Plot  Area,18-Nov,Sarjapur Road,2 BHK,858.0,3.0,1.0,43.45,2,4345000.0,5064.102564102564
Built-up  Area,Ready To Move,Electronic City,2 Bedroom,1016.0,2.0,0.0,33.31,2,3331000.0,3278.5433070866143
Super built-up  Area,Ready To Move,Nagavara Phase 1,2 BHK,1355.35,2.0,0.0,88.91,2,8891000.0,6559.929169587192
Super built-up  Area,Ready To Move,Yelahanka,3 BHK,1919.0,2.0,0.0,95.24,3,9524000.0,4963.001563314227
Super built-up  Area,Ready To Move,Yeshwanthpur,3 BHK,1687.95,4.0,0.0,121.86,3,12186000.0,7219.40815782458
Built-up  Area,Ready To Move,Sathanur Extension,1 BHK,731.5,1.0,1.0,34.95,1,3495000.0000000005,4777.853725222147
Super built-up  Area,Ready To Move,Vijayanagar,4 BHK,2597.0,4.0,1.0,152.68,4,15268000.0,5879.091259145168
Super built-up  Area,Ready To Move,Whitefield,2 BHK,1105.61,2.0,0.0,58.3,2,5830000.0,5273.107153517063
Super built-up  Area,18-Dec,Vidyaranyapura Extension,2 BHK,1071.576,2.0,2.0,62.42,2,6242000.0,5825.065137703718
Plot  Area,Ready To Move,Frazer Town,2 BHK,903.38,1.0,2.0,86.91,2,8691000.0,9620.536208461555
Super built-up  Area,Ready To Move,Hsr Layout,2 BHK,1185.01,2.0,1.0,85.96,2,8596000.0,7253.947224074059
Super built-up  Area,Ready To Move,Malleshwaram,3 Bedroom,1728.0,2.0,3.0,179.82,3,17982000.0,10406.25
Plot  Area,Ready To Move,Subramanyapura Enclave,2 BHK,1361.0,2.0,3.0,53.13,2,5313000.0,3903.7472446730344
Super built-up  Area,Ready To Move,Hsr Layout,2 BHK,986.07,1.0,0.0,68.16,2,6816000.0,6912.288174267546
Carpet  Area,Ready To Move,Banashankari,2 BHK,1404.81,2.0,3.0,101.78,2,10178000.0,7245.1078793573515
Super built-up  Area,19-May,Jp Nagar,1 BHK,397.403188,1.0,3.0,25.6,1,2560000.0,6441.820491887951
Plot  Area,Ready To Move,Hsr Layout,4 BHK,2482.9199999999996,3.0,0.0,192.06,4,19206000.0,7735.247208931421
Built-up  Area,Ready To Move,Bellandur,3 BHK,1600.83,2.0,2.0,113.87,3,11387000.0,7113.185035262958
Carpet  Area,Ready To Move,Mahadevapura Stage 2,5 BHK,2178.0,4.0,3.0,213.41,5,21341000.0,9798.43893480257
Built-up  Area,Ready To Move,Varthur,4 BHK,1958.0,4.0,0.0,90.03,4,9003000.0,4598.05924412666
Built-up  Area,Ready To Move,Nallurhalli Main Road,2 BHK,1279.61,2.0,2.0,83.57,2,8356999.999999999,6530.896132415345
Built-up  Area,Ready To Move,Horamavu Nagar,2 BHK,915.43,3.0,2.0,42.05,2,4205000.0,4593.46973553412
Super built-up  Area,Ready To Move,Malleshwaram,3 BHK,2001.88,3.0,3.0,199.56,3,19956000.0,9968.629488281016
Super built-up  Area,18-Dec,Uttarahalli,3 BHK,1470.92,3.0,1.0,56.28,3,5628000.0,3826.176814510646
Super built-up  Area,Ready To Move,Whitefield,4 BHK,2945.0,4.0,0.0,141.48,4,14147999.999999998,4804.074702886247
Super built-up  Area,Ready To Move,Varthur,3 Bedroom,2122.27,3.0,3.0,97.01,3,9701000.0,4571.048924029459
Super built-up  Area,19-Aug,Electronic City,1 BHK,432.5,1.0,2.0,14.79,1,1479000.0,3419.6531791907514
Super built-up  Area,Ready To Move,Btm Layout,2 BHK,944.0,2.0,1.0,65.67,2,6567000.0,6956.567796610169
Plot  Area,Ready To Move,Electronic City,4 Bedroom,2164.0,4.0,3.0,88.2,4,8820000.0,4075.785582255083
Super built-up  Area,18-Jun,Btm Layout,1 BHK,651.0,1.0,2.0,45.19,1,4519000.0,6941.628264208909
Super built-up  Area,Ready To Move,Banashankari,3 BHK,1475.0,3.0,2.0,89.71,3,8971000.0,6082.033898305085
Super built-up  Area,19-May,Electronic City,1 BHK,499.0,1.0,1.0,20.32,1,2032000.0,4072.1442885771544
Super built-up  Area,18-Jun,Hennur,4 Bedroom,2901.0,4.0,3.0,181.26,4,18126000.0,6248.1902792140645
Super built-up  Area,Ready To Move,Hsr Layout,1 BHK,454.0,1.0,0.0,33.7,1,3370000.0000000005,7422.907488986785
Built-up  Area,Ready To Move,Sathanur Gardens,3 BHK,2172.0,2.0,3.0,121.03,3,12103000.0,5572.283609576427
Super built-up  Area,19-May,Koramangala,3 BHK,1219.68,3.0,2.0,163.06,3,16306000.0,13369.08041453496
Super built-up  Area,19-Mar,Malleshwaram,3 BHK,1769.0,3.0,1.0,168.12,3,16812000.0,9503.674392312041
Super built-up  Area,Ready To Move,Thanisandra Phase 2,4 BHK,2640.0,3.0,3.0,117.06,4,11706000.0,4434.090909090909
Super built-up  Area,Ready To Move,Kaggadasapura Phase 2,3 BHK,1552.5,3.0,1.0,76.71,3,7670999.999999999,4941.062801932367
Built-up  Area,Ready To Move,Rt Nagar,3 BHK,1374.0,4.0,0.0,83.26,3,8326000.000000001,6059.679767103348
Built-up  Area,19-Aug,Subramanyapura Main Road,3 BHK,1592.6625,3.0,1.0,103.14,3,10314000.0,6475.948294130113
Super built-up  Area,Ready To Move,Thanisandra Phase 1,3 BHK,1495.5,3.0,0.0,56.17,3,5617000.0,3755.9344700768975
Super built-up  Area,Ready To Move,Vijayanagar,3 BHK,2075.15,3.0,3.0,147.45,3,14744999.999999998,7105.510445028069
Plot  Area,Ready To Move,Horamavu Nagar,1 Bedroom,389.868458,1.0,0.0,15.98,1,1598000.0,4098.818376325278
Built-up  Area,Ready To Move,Jalahalli Block,2 BHK,1021.5,2.0,1.0,70.73,2,7073000.0,6924.131179637788
Super built-up  Area,19-Mar,Hennur,3 BHK,1627.0,4.0,2.0,88.88,3,8888000.0,5462.814996926859
Super built-up  Area,Ready To Move,Chikkabanavara Enclave,1 Bedroom,621.5,1.0,2.0,63.7,1,6370000.0,10249.396621078036
Built-up  Area,Ready To Move,Attibele Phase 2,2 BHK,1181.0,2.0,1.0,130.28,2,13028000.0,11031.329381879763
Plot  Area,Ready To Move,Hennur,2 Bedroom,1155.0,2.0,2.0,68.53,2,6853000.0,5933.333333333333
Plot  Area,Ready To Move,Ambalipura Extension,3 BHK,1772.5,3.0,1.0,88.84,3,8884000.0,5012.12976022567
Super built-up  Area,Ready To Move,Varthur,2 BHK,893.0,2.0,1.0,32.69,2,3269000.0,3660.694288913774
Super built-up  Area,Ready To Move,Rajaji Nagar,1 BHK,642.45,1.0,0.0,57.22,1,5722000.0,8906.529691026539
Built-up  Area,Ready To Move,Akshaya Nagar Extension,2 BHK,1181.0,1.0,2.0,60.85,2,6085000.0,5152.413209144793
Built-up  Area,18-Nov,Whitefield,2 Bedroom,1024.0,1.0,1.0,50.64,2,5064000.0,4945.3125
Carpet  Area,Ready To Move,Ambalipura Phase 2,2 BHK,1080.0,2.0,0.0,100.66,2,10066000.0,9320.37037037037
Super built-up  Area,Ready To Move,Koramangala,3 BHK,2107.0,3.0,2.0,218.36,3,21836000.0,10363.550071191266
Built-up  Area,Ready To Move,Electronic City,4 BHK,2389.0,4.0,1.0,111.28,4,11128000.0,4658.015906236919
Super built-up  Area,19-Mar,Koramangala,2 BHK,824.0,2.0,2.0,107.57,2,10757000.0,13054.611650485436
Super built-up  Area,Ready To Move,Hennur,4 BHK,2377.55,4.0,1.0,123.08,4,12308000.0,5176.757586591239
Built-up  Area,19-Aug,Kanakapura Road,3 BHK,1460.0,4.0,1.0,58.82,3,5882000.0,4028.7671232876714
Super built-up  Area,Ready To Move,Ramamurthy Nagar Cross,3 Bedroom,1659.0,4.0,2.0,102.76,3,10276000.0,6194.0928270042195
Built-up  Area,Ready To Move,Bannerghatta Road,2 BHK,883.0,2.0,1.0,38.86,2,3886000.0,4400.906002265006
Super built-up  Area,18-Jun,Malleshwaram,4 Bedroom,2203.37,3.0,1.0,238.16,4,23816000.0,10808.897280075522
Built-up  Area,Ready To Move,Attibele Phase 1,3 BHK,1411.5,3.0,1.0,133.53,3,13353000.0,9460.148777895856
Super built-up  Area,Ready To Move,Bellandur,2 BHK,987.0,2.0,0.0,57.08,2,5708000.0,5783.181357649442
Super built-up  Area,18-Jun,Nagarbhavi Gardens,3 BHK,2206.0,3.0,2.0,226.0,3,22600000.0,10244.786944696283
Built-up  Area,Ready To Move,Electronic City,3 BHK,1618.0,2.0,0.0,72.5,3,7250000.0,4480.840543881335
Super built-up  Area,19-Mar,Uttarahalli,2 BHK,1244.51,1.0,2.0,54.48,2,5448000.0,4377.626535744992
Super built-up  Area,Ready To Move,Kengeri,4 BHK,2025.5,4.0,0.0,80.17,4,8017000.0,3958.0350530733153
Carpet  Area,Ready To Move,Gottigere Layout,2 BHK,1306.8,2.0,1.0,135.42,2,13541999.999999998,10362.718089990816
Super built-up  Area,Ready To Move,Subramanyapura Gardens,3 BHK,1550.0,4.0,1.0,116.53,3,11653000.0,7518.064516129032
Super built-up  Area,Ready To Move,Sompura Main Road,3 BHK,1908.87,3.0,2.0,116.53,3,11653000.0,6104.658777182312
Carpet  Area,Ready To Move,Banashankari,2 BHK,1260.5,2.0,0.0,75.97,2,7597000.0,6026.9734232447445
Super built-up  Area,Ready To Move,Attibele Phase 1,3 BHK,1604.5,4.0,1.0,123.15,3,12315000.0,7675.288251791835
Plot  Area,Ready To Move,Banashankari,4 BHK,2407.0,4.0,2.0,132.13,4,13213000.0,5489.405899459909
Super built-up  Area,18-Nov,Attibele Phase 1,3 BHK,1882.97,3.0,0.0,157.93,3,15793000.0,8387.281794186843
Built-up  Area,Ready To Move,Kanakapura Road,2 BHK,1109.0,2.0,3.0,41.1,2,4110000.0,3706.0414788097387
Super built-up  Area,Ready To Move,Indiranagar,4 BHK,2422.308056,3.0,3.0,317.14,4,31714000.0,13092.47183546501
Built-up  Area,Ready To Move,Vijayanagar,4 BHK,2242.0,4.0,2.0,132.68,4,13268000.0,5917.93041926851
Super built-up  Area,Ready To Move,Subramanyapura Gardens,4 BHK,2037.5,4.0,0.0,154.96,4,15496000.0,7605.398773006135
Plot  Area,Ready To Move,Jayanagar,2 BHK,1462.0,3.0,1.0,141.49,2,14149000.0,9677.838577291383
Plot  Area,Ready To Move,Varthur,3 BHK,1312.5,3.0,1.0,63.09,3,6309000.0,4806.857142857143
Built-up  Area,Ready To Move,Whitefield,3 BHK,1906.77,2.0,2.0,123.99,3,12399000.0,6502.619613272707
Carpet  Area,Ready To Move,Jayanagar,3 BHK,1913.0,4.0,1.0,197.03,3,19703000.0,10299.529534762154
Plot  Area,Ready To Move,Koramangala,2 BHK,1013.0,2.0,2.0,138.57,2,13857000.0,13679.170779861797
Super built-up  Area,Ready To Move,Btm Layout,3 BHK,1770.0,3.0,0.0,122.79,3,12279000.0,6937.28813559322
Built-up  Area,Ready To Move,Indiranagar,2 BHK,962.0,2.0,1.0,110.39,2,11039000.0,11475.051975051974
Built-up  Area,18-Jun,Harlur Colony,1 BHK,593.0,1.0,2.0,51.36,1,5136000.0,8661.045531197302
Carpet  Area,18-Dec,Uttarahalli,2 BHK,1160.0,2.0,3.0,46.01,2,4601000.0,3966.3793103448274
Built-up  Area,Ready To Move,Btm Layout,2 Bedroom,1365.53,1.0,1.0,74.34,2,7434000.0,5444.040043060204
Super built-up  Area,Ready To Move,Nallurhalli Main Road,1 BHK,635.5,1.0,2.0,50.26,1,5026000.0,7908.733280881196
Carpet  Area,18-Dec,Kaggadasapura Phase 2,2 BHK,1146.5,2.0,1.0,57.66,2,5766000.0,5029.219363279546
Built-up  Area,Ready To Move,Mahadevapura Stage 2,2 Bedroom,826.0,1.0,0.0,85.46,2,8546000.0,10346.246973365618
Carpet  Area,18-Dec,Hebbal,2 BHK,1227.0,2.0,1.0,78.48,2,7848000.0,6396.088019559902
Super built-up  Area,19-Mar,Sonnenahalli Main Road,3 BHK,1704.0,4.0,1.0,142.71,3,14271000.0,8375.0
Super built-up  Area,19-May,Uttarahalli,3 BHK,1818.0,3.0,0.0,64.44,3,6444000.0,3544.5544554455446
Built-up  Area,Ready To Move,Sathanur Extension,3 BHK,2003.76,3.0,2.0,94.23,3,9423000.0,4702.659001077974
Super built-up  Area,18-Dec,Cv Raman Nagar,4 BHK,2315.0,4.0,3.0,153.54,4,15354000.0,6632.397408207344
Built-up  Area,18-Dec,Banashankari,4 BHK,2743.0,4.0,0.0,173.72,4,17372000.0,6333.2118118847975
Plot  Area,18-Nov,Hsr Layout,1 Bedroom,622.0,1.0,3.0,47.47,1,4747000.0,7631.832797427653
Carpet  Area,Ready To Move,Bellandur,3 BHK,1607.11,3.0,0.0,103.56,3,10356000.0,6443.865074574858
Super built-up  Area,Ready To Move,Whitefield Hope Farm Enclave,2 BHK,1063.15,2.0,2.0,52.25,2,5225000.0,4914.640455250905
Built-up  Area,Ready To Move,Jp Nagar,1 BHK,767.0,1.0,1.0,47.02,1,4702000.0,6130.378096479792
Carpet  Area,Ready To Move,Jalahalli Gardens,3 BHK,1420.0,2.0,0.0,138.81,3,13881000.0,9775.352112676057
Super built-up  Area,Ready To Move,Btm Layout,1 Bedroom,622.0,1.0,0.0,49.13,1,4913000.0,7898.713826366559
Super built-up  Area,Ready To Move,Singasandra Main Road,3 BHK,1946.0,3.0,1.0,118.71,3,11871000.0,6100.205549845838
Plot  Area,19-May,Sathanur Gardens,3 BHK,1716.2640000000001,4.0,3.0,105.74,3,10574000.0,6161.05680711126
Carpet  Area,Ready To Move,Kengeri,1 BHK,573.3,1.0,2.0,27.14,1,2714000.0,4733.996162567591
Built-up  Area,18-Nov,Kaggadasapura Block,2 BHK,1140.0,1.0,0.0,66.27,2,6627000.0,5813.1578947368425
Carpet  Area,Ready To Move,Sarjapur Road,1 BHK,601.0,1.0,2.0,32.3,1,3229999.9999999995,5374.376039933443
Built-up  Area,19-Mar,Jalahalli Block,2 BHK,1323.0,2.0,1.0,75.69,2,7569000.0,5721.088435374149
Super built-up  Area,Ready To Move,Yelahanka,1 BHK,417.0,1.0,2.0,19.14,1,1914000.0,4589.928057553957
Built-up  Area,19-Aug,Ramamurthy Nagar Extension,3 BHK,2078.75,3.0,0.0,74.61,3,7461000.0,3589.176187612748
Super built-up  Area,Ready To Move,Cv Raman Nagar,4 Bedroom,1976.0,4.0,0.0,147.42,4,14741999.999999998,7460.526315789472
Super built-up  Area,Ready To Move,Kaggadasapura Block,3 BHK,1307.5,3.0,1.0,76.12,3,7612000.0,5821.7973231357555
Built-up  Area,Ready To Move,Nagarbhavi Gardens,2 BHK,1372.5,3.0,2.0,145.45,2,14544999.999999998,10597.449908925317
Built-up  Area,Ready To Move,Rajaji Nagar,3 BHK,1742.4,3.0,3.0,151.22,3,15122000.0,8678.833792470155
Built-up  Area,18-Jun,Frazer Town,2 BHK,1155.98,2.0,0.0,120.09,2,12009000.0,10388.588037855327
Super built-up  Area,19-May,Yelenahalli Extension,1 BHK,458.32,1.0,0.0,23.0,1,2300000.0,5018.3278058998085
Super built-up  Area,Ready To Move,Yelahanka,2 BHK,1068.0,3.0,0.0,43.42,2,4342000.0,4065.543071161049
Super built-up  Area,Ready To Move,Kanakapura Road,2 BHK,1136.46,2.0,2.0,49.51,2,4951000.0,4356.510567903842
Plot  Area,Ready To Move,Yelahanka,2 BHK,1048.56,2.0,1.0,47.09,2,4709000.0,4490.920881971466
Built-up  Area,Ready To Move,Frazer Town,2 BHK,1291.0,2.0,0.0,134.97,2,13497000.0,10454.68628969791
Built-up  Area,Ready To Move,Whitefield,3 BHK,1614.2620829999998,4.0,0.0,105.55,3,10555000.0,6538.591292675491
Carpet  Area,19-Aug,Dodballapur Road Phase 1,3 BHK,1524.0,2.0,1.0,59.13,3,5913000.0,3879.9212598425197
Super built-up  Area,Ready To Move,Nagavara Phase 1,3 BHK,1973.0,2.0,1.0,141.3,3,14130000.000000002,7161.6827166751145
Plot  Area,Ready To Move,Anekal Phase 1,3 BHK,1534.0,3.0,2.0,157.19,3,15719000.0,10247.066492829204
Super built-up  Area,Ready To Move,Kaggadasapura Cross,2 BHK,1413.0,2.0,0.0,84.71,2,8471000.0,5995.046001415428
Super built-up  Area,18-Nov,Whitefield,3 BHK,1294.0,3.0,1.0,78.41,3,7841000.0,6059.505409582689
Super built-up  Area,Ready To Move,Kanakapura Road,3 BHK,2062.0,2.0,0.0,100.54,3,10054000.0,4875.848690591659
Built-up  Area,Ready To Move,Kengeri,3 BHK,2049.0,4.0,0.0,80.95,3,8095000.0,3950.70766227428
Built-up  Area,Ready To Move,Yelahanka,2 BHK,1213.0,2.0,2.0,54.0,2,5400000.0,4451.772464962902
Super built-up  Area,18-Nov,Attibele Phase 2,2 BHK,1306.0,1.0,3.0,104.9,2,10490000.0,8032.159264931087
Built-up  Area,Ready To Move,Vidyaranyapura Township,3 BHK,1764.66,3.0,3.0,118.43,3,11843000.0,6711.207824736776
Super built-up  Area,18-Nov,Sarjapur Road,3 BHK,1839.23,4.0,2.0,112.61,3,11261000.0,6122.670900322418
Super built-up  Area,Ready To Move,Frazer Town,1 BHK,585.0,1.0,0.0,56.1,1,5610000.0,9589.74358974359
Plot  Area,18-Nov,Kalyan Nagar Block,2 Bedroom,1349.0,2.0,2.0,131.67,2,13166999.999999998,9760.563380281688
Super built-up  Area,Ready To Move,Btm Layout,2 BHK,1314.0,1.0,2.0,106.68,2,10668000.0,8118.721461187215
Super built-up  Area,Ready To Move,Electronic City,2 BHK,1014.0,2.0,1.0,36.34,2,3634000.0000000005,3583.8264299802768
Built-up  Area,Ready To Move,Hebbal,2 Bedroom,970.99,2.0,0.0,71.94,2,7194000.0,7408.9331507018605
Super built-up  Area,Ready To Move,Cv Raman Nagar,2 Bedroom,1071.0,2.0,2.0,78.51,2,7851000.000000001,7330.532212885155
Built-up  Area,Ready To Move,Indiranagar,4 Bedroom,2561.8725,3.0,0.0,319.94,4,31994000.0,12488.521579430671
Built-up  Area,18-Dec,Yeshwanthpur,2 BHK,974.348228,2.0,0.0,61.62,2,6162000.0,6324.227645642109
Super built-up  Area,Ready To Move,Btm Layout,4 BHK,2224.0,5.0,2.0,128.61,4,12861000.000000002,5782.823741007195
Built-up  Area,18-Dec,Yeshwanthpur,3 BHK,1410.0,4.0,0.0,76.97,3,7697000.0,5458.86524822695
Super built-up  Area,Ready To Move,Jp Nagar,3 Bedroom,2065.0,2.0,2.0,127.25,3,12725000.0,6162.227602905569
Carpet  Area,Ready To Move,Marathahalli,4 BHK,2360.5,4.0,3.0,153.03,4,15303000.0,6482.948527854268
Built-up  Area,Ready To Move,Jayanagar,2 BHK,1306.8,1.0,0.0,112.73,2,11273000.0,8626.415671870218
Plot  Area,Ready To Move,Electronic City,1 BHK,729.0,1.0,1.0,32.27,1,3227000.0000000005,4426.611796982168
Super built-up  Area,Ready To Move,Hsr Layout,3 BHK,1687.0,2.0,2.0,140.76,3,14076000.0,8343.80557202134
Super built-up  Area,Ready To Move,Basavanagudi,2 BHK,855.0,2.0,2.0,73.62,2,7362000.0,8610.526315789473
Super built-up  Area,18-Dec,Malleshwaram,3 BHK,1443.0,3.0,3.0,132.18,3,13218000.0,9160.08316008316
Super built-up  Area,18-Nov,Yelahanka,3 BHK,1742.4,3.0,2.0,84.42,3,8442000.0,4845.0413223140495
Built-up  Area,18-Nov,Banashankari,2 BHK,1075.0,1.0,0.0,74.5,2,7450000.0,6930.232558139535
Super built-up  Area,Ready To Move,Rt Nagar,3 BHK,1776.93,4.0,3.0,109.33,3,10933000.0,6152.746591030597
Super built-up  Area,18-Dec,Electronic City,3 BHK,2199.0,4.0,0.0,78.72,3,7872000.0,3579.8090040927696
Super built-up  Area,Ready To Move,Varthur,2 BHK,1121.67,2.0,1.0,59.5,2,5950000.0,5304.59047669992
Built-up  Area,Ready To Move,Basavanagudi,3 Bedroom,1667.26,2.0,2.0,132.76,3,13276000.0,7962.765255569017
Built-up  Area,Ready To Move,Indiranagar,4 BHK,2744.0,4.0,1.0,369.52,4,36952000.0,13466.472303206998
Built-up  Area,Ready To Move,Uttarahalli,3 BHK,2058.21,4.0,0.0,88.39,3,8839000.0,4294.508334912375
Carpet  Area,Ready To Move,Marathahalli,2 BHK,993.0,2.0,2.0,49.89,2,4989000.0,5024.16918429003
Super built-up  Area,Ready To Move,Yelahanka,2 BHK,1275.0,3.0,1.0,55.55,2,5555000.0,4356.862745098039
Super built-up  Area,Ready To Move,Vijayanagar,4 Bedroom,2794.0,5.0,3.0,151.07,4,15107000.0,5406.943450250536
Built-up  Area,Ready To Move,Nagarbhavi Main Road,2 BHK,1185.0,1.0,3.0,62.68,2,6268000.0,5289.451476793249
Built-up  Area,Ready To Move,Basavanagudi,3 BHK,2086.36,4.0,1.0,180.63,3,18063000.0,8657.66214843076
Built-up  Area,18-Dec,Sarjapur Road,2 BHK,1387.0,3.0,0.0,72.23,2,7223000.0,5207.642393655371
Super built-up  Area,18-Jun,Yeshwanthpur,3 BHK,1810.5,2.0,3.0,120.68,3,12068000.0,6665.5619994476665
Built-up  Area,Ready To Move,Indiranagar,2 BHK,1233.0,2.0,2.0,152.05,2,15205000.000000002,12331.711273317114
Built-up  Area,Ready To Move,Varthur,2 BHK,905.0,2.0,2.0,39.71,2,3971000.0,4387.845303867403
Built-up  Area,19-Aug,Sarjapur Road,2 BHK,1040.34,2.0,0.0,65.33,2,6533000.0,6279.6777976430785
Plot  Area,Ready To Move,Sarjapur Road,1 BHK,557.0,1.0,0.0,34.86,1,3486000.0,6258.527827648115
Plot  Area,Ready To Move,Koramangala,3 Bedroom,1966.0,3.0,2.0,213.86,3,21386000.0,10877.924720244151
Super built-up  Area,Ready To Move,Domlur,3 Bedroom,1281.0,3.0,1.0,142.68,3,14268000.0,11138.173302107729
Super built-up  Area,18-Jun,Whitefield,1 BHK,664.0,1.0,3.0,41.76,1,4176000.0,6289.156626506024
Super built-up  Area,Ready To Move,Btm Layout,2 Bedroom,1247.83,1.0,3.0,80.48,2,8048000.0,6449.5964995231725
Super built-up  Area,Ready To Move,Rt Nagar,2 Bedroom,1404.0,3.0,1.0,93.54,2,9354000.0,6662.393162393162
Built-up  Area,19-Aug,Pattandur Agrahara Colony,3 BHK,1862.0,4.0,1.0,109.67,3,10967000.0,5889.903329752954
Built-up  Area,19-Aug,Bannerghatta Road,5 BHK,3579.1043889999996,5.0,1.0,160.0,5,16000000.0,4470.392104006331
Super built-up  Area,Ready To Move,Doddakannelli Enclave,3 BHK,1548.0,2.0,1.0,154.51,3,15451000.0,9981.2661498708
Super built-up  Area,Ready To Move,Kengeri,3 BHK,1369.4175,2.0,1.0,48.54,3,4854000.0,3544.5727836835736
Built-up  Area,Ready To Move,Kaggadasapura Phase 2,4 BHK,2152.0,4.0,1.0,104.44,4,10444000.0,4853.159851301115
Super built-up  Area,Ready To Move,Domlur,3 BHK,1981.98,2.0,2.0,206.92,3,20692000.0,10440.064985519532
Super built-up  Area,Ready To Move,Akshaya Nagar Layout,2 BHK,914.0,3.0,1.0,86.28,2,8628000.0,9439.824945295404
Super built-up  Area,Ready To Move,Yelenahalli Extension,3 Bedroom,1572.0,3.0,2.0,74.83,3,7483000.0,4760.178117048346
Super built-up  Area,Ready To Move,Banashankari,2 BHK,952.0,2.0,2.0,57.32,2,5732000.0,6021.008403361345
Built-up  Area,Ready To Move,Yelahanka,2 Bedroom,1359.91,3.0,3.0,60.78,2,6078000.0,4469.413417064365
Super built-up  Area,Ready To Move,Varthur,2 BHK,852.51,2.0,1.0,31.21,2,3121000.0,3660.954123705294
Super built-up  Area,19-Mar,Jp Nagar,2 Bedroom,1282.0,1.0,0.0,93.64,2,9364000.0,7304.21216848674
Carpet  Area,Ready To Move,Sonnenahalli Stage 2,2 BHK,1383.0,2.0,0.0,129.57,2,12957000.0,9368.763557483731
Super built-up  Area,Ready To Move,Btm Layout,4 BHK,2749.0,4.0,1.0,173.59,4,17359000.0,6314.659876318661
Carpet  Area,Ready To Move,Koramangala,3 BHK,1860.012,3.0,2.0,206.85,3,20685000.0,11120.895994219392
Built-up  Area,19-Aug,Electronic City,2 Bedroom,948.0,2.0,2.0,41.12,2,4111999.9999999995,4337.552742616033
Super built-up  Area,Ready To Move,Bellandur,3 Bedroom,2218.8375,3.0,0.0,146.88,3,14688000.0,6619.682604066318
Super built-up  Area,18-Jun,Vijayanagar,2 BHK,1496.0,2.0,0.0,94.69,2,9469000.0,6329.545454545455
Carpet  Area,Ready To Move,Whitefield,3 BHK,2056.0,3.0,2.0,129.79,3,12979000.0,6312.743190661478
Built-up  Area,Ready To Move,Nagarbhavi Gardens,3 BHK,1475.595,3.0,2.0,160.77,3,16077000.000000002,10895.265977453164
Built-up  Area,Ready To Move,Yelenahalli Enclave,3 BHK,1542.0,3.0,0.0,107.06,3,10706000.0,6942.931258106355
Built-up  Area,Ready To Move,Electronic City,4 BHK,2228.0,4.0,3.0,97.46,4,9746000.0,4374.326750448833
Built-up  Area,Ready To Move,Rt Nagar,3 BHK,1694.09,3.0,1.0,97.48,3,9748000.0,5754.121681846891
Built-up  Area,Ready To Move,Chandapura Stage 2,2 Bedroom,1134.0,1.0,0.0,107.74,2,10774000.0,9500.881834215168
Carpet  Area,Ready To Move,Malleshwaram,2 BHK,1155.0,1.0,2.0,140.02,2,14002000.000000002,12122.943722943724
Super built-up  Area,19-Mar,Whitefield,2 BHK,1075.5,1.0,2.0,62.34,2,6234000.0,5796.373779637378
Super built-up  Area,Ready To Move,Kr Puram,2 BHK,1019.0,3.0,2.0,46.26,2,4626000.0,4539.744847890089
Built-up  Area,Ready To Move,Kanakapura Road,4 BHK,2321.0,4.0,2.0,105.45,4,10545000.0,4543.30030159414
Super built-up  Area,Ready To Move,Sarjapur Road,3 BHK,1369.0,4.0,0.0,70.85,3,7084999.999999999,5175.310445580715
Carpet  Area,Ready To Move,Malleshwaram,2 BHK,1346.0,2.0,0.0,131.94,2,13194000.0,9802.377414561664
Super built-up  Area,Ready To Move,Varthur,2 BHK,1155.0,2.0,3.0,41.63,2,4163000.0000000005,3604.329004329005
Super built-up  Area,Ready To Move,Varthur,5 BHK,2613.6,6.0,3.0,112.63,5,11263000.0,4309.381695745332
Super built-up  Area,Ready To Move,Marathahalli,4 BHK,2848.0,4.0,2.0,161.19,4,16119000.0,5659.761235955056
Super built-up  Area,Ready To Move,Basavanagudi,3 BHK,2035.0,3.0,1.0,196.68,3,19668000.0,9664.864864864865
Super built-up  Area,Ready To Move,Nagarbhavi Gardens,2 BHK,867.0,3.0,3.0,90.89,2,9089000.0,10483.27566320646
Built-up  Area,Ready To Move,Koramangala,2 BHK,1311.0,2.0,1.0,174.76,2,17476000.0,13330.2822273074
Carpet  Area,Ready To Move,Kr Puram,1 BHK,683.5,1.0,1.0,30.31,1,3031000.0,4434.528163862473
Super built-up  Area,18-Jun,Bellandur,2 BHK,937.0,2.0,0.0,66.5,2,6650000.0,7097.118463180363
Super built-up  Area,Ready To Move,Indiranagar,4 BHK,2059.0,3.0,1.0,276.92,4,27692000.0,13449.247207382225
Built-up  Area,Ready To Move,Btm Layout,3 Bedroom,1841.61,2.0,0.0,159.51,3,15951000.0,8661.442976525976
Carpet  Area,Ready To Move,Subramanyapura Gardens,2 BHK,1292.5,2.0,1.0,107.82,2,10782000.0,8341.972920696326
Super built-up  Area,Ready To Move,Btm Layout,3 BHK,1933.0,3.0,3.0,105.5,3,10550000.0,5457.83755819969
Carpet  Area,19-Mar,Btm Layout,2 BHK,1071.71,3.0,0.0,72.94,2,7294000.0,6805.945638279012
Super built-up  Area,Ready To Move,Hebbal,3 BHK,1839.0,4.0,2.0,147.75,3,14775000.0,8034.257748776509
Super built-up  Area,Ready To Move,Whitefield,2 BHK,1306.8,3.0,1.0,71.94,2,7194000.0,5505.050505050505
Carpet  Area,18-Dec,Vidyaranyapura Extension,2 BHK,1379.15,2.0,0.0,75.82,2,7581999.999999999,5497.589094732261
Built-up  Area,Ready To Move,Yelahanka,2 BHK,1301.0,3.0,1.0,53.12,2,5312000.0,4083.0130668716374
Super built-up  Area,18-Jun,Singasandra Nagar,3 Bedroom,1980.0,2.0,1.0,153.33,3,15333000.000000002,7743.939393939395
Plot  Area,18-Dec,Electronic City,5 BHK,2722.0,4.0,1.0,103.11,5,10311000.0,3788.0235121234386
Super built-up  Area,Ready To Move,Koramangala,2 BHK,1278.5,2.0,2.0,173.44,2,17344000.0,13565.897536175205
Super built-up  Area,Ready To Move,Singasandra Nagar,3 BHK,1386.0,3.0,0.0,120.46,3,12046000.0,8691.19769119769
Carpet  Area,18-Nov,Yeshwanthpur,2 BHK,978.48,2.0,1.0,74.28,2,7428000.0,7591.3662006377235
Super built-up  Area,Ready To Move,Mahadevapura Nagar,3 Bedroom,1674.0,3.0,2.0,86.93,3,8693000.0,5192.951015531661
Built-up  Area,Ready To Move,Electronic City,1 BHK,658.0,1.0,1.0,24.16,1,2416000.0,3671.7325227963524
Carpet  Area,Ready To Move,Vijayanagar,3 BHK,1984.0,3.0,1.0,119.84,3,11984000.0,6040.322580645161
Super built-up  Area,Ready To Move,Kengeri,4 BHK,1824.0,4.0,2.0,72.83,4,7283000.0,3992.872807017544
Super built-up  Area,18-Nov,Uttarahalli,1 BHK,505.0,2.0,0.0,18.48,1,1848000.0,3659.4059405940593
Super built-up  Area,Ready To Move,Hennur,2 BHK,1054.5,2.0,1.0,61.15,2,6115000.0,5798.95685158843
Super built-up  Area,Ready To Move,Hennur,3 BHK,1992.5,2.0,1.0,121.69,3,12169000.0,6107.402760351318
Built-up  Area,Ready To Move,Indiranagar,2 BHK,1330.67,3.0,0.0,121.05,2,12105000.0,9096.921099897043
Built-up  Area,19-Aug,Basavanagudi,5 BHK,3234.0,5.0,0.0,320.79,5,32079000.000000004,9919.294990723563
Carpet  Area,19-May,Koramangala,4 BHK,2678.9400000000005,3.0,0.0,318.27,4,31827000.0,11880.445250733497
Super built-up  Area,18-Nov,Dodballapur Road Phase 2,3 BHK,1904.0,3.0,3.0,198.68,3,19868000.0,10434.873949579833
Built-up  Area,Ready To Move,Sarjapur Road,3 BHK,1742.4,4.0,0.0,82.94,3,8294000.0,4760.10101010101
Plot  Area,Ready To Move,Yelenahalli Layout,3 Bedroom,1410.0,4.0,3.0,70.13,3,7013000.0,4973.758865248227
Carpet  Area,Ready To Move,Domlur,3 BHK,1949.5,3.0,2.0,204.14,3,20414000.0,10471.402923826623
Super built-up  Area,18-Dec,Cv Raman Nagar,2 Bedroom,872.0,2.0,3.0,65.71,2,6570999.999999999,7535.550458715596
Super built-up  Area,Ready To Move,Jayanagar,2 BHK,1026.0,2.0,2.0,103.82,2,10382000.0,10118.908382066276
Super built-up  Area,Ready To Move,Basavanagudi,1 BHK,435.6,1.0,2.0,41.41,1,4140999.9999999995,9506.427915518823
Super built-up  Area,Ready To Move,Btm Layout,3 BHK,1503.0,3.0,1.0,98.44,3,9844000.0,6549.567531603459
Built-up  Area,Ready To Move,Basavanagudi,2 BHK,938.37,2.0,2.0,88.38,2,8838000.0,9418.459669426771
Built-up  Area,Ready To Move,Btm Layout,2 BHK,1371.05,2.0,0.0,97.35,2,9735000.0,7100.397505561431
Super built-up  Area,Ready To Move,Hebbal,4 Bedroom,2387.0,4.0,2.0,163.34,4,16334000.0,6842.899036447424
Super built-up  Area,18-Jun,Whitefield,2 BHK,993.7125,2.0,1.0,55.82,2,5582000.0,5617.318892536826
Super built-up  Area,Ready To Move,Nagarbhavi Colony,2 BHK,1287.0,2.0,2.0,66.79,2,6679000.000000001,5189.58818958819
Super built-up  Area,Ready To Move,Munnekollal Extension,3 Bedroom,1457.0,3.0,0.0,51.62,3,5162000.0,3542.8963623884692
Super built-up  Area,19-May,Rajaji Nagar,2 BHK,894.23,2.0,3.0,84.73,2,8473000.0,9475.190946400813
Super built-up  Area,Ready To Move,Whitefield,1 BHK,485.0,1.0,0.0,32.54,1,3254000.0,6709.278350515464
Super built-up  Area,Ready To Move,Rajarajeshwari Nagar Gardens,2 Bedroom,1221.0,1.0,1.0,59.84,2,5984000.0,4900.9009009009005
Super built-up  Area,19-Aug,Subramanyapura Main Road,3 BHK,1595.0,4.0,0.0,106.51,3,10651000.0,6677.742946708464
Plot  Area,19-May,Yelahanka,2 BHK,1130.0,3.0,3.0,41.4,2,4140000.0,3663.716814159292
Built-up  Area,Ready To Move,Kr Puram,2 BHK,1283.0,2.0,1.0,65.56,2,6556000.0,5109.898674980514
Super built-up  Area,Ready To Move,Marathahalli,1 BHK,431.11,1.0,1.0,27.02,1,2702000.0,6267.5419266544495
Built-up  Area,Ready To Move,Cv Raman Nagar,2 BHK,1184.0,2.0,3.0,79.81,2,7981000.0,6740.709459459459
Super built-up  Area,Ready To Move,Rt Nagar,2 BHK,1280.0,1.0,0.0,77.73,2,7773000.0,6072.65625
Super built-up  Area,Ready To Move,Vijayanagar,3 BHK,1537.0,3.0,2.0,75.43,3,7543000.000000001,4907.61223162004
Super built-up  Area,Ready To Move,Begur Gardens,1 BHK,653.0,1.0,1.0,63.77,1,6377000.0,9765.696784073507
Plot  Area,19-Mar,Harlur Nagar,3 BHK,1564.8557819999999,3.0,2.0,122.2,3,12220000.0,7809.026327258061
Super built-up  Area,19-Mar,Bannerghatta Road,1 BHK,569.0,2.0,1.0,23.1,1,2310000.0,4059.7539543057997
Built-up  Area,19-Aug,Talaghattapura Main Road,2 Bedroom,871.2,2.0,2.0,57.6,2,5760000.0,6611.570247933884
Super built-up  Area,Ready To Move,Kanakapura Road,1 BHK,491.0,1.0,1.0,21.81,1,2181000.0,4441.955193482689
Super built-up  Area,Ready To Move,Jp Nagar,2 BHK,1056.0,2.0,1.0,64.91,2,6491000.0,6146.780303030303
Super built-up  Area,Ready To Move,Whitefield,3 BHK,1857.2,2.0,0.0,127.88,3,12788000.0,6885.634288175748
Built-up  Area,Ready To Move,Banashankari,2 BHK,1219.68,2.0,3.0,59.11,2,5911000.0,4846.353141807687
Built-up  Area,Ready To Move,Hebbal,3 BHK,1860.61,3.0,0.0,141.17,3,14116999.999999998,7587.2966392742155
Built-up  Area,Ready To Move,Kanakapura Road,2 BHK,1291.0,2.0,0.0,56.39,2,5639000.0,4367.931835786212
Super built-up  Area,Ready To Move,Vijayanagar,2 BHK,1127.0,2.0,2.0,69.89,2,6989000.0,6201.419698314108
Super built-up  Area,Ready To Move,Vijayanagar,3 BHK,2071.0,3.0,3.0,139.92,3,13991999.999999998,6756.156446161274
Super built-up  Area,18-Nov,Btm Layout,2 Bedroom,1255.0,3.0,0.0,89.03,2,8903000.0,7094.02390438247
Built-up  Area,Ready To Move,Horamavu Stage 2,3 BHK,1473.0,2.0,2.0,147.55,3,14755000.000000002,10016.972165648338
Plot  Area,Ready To Move,Haralur Road Block,4 Bedroom,2282.5440000000003,4.0,2.0,221.74,4,22174000.0,9714.599149019688
Super built-up  Area,Ready To Move,Harlur Colony,2 BHK,1424.0,2.0,2.0,157.88,2,15788000.0,11087.078651685393
Super built-up  Area,Ready To Move,Indiranagar,3 BHK,2187.0,3.0,1.0,307.03,3,30702999.999999996,14038.866026520345
Super built-up  Area,Ready To Move,Hebbal,3 BHK,1379.0,2.0,0.0,95.71,3,9571000.0,6940.536620739666
Super built-up  Area,18-Dec,Yelenahalli Township,2 BHK,1056.0,2.0,2.0,46.69,2,4669000.0,4421.401515151515
Super built-up  Area,Ready To Move,Kanakapura Road,2 BHK,755.0,2.0,2.0,29.32,2,2932000.0,3883.4437086092717
Super built-up  Area,Ready To Move,Nallurhalli Township,5 BHK,2151.0,5.0,2.0,87.74,5,8774000.0,4079.0330079033006
Super built-up  Area,Ready To Move,Hsr Layout,4 BHK,2122.0,4.0,2.0,165.99,4,16599000.0,7822.337417530632
Super built-up  Area,19-Mar,Attibele Phase 2,5 BHK,2855.0,5.0,0.0,257.07,5,25707000.0,9004.203152364273
Super built-up  Area,Ready To Move,Electronic City,5 BHK,2191.0,4.0,1.0,98.59,5,9859000.0,4499.771793701506
Super built-up  Area,Ready To Move,Kr Puram,2 BHK,869.077286,2.0,3.0,33.06,2,3306000.0,3804.0345240365655
Super built-up  Area,Ready To Move,Electronic City,2 BHK,1234.96,2.0,2.0,49.32,2,4932000.0,3993.65161624668
Built-up  Area,19-May,Bellandur,5 BHK,2829.0,6.0,2.0,191.25,5,19125000.0,6760.33934252386
Super built-up  Area,Ready To Move,Yelahanka,2 BHK,1153.84,1.0,0.0,53.02,2,5302000.0,4595.091173819594
Built-up  Area,Ready To Move,Indiranagar,2 BHK,907.0,3.0,1.0,89.19,2,8919000.0,9833.517089305402
Carpet  Area,19-May,Anekal Phase 1,3 BHK,1381.58,3.0,0.0,143.71,3,14371000.0,10401.85874144096
Built-up  Area,Ready To Move,Bellandur,4 BHK,2435.0,5.0,0.0,154.85,4,15485000.0,6359.3429158110885
Super built-up  Area,Ready To Move,Vasanthapura Phase 1,2 BHK,1369.0,2.0,2.0,136.82,2,13682000.0,9994.156318480644
Built-up  Area,Ready To Move,Pattandur Agrahara Colony,3 BHK,1938.0,3.0,1.0,100.1,3,10010000.0,5165.118679050567
Super built-up  Area,Ready To Move,Hebbal,2 BHK,1067.22,2.0,0.0,76.83,2,7683000.0,7199.077978298757
Built-up  Area,Ready To Move,Btm Layout,4 BHK,2752.5,4.0,0.0,192.86,4,19286000.0,7006.7211625794735
Super built-up  Area,Ready To Move,Bannerghatta Road,2 BHK,1422.0,2.0,1.0,58.72,2,5872000.0,4129.395218002813
Super built-up  Area,Ready To Move,Bellandur,3 BHK,1564.27,3.0,3.0,104.52,3,10452000.0,6681.710957826974
Built-up  Area,Ready To Move,Frazer Town,4 Bedroom,2340.5,4.0,2.0,197.24,4,19724000.0,8427.259132663961
Carpet  Area,19-Mar,Varthur,5 Bedroom,3239.775,4.0,0.0,136.88,5,13688000.0,4224.984759744118
Super built-up  Area,Ready To Move,Bellandur,3 BHK,1388.31,4.0,0.0,84.25,3,8425000.0,6068.529363038515
Super built-up  Area,18-Nov,Hennur,3 BHK,1519.0,4.0,0.0,89.44,3,8944000.0,5888.08426596445
Carpet  Area,Ready To Move,Hsr Layout,2 BHK,1052.0,2.0,0.0,72.42,2,7242000.0,6884.030418250951
Super built-up  Area,19-Aug,Sarjapur Road,2 BHK,1220.0,3.0,0.0,55.14,2,5514000.0,4519.672131147541
Super built-up  Area,18-Jun,Basavanagudi,1 Bedroom,517.5,1.0,2.0,41.96,1,4196000.0,8108.212560386473
Built-up  Area,Ready To Move,Attibele Phase 1,3 BHK,1601.0,3.0,2.0,128.26,3,12826000.0,8011.242973141786
Carpet  Area,Ready To Move,Koramangala,5 BHK,2534.0,4.0,1.0,285.74,5,28574000.0,11276.243093922652
Super built-up  Area,Ready To Move,Kaggadasapura Layout,3 BHK,1596.0,3.0,2.0,64.59,3,6459000.0,4046.9924812030076
Super built-up  Area,Ready To Move,Kengeri,4 BHK,1900.41,4.0,0.0,74.68,4,7468000.000000001,3929.6783325703404
Super built-up  Area,Ready To Move,Electronic City,1 BHK,673.0,1.0,1.0,27.62,1,2762000.0,4104.011887072808
Super built-up  Area,Ready To Move,Ramamurthy Nagar Extension,2 BHK,1250.0,1.0,2.0,46.82,2,4682000.0,3745.6
Super built-up  Area,Ready To Move,Kanakapura Road,3 BHK,1960.36,4.0,1.0,91.98,3,9198000.0,4691.995347793263
Plot  Area,Ready To Move,Hennur,2 Bedroom,1426.0,2.0,1.0,82.14,2,8214000.0,5760.168302945302
Built-up  Area,Ready To Move,Uttarahalli,2 BHK,936.5,2.0,2.0,30.84,2,3084000.0,3293.1126534970635
Carpet  Area,Ready To Move,Kr Puram,3 BHK,1755.8,3.0,0.0,94.77,3,9477000.0,5397.539583096025
Super built-up  Area,Ready To Move,Kengeri,2 BHK,1095.0,2.0,0.0,43.0,2,4300000.0,3926.9406392694063
Plot  Area,Ready To Move,Sarjapur Road,4 Bedroom,2012.0,4.0,0.0,127.82,4,12782000.0,6352.882703777336
Super built-up  Area,Ready To Move,Kaggadasapura Phase 2,2 BHK,974.0,1.0,1.0,46.52,2,4652000.0,4776.18069815195
Super built-up  Area,19-May,Cv Raman Nagar,3 Bedroom,1426.0,3.0,1.0,94.13,3,9413000.0,6600.981767180926
Super built-up  Area,Ready To Move,Sarjapur Road,5 BHK,2132.0,4.0,0.0,137.49,5,13749000.0,6448.874296435272
Carpet  Area,Ready To Move,Pattandur Agrahara Colony,2 BHK,1322.5,2.0,2.0,79.35,2,7934999.999999999,5999.999999999999
Built-up  Area,Ready To Move,Other,1 BHK,435.6,1.0,1.0,26.66,1,2666000.0,6120.293847566574
Super built-up  Area,Ready To Move,Domlur,2 BHK,964.0,2.0,0.0,93.89,2,9389000.0,9739.626556016598
Built-up  Area,Ready To Move,Yelahanka,6 BHK,4149.0,7.0,2.0,214.92,6,21492000.0,5180.043383947939
Super built-up  Area,Ready To Move,Hebbal,3 BHK,1566.0,3.0,2.0,117.06,3,11706000.0,7475.095785440613
Carpet  Area,19-Mar,Mahadevapura Nagar,3 BHK,1391.64,3.0,1.0,68.04,3,6804000.000000001,4889.195481590066
Super built-up  Area,Ready To Move,Horamavu Block,1 BHK,657.0,1.0,0.0,64.72,1,6472000.0,9850.837138508372
Built-up  Area,Ready To Move,Cv Raman Nagar,3 BHK,2178.0,3.0,2.0,171.27,3,17127000.0,7863.636363636364
Super built-up  Area,Ready To Move,Hebbal,2 BHK,1295.0,3.0,2.0,90.68,2,9068000.0,7002.316602316602
Super built-up  Area,Ready To Move,Yelahanka,2 BHK,1053.0,2.0,1.0,39.34,2,3934000.0000000005,3735.9924026590697
Plot  Area,Ready To Move,Koramangala,2 Bedroom,843.33,2.0,2.0,94.15,2,9415000.0,11164.07574733497
Super built-up  Area,Ready To Move,Electronic City,2 BHK,911.0,2.0,3.0,34.16,2,3415999.9999999995,3749.7255762897908
Super built-up  Area,Ready To Move,Varthur,3 BHK,1687.95,3.0,0.0,74.03,3,7403000.0,4385.793418051482
Super built-up  Area,Ready To Move,Nagavara Enclave,1 BHK,734.0,1.0,1.0,29.79,1,2979000.0,4058.58310626703
Built-up  Area,Ready To Move,Koramangala,2 BHK,1147.0,1.0,3.0,146.6,2,14660000.0,12781.168265039232
Super built-up  Area,19-Mar,Bellandur,2 BHK,1201.0,3.0,0.0,84.66,2,8466000.0,7049.125728559534
Built-up  Area,Ready To Move,Sarjapur Road,2 BHK,1399.0,1.0,2.0,94.8,2,9480000.0,6776.2687634024305
Plot  Area,Ready To Move,Talaghattapura Main Road,4 BHK,2891.2949999999996,4.0,0.0,185.48,4,18548000.0,6415.118484969539
Built-up  Area,Ready To Move,Banashankari,3 BHK,1687.0,3.0,2.0,94.06,3,9406000.0,5575.577949021932
Super built-up  Area,Ready To Move,Kaggadasapura Block,2 Bedroom,893.0,1.0,1.0,59.16,2,5916000.0,6624.860022396417
Built-up  Area,Ready To Move,Basavanagudi,4 Bedroom,2134.0,4.0,1.0,234.57,4,23457000.0,10992.03373945642
Built-up  Area,Ready To Move,Bannerghatta Road,1 BHK,509.0,1.0,1.0,27.05,1,2705000.0,5314.34184675835
Super built-up  Area,18-Dec,Yeshwanthpur,3 BHK,1764.0,3.0,0.0,117.76,3,11776000.0,6675.736961451247
Plot  Area,Ready To Move,Yelahanka,2 BHK,1256.0,2.0,0.0,47.52,2,4752000.0,3783.43949044586
Super built-up  Area,19-Mar,Jp Nagar,3 BHK,1563.24,4.0,0.0,109.3,3,10930000.0,6991.888641539367
Super built-up  Area,18-Dec,Jp Nagar,4 BHK,2049.0,4.0,3.0,157.72,4,15772000.0,7697.413372376769
Super built-up  Area,Ready To Move,Whitefield,2 BHK,1351.18,2.0,0.0,75.57,2,7556999.999999999,5592.889178347814
Carpet  Area,Ready To Move,Kanakapura Road,3 BHK,2003.0,3.0,3.0,89.36,3,8936000.0,4461.308037943086
Super built-up  Area,Ready To Move,Attibele Phase 1,2 BHK,1289.86,2.0,1.0,124.62,2,12462000.0,9661.513652644473
Super built-up  Area,Ready To Move,Btm Layout,3 BHK,2030.0,3.0,3.0,102.98,3,10298000.0,5072.906403940887
Super built-up  Area,Ready To Move,Sarjapur Road,2 BHK,1349.0,2.0,1.0,70.95,2,7095000.0,5259.451445515197
Super built-up  Area,Ready To Move,Banashankari,4 BHK,2774.5,4.0,0.0,170.6,4,17060000.0,6148.855649666607
Built-up  Area,Ready To Move,Vijayanagar,3 Bedroom,1970.63,3.0,2.0,111.79,3,11179000.0,5672.805143532779
Super built-up  Area,Ready To Move,Kanakapura Road,3 Bedroom,1635.0,3.0,2.0,84.71,3,8471000.0,5181.039755351682
Built-up  Area,Ready To Move,Yelenahalli Township,1 BHK,718.5,2.0,1.0,29.49,1,2949000.0,4104.384133611691
Built-up  Area,19-Aug,Cv Raman Nagar,2 Bedroom,1355.0,1.0,2.0,98.47,2,9847000.0,7267.158671586716
Super built-up  Area,Ready To Move,Koramangala,2 BHK,1213.81,2.0,0.0,171.21,2,17121000.0,14105.172967762664
Super built-up  Area,18-Nov,Banashankari,2 BHK,1026.0,2.0,1.0,70.93,2,7093000.000000001,6913.2553606237825
Super built-up  Area,Ready To Move,Sarjapur Road,3 BHK,1361.98,2.0,1.0,73.69,3,7369000.0,5410.505293763491
Plot  Area,Ready To Move,Bannerghatta Road,5 BHK,2931.588,6.0,1.0,149.9,5,14990000.0,5113.26966817984
Super built-up  Area,Ready To Move,Akshaya Nagar Layout,3 Bedroom,2013.0,3.0,2.0,197.85,3,19785000.0,9828.614008941879
Carpet  Area,Ready To Move,Marathahalli,2 Bedroom,1241.82,2.0,3.0,74.33,2,7433000.0,5985.5695672480715
Built-up  Area,Ready To Move,Hsr Layout,3 BHK,1467.9720000000002,3.0,2.0,123.96,3,12396000.0,8444.302752368572
Super built-up  Area,Ready To Move,Jayanagar,2 BHK,1314.46,2.0,2.0,121.22,2,12122000.0,9222.037947141791
Super built-up  Area,Ready To Move,Uttarahalli,3 Bedroom,1281.0,4.0,3.0,56.9,3,5690000.0,4441.842310694769
Super built-up  Area,19-May,Marathahalli,3 BHK,2130.0,3.0,1.0,104.36,3,10436000.0,4899.530516431925
Super built-up  Area,Ready To Move,Banashankari,5 BHK,2736.1125,4.0,3.0,175.53,5,17553000.0,6415.306388169346
Plot  Area,Ready To Move,Banashankari,2 BHK,1361.0,2.0,2.0,77.45,2,7745000.0,5690.668626010287
Built-up  Area,Ready To Move,Electronic City,3 BHK,1630.0,3.0,3.0,74.74,3,7473999.999999999,4585.2760736196315
Plot  Area,Ready To Move,Devanahalli Gardens,1 Bedroom,523.77,2.0,1.0,19.35,1,1935000.0000000002,3694.369666074804
Built-up  Area,Ready To Move,Yelahanka,3 BHK,1915.0,2.0,0.0,82.97,3,8297000.0,4332.637075718016
Plot  Area,Ready To Move,Jp Nagar,3 BHK,1800.0,2.0,2.0,123.35,3,12335000.0,6852.777777777777
Super built-up  Area,18-Jun,Hsr Layout,2 BHK,1424.412,3.0,2.0,115.27,2,11527000.0,8092.46201239529
Built-up  Area,19-Mar,Domlur,1 BHK,604.0,1.0,1.0,70.31,1,7031000.0,11640.728476821192
Plot  Area,Ready To Move,Rt Nagar,1 BHK,611.78,1.0,1.0,33.22,1,3322000.0,5430.056556278401
Super built-up  Area,Ready To Move,Kanakapura Road,3 BHK,2107.0,3.0,1.0,99.76,3,9976000.0,4734.693877551021
Super built-up  Area,18-Jun,Hebbal,2 Bedroom,942.164167,3.0,2.0,72.22,2,7222000.0,7665.3307915498335
Plot  Area,Ready To Move,Jp Nagar,3 BHK,1748.1649989999999,2.0,1.0,115.55,3,11555000.0,6609.787981460439
Built-up  Area,Ready To Move,Cv Raman Nagar,3 BHK,1448.5,3.0,2.0,92.79,3,9279000.0,6405.937176389369
Plot  Area,Ready To Move,Bellandur,3 BHK,1593.0,4.0,2.0,99.35,3,9935000.0,6236.660389202762
Super built-up  Area,Ready To Move,Bellandur,2 BHK,1123.0,2.0,0.0,69.66,2,6966000.0,6203.027604630454
Super built-up  Area,Ready To Move,Kr Puram,2 Bedroom,1276.0,3.0,3.0,58.13,2,5813000.0,4555.64263322884
Carpet  Area,Ready To Move,Malleshwaram,2 BHK,1258.0,1.0,3.0,133.55,2,13355000.000000002,10616.057233704294
Super built-up  Area,Ready To Move,Yelahanka,2 BHK,1288.0,2.0,0.0,51.26,2,5126000.0,3979.813664596273
Super built-up  Area,Ready To Move,Haralur Road Block,2 BHK,787.5,1.0,1.0,77.19,2,7719000.0,9801.904761904761
Super built-up  Area,Ready To Move,Domlur,3 BHK,1679.0,3.0,3.0,207.19,3,20719000.0,12340.083382966051
Built-up  Area,Ready To Move,Pattandur Agrahara Phase 2,4 BHK,2482.92,4.0,0.0,120.99,4,12099000.0,4872.891595379633
Super built-up  Area,Ready To Move,Whitefield,3 BHK,1453.5,4.0,0.0,102.08,3,10208000.0,7023.047815617475
Super built-up  Area,Ready To Move,Yeshwanthpur,3 Bedroom,2119.5,3.0,1.0,148.98,3,14897999.999999998,7029.01627742392
Plot  Area,Ready To Move,Rt Nagar,2 BHK,1146.0,1.0,2.0,67.93,2,6793000.000000001,5927.574171029669
Built-up  Area,18-Dec,Indiranagar,2 BHK,1081.0,2.0,1.0,111.52,2,11152000.0,10316.373728029603
Super built-up  Area,Ready To Move,Electronic City,2 BHK,929.0,2.0,0.0,40.46,2,4046000.0,4355.220667384284
Plot  Area,Ready To Move,Hennur,3 Bedroom,2127.5,3.0,1.0,137.52,3,13752000.000000002,6463.924794359577
Super built-up  Area,Ready To Move,Cv Raman Nagar,4 BHK,1746.0,4.0,2.0,119.32,4,11932000.0,6833.9060710194735
Super built-up  Area,Ready To Move,Nagavara Phase 2,3 Bedroom,1983.0,3.0,1.0,101.22,3,10122000.0,5104.387291981846
Built-up  Area,Ready To Move,Kanakapura Road,2 Bedroom,1409.5,2.0,2.0,60.19,2,6019000.0,4270.308620078042
Super built-up  Area,18-Jun,Whitefield Hope Farm Extension,3 BHK,1498.29,3.0,1.0,65.69,3,6569000.0,4384.331471210513
Super built-up  Area,Ready To Move,Sonnenahalli Main Road,1 Bedroom,476.0,1.0,2.0,43.36,1,4336000.0,9109.24369747899
Super built-up  Area,Ready To Move,Harlur Colony,2 BHK,1356.41,2.0,0.0,130.36,2,13036000.000000002,9610.66344246946
Built-up  Area,Ready To Move,Yelahanka,2 BHK,1217.05,2.0,1.0,44.6,2,4460000.0,3664.598825027731
Super built-up  Area,Ready To Move,Electronic City,2 BHK,1126.0,2.0,0.0,44.48,2,4448000.0,3950.266429840142
Built-up  Area,Ready To Move,Jalahalli Block,2 BHK,1084.99,1.0,3.0,74.98,2,7498000.0,6910.662771085448
Plot  Area,19-May,Btm Layout,2 Bedroom,1405.0,1.0,1.0,99.29,2,9929000.0,7066.903914590747
Super built-up  Area,Ready To Move,Kr Puram,3 BHK,1837.6875,3.0,1.0,73.81,3,7381000.0,4016.4609053497943
Plot  Area,Ready To Move,Varthur,2 BHK,889.75,2.0,0.0,42.23,2,4223000.0,4746.277044113515
Carpet  Area,18-Dec,Uttarahalli,3 Bedroom,1538.2125,3.0,1.0,67.57,3,6756999.999999999,4392.761078199533
Super built-up  Area,Ready To Move,Jalahalli Block,3 BHK,1784.5,3.0,2.0,110.42,3,11042000.0,6187.727654805268
Plot  Area,Ready To Move,Kengeri,2 BHK,1285.0,1.0,0.0,41.61,2,4161000.0,3238.1322957198445
Carpet  Area,Ready To Move,Bellandur,4 BHK,2365.8525,5.0,0.0,126.62,4,12662000.0,5351.982002259228
Built-up  Area,Ready To Move,Rajaji Nagar,1 BHK,640.0,1.0,1.0,52.23,1,5223000.0,8160.9375
Built-up  Area,Ready To Move,Mahadevapura Colony,2 Bedroom,865.0,1.0,0.0,35.34,2,3534000.0000000005,4085.5491329479773
Super built-up  Area,Ready To Move,Electronic City,2 BHK,1155.66,3.0,3.0,53.45,2,5345000.0,4625.062734714362
Built-up  Area,Ready To Move,Yeshwanthpur,3 BHK,1542.0240000000001,3.0,2.0,98.25,3,9825000.0,6371.496163483836
Super built-up  Area,Ready To Move,Electronic City,2 BHK,1080.0,2.0,1.0,45.32,2,4532000.0,4196.2962962962965
Super built-up  Area,19-Mar,Yelahanka,4 Bedroom,2791.0,4.0,1.0,127.1,4,12710000.0,4553.923324973128
Plot  Area,Ready To Move,Domlur,3 BHK,2178.0,3.0,3.0,203.61,3,20361000.0,9348.484848484848
Super built-up  Area,Ready To Move,Varthur,2 BHK,1268.0,1.0,1.0,59.27,2,5927000.0,4674.2902208201895
Super built-up  Area,18-Dec,Electronic City,3 BHK,1929.5,3.0,3.0,64.67,3,6467000.0,3351.6455040165847
Super built-up  Area,18-Dec,Banashankari,1 BHK,509.0,1.0,3.0,28.21,1,2821000.0,5542.239685658154
Plot  Area,Ready To Move,Kumaraswamy Layout Stage 2,2 Bedroom,1142.0,2.0,1.0,108.4,2,10840000.0,9492.119089316988
Super built-up  Area,Ready To Move,Btm Layout,3 BHK,1568.16,4.0,2.0,117.75,3,11775000.0,7508.800122436485
Super built-up  Area,18-Dec,Attibele Phase 2,3 BHK,1828.0,3.0,1.0,158.4,3,15840000.0,8665.207877461708
Super built-up  Area,19-Mar,Jp Nagar,2 BHK,1329.0,2.0,2.0,97.72,2,9772000.0,7352.896914973664
Super built-up  Area,Ready To Move,Whitefield,3 BHK,1619.06,4.0,3.0,102.3,3,10230000.0,6318.481093968106
Super built-up  Area,Ready To Move,Haralur Road Block,2 Bedroom,1372.14,2.0,3.0,145.17,2,14516999.999999998,10579.82421618785
Built-up  Area,Ready To Move,Kr Puram,2 BHK,1150.0,2.0,0.0,47.47,2,4747000.0,4127.826086956522
Super built-up  Area,Ready To Move,Hebbal,3 BHK,2178.0,3.0,0.0,142.96,3,14296000.0,6563.820018365473
Super built-up  Area,Ready To Move,Yeshwanthpur,3 BHK,1577.0,3.0,3.0,83.85,3,8384999.999999999,5317.057704502219
Super built-up  Area,18-Jun,Banashankari,3 BHK,1656.0,4.0,1.0,110.37,3,11037000.0,6664.855072463768
Super built-up  Area,Ready To Move,Sathanur Extension,3 BHK,1916.0,4.0,2.0,84.82,3,8482000.0,4426.931106471816
Built-up  Area,Ready To Move,Indiranagar,3 BHK,1472.5,3.0,0.0,199.56,3,19956000.0,13552.461799660441
Carpet  Area,Ready To Move,Hsr Layout,5 Bedroom,3538.0,5.0,3.0,288.16,5,28816000.000000004,8144.7145279819115
Super built-up  Area,Ready To Move,Indiranagar,1 BHK,628.0,1.0,1.0,73.07,1,7306999.999999999,11635.350318471335
Super built-up  Area,Ready To Move,Kr Puram,3 BHK,1420.5,2.0,2.0,65.28,3,6528000.0,4595.564941921859
Built-up  Area,Ready To Move,Mahadevapura Stage 2,2 BHK,1108.0,2.0,2.0,108.42,2,10842000.0,9785.198555956678
Plot  Area,Ready To Move,Kr Puram,2 Bedroom,1078.0,2.0,2.0,50.5,2,5050000.0,4684.601113172542
Plot  Area,Ready To Move,Kengeri,3 BHK,2004.0,3.0,2.0,86.49,3,8649000.0,4315.868263473054
Built-up  Area,Ready To Move,Banashankari,2 BHK,1197.47,3.0,2.0,81.76,2,8176000.000000001,6827.728460838268
Plot  Area,Ready To Move,Thanisandra Phase 1,3 BHK,1739.17,3.0,0.0,58.03,3,5803000.0,3336.649091233174
Super built-up  Area,19-May,Cv Raman Nagar,3 BHK,1287.38,3.0,0.0,91.22,3,9122000.0,7085.708959281641
Super built-up  Area,Ready To Move,Old Airport Road Gardens,3 Bedroom,1447.0,2.0,1.0,54.35,3,5435000.0,3756.046993780235
Built-up  Area,Ready To Move,Ambalipura Phase 2,3 BHK,1735.5,3.0,0.0,185.11,3,18511000.0,10666.090463843273
Super built-up  Area,Ready To Move,Pattandur Agrahara Colony,3 BHK,1466.0,3.0,2.0,85.74,3,8574000.0,5848.567530695771
Built-up  Area,Ready To Move,Marathahalli,2 BHK,1306.8,2.0,0.0,70.29,2,7029000.000000001,5378.78787878788
Super built-up  Area,Ready To Move,Frazer Town,5 BHK,2377.7,5.0,2.0,255.63,5,25563000.0,10751.146065525509
Super built-up  Area,Ready To Move,Btm Layout,1 Bedroom,471.0,1.0,1.0,34.4,1,3440000.0,7303.609341825902
Plot  Area,Ready To Move,Bellandur,3 Bedroom,1835.0,3.0,0.0,103.3,3,10330000.0,5629.427792915531
Built-up  Area,Ready To Move,Btm Layout,2 BHK,1475.68,3.0,1.0,99.02,2,9902000.0,6710.126856771116
Built-up  Area,19-May,Rajaji Nagar,3 BHK,1457.0,3.0,0.0,126.8,3,12680000.0,8702.814001372684
Built-up  Area,Ready To Move,Ambalipura Phase 2,2 Bedroom,999.0,2.0,2.0,111.26,2,11126000.0,11137.137137137137
Built-up  Area,Ready To Move,Malleshwaram,2 BHK,1420.0,2.0,2.0,141.82,2,14182000.0,9987.323943661971
Super built-up  Area,Ready To Move,Harlur Colony,2 BHK,822.0,2.0,2.0,83.75,2,8375000.0,10188.564476885645
Super built-up  Area,Ready To Move,Thanisandra Phase 2,2 Bedroom,1438.0,3.0,2.0,53.91,2,5391000.0,3748.9568845618915
Super built-up  Area,18-Nov,Vijayanagar,2 BHK,944.55,2.0,2.0,63.05,2,6305000.0,6675.136308294956
Super built-up  Area,Ready To Move,Malleshwaram,3 BHK,1396.92,3.0,2.0,134.99,3,13499000.0,9663.402342295907
Super built-up  Area,19-May,Malleshwaram,2 BHK,1335.0,3.0,1.0,134.94,2,13494000.0,10107.865168539325
Super built-up  Area,19-Aug,Subramanyapura Stage 2,3 BHK,2188.0,2.0,1.0,86.04,3,8604000.0,3932.3583180987202
Super built-up  Area,Ready To Move,Yeshwanthpur,3 BHK,1641.0,2.0,2.0,127.03,3,12703000.0,7741.011578305911
Carpet  Area,Ready To Move,Electronic City,2 Bedroom,943.0,2.0,1.0,45.92,2,4592000.0,4869.565217391304
Super built-up  Area,18-Dec,Malleshwaram,3 BHK,1533.0,4.0,3.0,173.62,3,17362000.0,11325.505544683627
Plot  Area,Ready To Move,Nagavara Phase 1,3 BHK,1350.3600000000001,2.0,1.0,93.19,3,9319000.0,6901.122663586006
Super built-up  Area,19-Aug,Singasandra Main Road,1 BHK,813.0,2.0,1.0,48.37,1,4837000.0,5949.569495694957
Built-up  Area,18-Nov,Sarjapur Road,2 BHK,1361.0,1.0,2.0,64.28,2,6428000.0,4722.997795738428
Super built-up  Area,Ready To Move,Bannerghatta Road,2 BHK,949.68,2.0,2.0,46.44,2,4644000.0,4890.068233510236
Super built-up  Area,18-Nov,Btm Layout,1 BHK,706.0,1.0,1.0,42.44,1,4244000.0,6011.3314447592065
Built-up  Area,19-May,Koramangala,3 BHK,2130.0,3.0,2.0,247.2,3,24720000.0,11605.633802816901
Super built-up  Area,Ready To Move,Yelenahalli Township,6 Bedroom,3127.0,6.0,2.0,129.94,6,12994000.0,4155.4205308602495
Built-up  Area,Ready To Move,Hsr Layout,1 BHK,586.0,1.0,1.0,46.52,1,4652000.0,7938.566552901024
Built-up  Area,Ready To Move,Bellandur,2 Bedroom,1022.0,2.0,0.0,55.35,2,5535000.0,5415.851272015656
Carpet  Area,19-May,Anekal Phase 1,1 BHK,592.122139,2.0,0.0,57.28,1,5728000.0,9673.67984192194
Carpet  Area,Ready To Move,Jalahalli Block,3 BHK,1843.0,2.0,2.0,132.02,3,13202000.000000002,7163.320672816062
Built-up  Area,Ready To Move,Vasanthapura Nagar,3 BHK,1913.0,3.0,0.0,105.93,3,10593000.0,5537.375849451124
Built-up  Area,Ready To Move,Varthur,3 BHK,1573.0,3.0,1.0,53.65,3,5365000.0,3410.680228862047
Built-up  Area,Ready To Move,Malleshwaram,2 Bedroom,1286.5,2.0,2.0,118.54,2,11854000.0,9214.14691022153
Super built-up  Area,Ready To Move,Frazer Town,2 BHK,839.05,2.0,2.0,77.36,2,7736000.0,9219.951135212443
Super built-up  Area,Ready To Move,Btm Layout,2 Bedroom,923.0,2.0,0.0,61.07,2,6107000.0,6616.46803900325
Carpet  Area,Ready To Move,Gunjur Colony,3 BHK,2129.5,3.0,1.0,101.0,3,10100000.0,4742.897393754402
Super built-up  Area,Ready To Move,Sathanur Extension,4 BHK,1878.0,4.0,1.0,84.24,4,8424000.0,4485.623003194888
Built-up  Area,19-Mar,Kumaraswamy Layout Stage 2,2 Bedroom,988.0,2.0,1.0,86.48,2,8648000.0,8753.036437246963
Built-up  Area,19-Mar,Vijayanagar,5 BHK,3430.94,5.0,1.0,241.68,5,24168000.0,7044.1336776510225
Super built-up  Area,Ready To Move,Btm Layout,2 BHK,872.0,3.0,2.0,65.02,2,6502000.0,7456.422018348624
Plot  Area,Ready To Move,Sarjapur Road,3 BHK,1840.4099999999999,2.0,2.0,95.73,3,9573000.0,5201.558348411496
Plot  Area,19-May,Koramangala,3 BHK,2029.5,3.0,0.0,258.98,3,25898000.0,12760.778516876078
Carpet  Area,Ready To Move,Haralur Road Block,2 BHK,891.0,2.0,1.0,88.32,2,8832000.0,9912.457912457912
Built-up  Area,19-Aug,Btm Layout,2 BHK,1176.1200000000001,2.0,2.0,74.91,2,7491000.0,6369.248035914702
Plot  Area,Ready To Move,Electronic City,3 BHK,1596.609287,3.0,2.0,78.11,3,7811000.0,4892.242619154952
Super built-up  Area,19-Aug,Yelahanka,1 BHK,757.9440000000001,1.0,3.0,36.42,1,3642000.0,4805.104334884899
Super built-up  Area,Ready To Move,Old Airport Road Gardens,2 BHK,872.0,2.0,1.0,30.9,2,3090000.0,3543.577981651376
Super built-up  Area,Ready To Move,Varthur,2 BHK,1437.0,3.0,2.0,62.31,2,6231000.0,4336.116910229645
Plot  Area,18-Nov,Jp Nagar,6 BHK,3810.0,6.0,3.0,309.12,6,30912000.0,8113.385826771653
Plot  Area,Ready To Move,Banashankari,2 Bedroom,1521.0,2.0,2.0,89.08,2,8908000.0,5856.673241288626
Built-up  Area,18-Dec,Gunjur Colony,5 Bedroom,3170.33,5.0,0.0,138.66,5,13866000.0,4373.677188179148
Plot  Area,18-Dec,Yelahanka,2 BHK,1330.0,2.0,1.0,59.43,2,5943000.0,4468.421052631579
Built-up  Area,18-Nov,Kengeri,3 BHK,1969.0,3.0,1.0,68.7,3,6870000.0,3489.0807516505843
Super built-up  Area,Ready To Move,Jp Nagar,5 BHK,3286.5,6.0,2.0,225.2,5,22520000.0,6852.274456108322
Super built-up  Area,18-Jun,Ramamurthy Nagar Cross,2 BHK,942.5,1.0,0.0,57.97,2,5797000.0,6150.6631299734745
Built-up  Area,Ready To Move,Hebbal,2 BHK,1429.0,2.0,2.0,114.24,2,11424000.0,7994.401679496151
Super built-up  Area,Ready To Move,Nagavara Phase 2,3 BHK,1484.0,2.0,1.0,75.99,3,7598999.999999999,5120.619946091643
Carpet  Area,Ready To Move,Malleshwaram,2 BHK,1462.0,3.0,1.0,152.84,2,15284000.0,10454.172366621067
Built-up  Area,Ready To Move,Kaggadasapura Block,2 BHK,1293.28,2.0,1.0,74.75,2,7475000.0,5779.877520722504
Super built-up  Area,18-Nov,Koramangala,2 BHK,1306.8,1.0,1.0,192.48,2,19248000.0,14729.10927456382
Built-up  Area,Ready To Move,Btm Layout,3 Bedroom,2009.74,3.0,3.0,138.05,3,13805000.000000002,6869.047737518287
Super built-up  Area,Ready To Move,Hsr Layout,3 BHK,1752.0,3.0,0.0,128.64,3,12863999.999999998,7342.465753424656
Carpet  Area,19-Aug,Yelenahalli Layout,2 BHK,1157.226889,3.0,0.0,71.58,2,7158000.0,6185.47673584173
Super built-up  Area,Ready To Move,Cv Raman Nagar,3 BHK,1753.2900000000002,3.0,3.0,118.78,3,11878000.0,6774.692150186221
Super built-up  Area,Ready To Move,Malleshwaram,4 BHK,2527.0,4.0,2.0,246.76,4,24676000.0,9764.938662445587
Super built-up  Area,18-Dec,Jayanagar,3 BHK,2055.0,3.0,3.0,217.91,3,21791000.0,10603.89294403893
Super built-up  Area,Ready To Move,Bannerghatta Road,5 Bedroom,2945.0,5.0,2.0,146.17,5,14616999.999999998,4963.327674023769
Super built-up  Area,Ready To Move,Koramangala,3 BHK,2079.99,3.0,2.0,249.94,3,24994000.0,12016.40392501887
Super built-up  Area,Ready To Move,Banashankari,2 BHK,980.5,3.0,1.0,62.8,2,6280000.0,6404.895461499235
Super built-up  Area,Ready To Move,Malleshwaram,2 BHK,1201.0,2.0,2.0,124.43,2,12443000.0,10360.532889258951
Super built-up  Area,Ready To Move,Malleshwaram,2 BHK,1393.0,2.0,3.0,120.11,2,12011000.0,8622.397702799713
Built-up  Area,Ready To Move,Devanahalli Nagar,2 BHK,920.2049999999999,2.0,1.0,61.99,2,6199000.0,6736.542400878066
Built-up  Area,19-Aug,Ramamurthy Nagar Cross,3 BHK,2113.707043,3.0,2.0,127.94,3,12794000.0,6052.872862571051
Super built-up  Area,Ready To Move,Whitefield,3 BHK,1436.0,3.0,0.0,77.51,3,7751000.000000001,5397.632311977716
Super built-up  Area,Ready To Move,Yeshwanthpur,2 BHK,1109.0,2.0,1.0,67.81,2,6781000.0,6114.517583408476
Built-up  Area,18-Nov,Yelahanka,1 Bedroom,541.0,1.0,1.0,21.37,1,2137000.0,3950.0924214417746
Super built-up  Area,Ready To Move,Singasandra Extension,2 BHK,1239.04,3.0,0.0,96.71,2,9671000.0,7805.236311983472
Carpet  Area,Ready To Move,Other,3 BHK,1238.5,3.0,2.0,110.78,3,11078000.0,8944.691158659669
Super built-up  Area,Ready To Move,Ambalipura Extension,2 Bedroom,953.0,1.0,1.0,48.26,2,4826000.0,5064.008394543546
Built-up  Area,18-Dec,Other,4 BHK,2354.77,4.0,2.0,153.93,4,15393000.0,6536.944160151522
